Workbook

Sheet Dane
B2: ID | C2: 3
B3: Wyniki pomiaru wyjściowego | F3: Wyniki pomiaru aktualnego | L3: Współrzedne przybliżone
B4: c | C4: l | D4: p | E4: Lobs. [m] | F4: c | G4: l | H4: p | I4: Lobs. [m] | L4: NR | M4: Xo | N4: Yo
B5: 7 | C5: 1 | D5: 0 | E5: 271.7062 | F5: 7 | G5: 1 | H5: 0 | I5: 271.702 | L5: 1 | M5: 240 | N5: 120
B6: 7 | C6: 5 | D6: 0 | E6: 155.7243 | F6: 7 | G6: 5 | H6: 0 | I6: 155.7279 | L6: 2 | M6: 385 | N6: 145
B7: 7 | C7: 6 | D7: 0 | E7: 178.4659 | F7: 7 | G7: 6 | H7: 0 | I7: 178.4685 | L7: 3 | M7: 475 | N7: 245
B8: 7 | C8: 8 | D8: 0 | E8: 148.0717 | F8: 7 | G8: 8 | H8: 0 | I8: 148.0689 | L8: 4 | M8: 435 | N8: 435
B9: 7 | C9: 9 | D9: 0 | E9: 174.5226 | F9: 7 | G9: 9 | H9: 0 | I9: 174.522 | L9: 5 | M9: 295 | N9: 490
B10: 8 | C10: 1 | D10: 0 | E10: 149.9983 | F10: 8 | G10: 1 | H10: 0 | I10: 150.0006 | L10: 6 | M10: 145 | N10: 560
B11: 8 | C11: 9 | D11: 0 | E11: 166.1118 | F11: 8 | G11: 9 | H11: 0 | I11: 166.1145 | L11: 7 | M11: 180 | N11: 385
B12: 8 | C12: 7 | D12: 0 | E12: 148.0732 | F12: 8 | G12: 7 | H12: 0 | I12: 148.0712 | L12: 8 | M12: 150 | N12: 240
B13: 8 | C13: 6 | D13: 0 | E13: 320.0413 | F13: 8 | G13: 6 | H13: 0 | I13: 320.0445 | L13: 9 | M13: 313 | N13: 272
B14: 1 | C14: 3 | D14: 0 | E14: 266.1756 | F14: 1 | G14: 2 | H14: 0 | I14: 147.1241
B15: 1 | C15: 9 | D15: 0 | E15: 168.6215 | F15: 1 | G15: 9 | H15: 0 | I15: 168.6108 | L15: σβ | M15: 3 | N15: cc
B16: 1 | C16: 7 | D16: 0 | E16: 271.7081 | F16: 1 | G16: 7 | H16: 0 | I16: 271.7008 | L16: σd | M16: 0,001+10-6d | N16: m
B17: 3 | C17: 5 | D17: 0 | E17: 304.0138 | F17: 2 | G17: 8 | H17: 0 | I17: 253.4723
B18: 3 | C18: 9 | D18: 0 | E18: 164.2349 | F18: 2 | G18: 9 | H18: 0 | I18: 145.9865
B19: 3 | C19: 4 | D19: 0 | E19: 194.1629 | F19: 2 | G19: 4 | H19: 0 | I19: 294.2725
B20: 4 | C20: 5 | D20: 0 | E20: 150.4167 | F20: 4 | G20: 5 | H20: 0 | I20: 150.4243
B21: 4 | C21: 7 | D21: 0 | E21: 259.8561 | F21: 4 | G21: 7 | H21: 0 | I21: 259.868
B22: 4 | C22: 9 | D22: 0 | E22: 203.6004 | F22: 4 | G22: 9 | H22: 0 | I22: 203.6019
B23: 6 | C23: 9 | D23: 0 | E23: 333.4194 | F23: 6 | G23: 9 | H23: 0 | I23: 333.4174
B24: 6 | C24: 5 | D24: 0 | E24: 165.528 | F24: 6 | G24: 5 | H24: 0 | I24: 165.5303
B25: 9 | C25: 1 | D25: 3 | E25: 117.9893 | F25: 9 | G25: 1 | H25: 2 | I25: 61.3342
B26: 9 | C26: 3 | D26: 4 | E26: 69.6093 | F26: 9 | G26: 2 | H26: 4 | I26: 126.2606
B27: 9 | C27: 4 | D27: 5 | E27: 46.1487 | F27: 9 | G27: 4 | H27: 5 | I27: 46.1513
B28: 9 | C28: 5 | D28: 7 | E28: 49.92 | F28: 9 | G28: 5 | H28: 7 | I28: 49.9219
... B36: 5 | C36: 9 | D36: 4 | E36: 70.9251 | F36: 5 | G36: 9 | H36: 4 | I36: 70.9246

Sheet Wyrównanie wstępne - wyjściowy
B3: c | C3: l | D3: p | E3: L obs [m] | F3: ∆x | G3: ∆y | H3: L przyb [m] | I3: Az [g] | J3: Sin Az | K3: Cos Az | L3: Błąd [m] | M3: l [m] | P3: Współrzedne przybliżone
B4: =Dane!B5 -> 7 | C4: =Dane!C5 -> 1 | D4: =Dane!D5 -> 0 | E4: =Dane!E5 -> 271.7062 | F4: =Dane!M5-Dane!M11 -> 60 | G4: =Dane!N5-Dane!N11 -> -265 | H4: =SQRT(F4^2+G4^2) -> 271.70756 | I4: =IF(ATAN2(F4,G4)*200/PI()<0,ATAN2(F4,G4)*200/PI()+400) -> 314.17504 | J4: =SIN(I4*PI()/200) -> -0.9753133 | K4: =COS(I4*PI()/200) -> 0.22082565 | L4: =0.001+0.000001*E4 -> 0.0012717062 | M4: =H4-E4 -> 0.0013633839 | P4: NR | Q4: Xo | R4: Yo
B5: =Dane!B6 -> 7 | C5: =Dane!C6 -> 5 | D5: =Dane!D6 -> 0 | E5: =Dane!E6 -> 155.7243 | F5: =Dane!M9-Dane!M11 -> 115 | G5: =Dane!N9-Dane!N11 -> 105 | H5: =SQRT(F5^2+G5^2) -> 155.72412 | I5: =IF(ATAN2(F5,G5)*200/PI()<0,ATAN2(F5,G5)*200/PI()+400,ATAN2(F5,G5)*200/PI()) -> 47.108264 | J5: =SIN(I5*PI()/200) -> 0.67426936 | K5: =COS(I5*PI()/200) -> 0.73848549 | L5: =0.001+0.000001*E5 -> 0.0011557243 | M5: =H5-E5 -> -0.00018497603 | P5: 1 | Q5: 240 | R5: 120
B6: =Dane!B7 -> 7 | C6: =Dane!C7 -> 6 | D6: =Dane!D7 -> 0 | E6: =Dane!E7 -> 178.4659 | F6: =Dane!M10-Dane!M11 -> -35 | G6: =Dane!N10-Dane!N11 -> 175 | H6: =SQRT(F6^2+G6^2) -> 178.46568 | I6: =IF(ATAN2(F6,G6)*200/PI()<0,ATAN2(F6,G6)*200/PI()+400,ATAN2(F6,G6)*200/PI()) -> 112.56659 | J6: =SIN(I6*PI()/200) -> 0.98058068 | K6: =COS(I6*PI()/200) -> -0.19611614 | L6: =0.001+0.000001*E6 -> 0.0011784659 | M6: =H6-E6 -> -0.00021702425 | P6: 2 | Q6: 385 | R6: 145
B7: =Dane!B8 -> 7 | C7: =Dane!C8 -> 8 | D7: =Dane!D8 -> 0 | E7: =Dane!E8 -> 148.0717 | F7: =Dane!M12-Dane!M11 -> -30 | G7: =Dane!N12-Dane!N11 -> -145 | H7: =SQRT(F7^2+G7^2) -> 148.07093 | I7: =IF(ATAN2(F7,G7)*200/PI()<0,ATAN2(F7,G7)*200/PI()+400) -> 287.01181 | J7: =SIN(I7*PI()/200) -> -0.97926042 | K7: =COS(I7*PI()/200) -> -0.2026056 | L7: =0.001+0.000001*E7 -> 0.0011480717 | M7: =H7-E7 -> -0.00077105039 | P7: 3 | Q7: 475 | R7: 245
B8: =Dane!B9 -> 7 | C8: =Dane!C9 -> 9 | D8: =Dane!D9 -> 0 | E8: =Dane!E9 -> 174.5226 | F8: =Dane!M13-Dane!M11 -> 133 | G8: =Dane!N13-Dane!N11 -> -113 | H8: =SQRT(F8^2+G8^2) -> 174.5222 | I8: =IF(ATAN2(F8,G8)*200/PI()<0,ATAN2(F8,G8)*200/PI()+400) -> 355.16441 | J8: =SIN(I8*PI()/200) -> -0.64748208 | K8: =COS(I8*PI()/200) -> 0.76208068 | L8: =0.001+0.000001*E8 -> 0.0011745226 | M8: =H8-E8 -> -0.00039510905 | P8: 4 | Q8: 435 | R8: 435
B9: =Dane!B10 -> 8 | C9: =Dane!C10 -> 1 | D9: =Dane!D10 -> 0 | E9: =Dane!E10 -> 149.9983 | F9: =Dane!M5-Dane!M12 -> 90 | G9: =Dane!N5-Dane!N12 -> -120 | H9: =SQRT(F9^2+G9^2) -> 150 | I9: =IF(ATAN2(F9,G9)*200/PI()<0,ATAN2(F9,G9)*200/PI()+400) -> 340.96655 | J9: =SIN(I9*PI()/200) -> -0.8 | K9: =COS(I9*PI()/200) -> 0.6 | L9: =0.001+0.000001*E9 -> 0.0011499983 | M9: =H9-E9 -> 0.0017 | P9: 5 | Q9: 295 | R9: 490
B10: =Dane!B11 -> 8 | C10: =Dane!C11 -> 9 | D10: =Dane!D11 -> 0 | E10: =Dane!E11 -> 166.1118 | F10: =Dane!M13-Dane!M12 -> 163 | G10: =Dane!N13-Dane!N12 -> 32 | H10: =SQRT(F10^2+G10^2) -> 166.11141 | I10: =IF(ATAN2(F10,G10)*200/PI()<0,ATAN2(F10,G10)*200/PI()+400,ATAN2(F10,G10)*200/PI()) -> 12.341107 | J10: =SIN(I10*PI()/200) -> 0.1926418 | K10: =COS(I10*PI()/200) -> 0.98126915 | L10: =0.001+0.000001*E10 -> 0.0011661118 | M10: =H10-E10 -> -0.0003916019 | P10: 6 | Q10: 145 | R10: 560
B11: =Dane!B12 -> 8 | C11: =Dane!C12 -> 7 | D11: =Dane!D12 -> 0 | E11: =Dane!E12 -> 148.0732 | F11: =Dane!M11-Dane!M12 -> 30 | G11: =Dane!N11-Dane!N12 -> 145 | H11: =SQRT(F11^2+G11^2) -> 148.07093 | I11: =IF(ATAN2(F11,G11)*200/PI()<0,ATAN2(F11,G11)*200/PI()+400,ATAN2(F11,G11)*200/PI()) -> 87.011812 | J11: =SIN(I11*PI()/200) -> 0.97926042 | K11: =COS(I11*PI()/200) -> 0.2026056 | L11: =0.001+0.000001*E11 -> 0.0011480732 | M11: =H11-E11 -> -0.0022710504 | P11: 7 | Q11: 180 | R11: 385
B12: =Dane!B13 -> 8 | C12: =Dane!C13 -> 6 | D12: =Dane!D13 -> 0 | E12: =Dane!E13 -> 320.0413 | F12: =Dane!M10-Dane!M12 -> -5 | G12: =Dane!N10-Dane!N12 -> 320 | H12: =SQRT(F12^2+G12^2) -> 320.03906 | I12: =IF(ATAN2(F12,G12)*200/PI()<0,ATAN2(F12,G12)*200/PI()+400,ATAN2(F12,G12)*200/PI()) -> 100.99464 | J12: =SIN(I12*PI()/200) -> 0.99987795 | K12: =COS(I12*PI()/200) -> -0.015623093 | L12: =0.001+0.000001*E12 -> 0.0013200413 | M12: =H12-E12 -> -0.0022398839 | P12: 8 | Q12: 150 | R12: 240
B13: =Dane!B14 -> 1 | C13: =Dane!C14 -> 3 | D13: =Dane!D14 -> 0 | E13: =Dane!E14 -> 266.1756 | F13: =Dane!M7-Dane!M5 -> 235 | G13: =Dane!N7-Dane!N5 -> 125 | H13: =SQRT(F13^2+G13^2) -> 266.17663 | I13: =IF(ATAN2(F13,G13)*200/PI()<0,ATAN2(F13,G13)*200/PI()+400,ATAN2(F13,G13)*200/PI()) -> 31.121307 | J13: =SIN(I13*PI()/200) -> 0.46961297 | K13: =COS(I13*PI()/200) -> 0.88287239 | L13: =0.001+0.000001*E13 -> 0.0012661756 | M13: =H13-E13 -> 0.0010330841 | P13: 9 | Q13: 314 | R13: 271
B14: =Dane!B15 -> 1 | C14: =Dane!C15 -> 9 | D14: =Dane!D15 -> 0 | E14: =Dane!E15 -> 168.6215 | F14: =Dane!M13-Dane!M5 -> 73 | G14: =Dane!N13-Dane!N5 -> 152 | H14: =SQRT(F14^2+G14^2) -> 168.62088 | I14: =IF(ATAN2(F14,G14)*200/PI()<0,ATAN2(F14,G14)*200/PI()+400,ATAN2(F14,G14)*200/PI()) -> 71.496379 | J14: =SIN(I14*PI()/200) -> 0.90143049 | K14: =COS(I14*PI()/200) -> 0.43292386 | L14: =0.001+0.000001*E14 -> 0.0011686215 | M14: =H14-E14 -> -0.00062347518
B15: =Dane!B16 -> 1 | C15: =Dane!C16 -> 7 | D15: =Dane!D16 -> 0 | E15: =Dane!E16 -> 271.7081 | F15: =Dane!M11-Dane!M5 -> -60 | G15: =Dane!N11-Dane!N5 -> 265 | H15: =SQRT(F15^2+G15^2) -> 271.70756 | I15: =IF(ATAN2(F15,G15)*200/PI()<0,ATAN2(F15,G15)*200/PI()+400,ATAN2(F15,G15)*200/PI()) -> 114.17504 | J15: =SIN(I15*PI()/200) -> 0.9753133 | K15: =COS(I15*PI()/200) -> -0.22082565 | L15: =0.001+0.000001*E15 -> 0.0012717081 | M15: =H15-E15 -> -0.00053661613
B16: =Dane!B17 -> 3 | C16: =Dane!C17 -> 5 | D16: =Dane!D17 -> 0 | E16: =Dane!E17 -> 304.0138 | F16: =Dane!M9-Dane!M7 -> -180 | G16: =Dane!N9-Dane!N7 -> 245 | H16: =SQRT(F16^2+G16^2) -> 304.0148 | I16: =IF(ATAN2(F16,G16)*200/PI()<0,ATAN2(F16,G16)*200/PI()+400,ATAN2(F16,G16)*200/PI()) -> 140.33833 | J16: =SIN(I16*PI()/200) -> 0.80588181 | K16: =COS(I16*PI()/200) -> -0.59207643 | L16: =0.001+0.000001*E16 -> 0.0013040138 | M16: =H16-E16 -> 0.0010022712
B17: =Dane!B18 -> 3 | C17: =Dane!C18 -> 9 | D17: =Dane!D18 -> 0 | E17: =Dane!E18 -> 164.2349 | F17: =Dane!M13-Dane!M7 -> -162 | G17: =Dane!N13-Dane!N7 -> 27 | H17: =SQRT(F17^2+G17^2) -> 164.23459 | I17: =IF(ATAN2(F17,G17)*200/PI()<0,ATAN2(F17,G17)*200/PI()+400,ATAN2(F17,G17)*200/PI()) -> 189.48631 | J17: =SIN(I17*PI()/200) -> 0.16439899 | K17: =COS(I17*PI()/200) -> -0.98639392 | L17: =0.001+0.000001*E17 -> 0.0011642349 | M17: =H17-E17 -> -0.00031168195
B18: =Dane!B19 -> 3 | C18: =Dane!C19 -> 4 | D18: =Dane!D19 -> 0 | E18: =Dane!E19 -> 194.1629 | F18: =Dane!M8-Dane!M7 -> -40 | G18: =Dane!N8-Dane!N7 -> 190 | H18: =SQRT(F18^2+G18^2) -> 194.16488 | I18: =IF(ATAN2(F18,G18)*200/PI()<0,ATAN2(F18,G18)*200/PI()+400,ATAN2(F18,G18)*200/PI()) -> 113.20962 | J18: =SIN(I18*PI()/200) -> 0.97854978 | K18: =COS(I18*PI()/200) -> -0.20601048 | L18: =0.001+0.000001*E18 -> 0.0011941629 | M18: =H18-E18 -> 0.0019783895
B19: =Dane!B20 -> 4 | C19: =Dane!C20 -> 5 | D19: =Dane!D20 -> 0 | E19: =Dane!E20 -> 150.4167 | F19: =Dane!M9-Dane!M8 -> -140 | G19: =Dane!N9-Dane!N8 -> 55 | H19: =SQRT(F19^2+G19^2) -> 150.41609 | I19: =IF(ATAN2(F19,G19)*200/PI()<0,ATAN2(F19,G19)*200/PI()+400,ATAN2(F19,G19)*200/PI()) -> 176.16918 | J19: =SIN(I19*PI()/200) -> 0.36565237 | K19: =COS(I19*PI()/200) -> -0.93075149 | L19: =0.001+0.000001*E19 -> 0.0011504167 | M19: =H19-E19 -> -0.00061043509
B20: =Dane!B21 -> 4 | C20: =Dane!C21 -> 7 | D20: =Dane!D21 -> 0 | E20: =Dane!E21 -> 259.8561 | F20: =Dane!M11-Dane!M8 -> -255 | G20: =Dane!N11-Dane!N8 -> -50 | H20: =SQRT(F20^2+G20^2) -> 259.85573 | I20: =IF(ATAN2(F20,G20)*200/PI()<0,ATAN2(F20,G20)*200/PI()+400) -> 212.32636 | J20: =SIN(I20*PI()/200) -> -0.19241446 | K20: =COS(I20*PI()/200) -> -0.98131375 | L20: =0.001+0.000001*E20 -> 0.0012598561 | M20: =H20-E20 -> -0.00037079627
B21: =Dane!B22 -> 4 | C21: =Dane!C22 -> 9 | D21: =Dane!D22 -> 0 | E21: =Dane!E22 -> 203.6004 | F21: =Dane!M13-Dane!M8 -> -122 | G21: =Dane!N13-Dane!N8 -> -163 | H21: =SQRT(F21^2+G21^2) -> 203.6001 | I21: =IF(ATAN2(F21,G21)*200/PI()<0,ATAN2(F21,G21)*200/PI()+400) -> 259.09598 | J21: =SIN(I21*PI()/200) -> -0.800589 | K21: =COS(I21*PI()/200) -> -0.59921386 | L21: =0.001+0.000001*E21 -> 0.0012036004 | M21: =H21-E21 -> -0.0003017682
B22: =Dane!B23 -> 6 | C22: =Dane!C23 -> 9 | D22: =Dane!D23 -> 0 | E22: =Dane!E23 -> 333.4194 | F22: =Dane!M13-Dane!M10 -> 168 | G22: =Dane!N13-Dane!N10 -> -288 | H22: =SQRT(F22^2+G22^2) -> 333.41866 | I22: =IF(ATAN2(F22,G22)*200/PI()<0,ATAN2(F22,G22)*200/PI()+400) -> 333.61826 | J22: =SIN(I22*PI()/200) -> -0.8637789 | K22: =COS(I22*PI()/200) -> 0.50387103 | L22: =0.001+0.000001*E22 -> 0.0013334194 | M22: =H22-E22 -> -0.0007442532
B23: =Dane!B24 -> 6 | C23: =Dane!C24 -> 5 | D23: =Dane!D24 -> 0 | E23: =Dane!E24 -> 165.528 | F23: =Dane!M9-Dane!M10 -> 150 | G23: =Dane!N9-Dane!N10 -> -70 | H23: =SQRT(F23^2+G23^2) -> 165.52945 | I23: =IF(ATAN2(F23,G23)*200/PI()<0,ATAN2(F23,G23)*200/PI()+400) -> 372.20345 | J23: =SIN(I23*PI()/200) -> -0.42288547 | K23: =COS(I23*PI()/200) -> 0.90618314 | L23: =0.001+0.000001*E23 -> 0.001165528 | M23: =H23-E23 -> 0.0014535725
B25: c | C25: l | D25: p | E25: b obs [g] | F25: ∆xcl | G25: ∆ycl | H25: ∆xcp | I25: ∆ycp | J25: d²cl | K25: d²cp | L25: Az cl [g] | M25: Az cp [g] | N25: b przyb [g] | O25: Błąd [cc] | P25: l [g] | Q25: Al. | R25: Bl | S25: Ap | T25: Bp
B26: =Dane!B25 -> 9 | C26: =Dane!C25 -> 1 | D26: =Dane!D25 -> 3 | E26: =Dane!E25 -> 117.9893 | F26: =Dane!M5-Dane!M13 -> -73 | G26: =Dane!N5-Dane!N13 -> -152 | H26: =Dane!M7-Dane!M13 -> 162 | I26: =Dane!N7-Dane!N13 -> -27 | J26: =F26^2+G26^2 -> 28433 | K26: =H26^2+I26^2 -> 26973 | L26: =IF(ATAN2(F26,G26)*200/PI()<0,ATAN2(F26,G26)*200/PI()+400,ATAN2(F26,G26)*200/PI()) -> 271.49638 | M26: =IF(ATAN2(H26,I26)*200/PI()<0,ATAN2(H26,I26)*200/PI()+400,ATAN2(H26,I26)*200/PI()) -> 389.48631 | N26: =IF(M26-L26<0,M26-L26+400,M26-L26) -> 117.98993 | O26: =Dane!$M$15 -> 3 | P26: =N26-E26 -> 0.00062975201 | Q26: =F26/J26*2000000/PI() -> -1634.4826 | R26: =G26/J26*2000000/PI() -> -3403.3062 | S26: =H26/K26*2000000/PI() -> 3823.5422 | T26: =I26/K26*2000000/PI() -> -637.25703
B27: =Dane!B26 -> 9 | C27: =Dane!C26 -> 3 | D27: =Dane!D26 -> 4 | E27: =Dane!E26 -> 69.6093 | F27: =Dane!M7-Dane!M13 -> 162 | G27: =Dane!N7-Dane!N13 -> -27 | H27: =Dane!M8-Dane!M13 -> 122 | I27: =Dane!N8-Dane!N13 -> 163 | J27: =F27^2+G27^2 -> 26973 | K27: =H27^2+I27^2 -> 41453 | L27: =IF(ATAN2(F27,G27)*200/PI()<0,ATAN2(F27,G27)*200/PI()+400,ATAN2(F27,G27)*200/PI()) -> 389.48631 | M27: =IF(ATAN2(H27,I27)*200/PI()<0,ATAN2(H27,I27)*200/PI()+400,ATAN2(H27,I27)*200/PI()) -> 59.095983 | N27: =IF(M27-L27<0,M27-L27+400,M27-L27) -> 69.609675 | O27: =Dane!$M$15 -> 3 | P27: =N27-E27 -> 0.00037470572 | Q27: =F27/J27*2000000/PI() -> 3823.5422 | R27: =G27/J27*2000000/PI() -> -637.25703 | S27: =H27/K27*2000000/PI() -> 1873.6307 | T27: =I27/K27*2000000/PI() -> 2503.2934
B28: =Dane!B27 -> 9 | C28: =Dane!C27 -> 4 | D28: =Dane!D27 -> 5 | E28: =Dane!E27 -> 46.1487 | F28: =Dane!M8-Dane!M13 -> 122 | G28: =Dane!N8-Dane!N13 -> 163 | H28: =Dane!M9-Dane!M13 -> -18 | I28: =Dane!N9-Dane!N13 -> 218 | J28: =F28^2+G28^2 -> 41453 | K28: =H28^2+I28^2 -> 47848 | L28: =IF(ATAN2(F28,G28)*200/PI()<0,ATAN2(F28,G28)*200/PI()+400,ATAN2(F28,G28)*200/PI()) -> 59.095983 | M28: =IF(ATAN2(H28,I28)*200/PI()<0,ATAN2(H28,I28)*200/PI()+400,ATAN2(H28,I28)*200/PI()) -> 105.2446 | N28: =IF(M28-L28<0,M28-L28+400,M28-L28) -> 46.148613 | O28: =Dane!$M$15 -> 3 | P28: =N28-E28 -> -8.6773425e-05 | Q28: =F28/J28*2000000/PI() -> 1873.6307 | R28: =G28/J28*2000000/PI() -> 2503.2934 | S28: =H28/K28*2000000/PI() -> -239.4908 | T28: =I28/K28*2000000/PI() -> 2900.4997
B29: =Dane!B28 -> 9 | C29: =Dane!C28 -> 5 | D29: =Dane!D28 -> 7 | E29: =Dane!E28 -> 49.92 | F29: =Dane!M9-Dane!M13 -> -18 | G29: =Dane!N9-Dane!N13 -> 218 | H29: =Dane!M11-Dane!M13 -> -133 | I29: =Dane!N11-Dane!N13 -> 113 | J29: =F29^2+G29^2 -> 47848 | K29: =H29^2+I29^2 -> 30458 | L29: =IF(ATAN2(F29,G29)*200/PI()<0,ATAN2(F29,G29)*200/PI()+400,ATAN2(F29,G29)*200/PI()) -> 105.2446 | M29: =IF(ATAN2(H29,I29)*200/PI()<0,ATAN2(H29,I29)*200/PI()+400,ATAN2(H29,I29)*200/PI()) -> 155.16441 | N29: =IF(M29-L29<0,M29-L29+400,M29-L29) -> 49.919815 | O29: =Dane!$M$15 -> 3 | P29: =N29-E29 -> -0.00018471073 | Q29: =F29/J29*2000000/PI() -> -239.4908 | R29: =G29/J29*2000000/PI() -> 2900.4997 | S29: =H29/K29*2000000/PI() -> -2779.9077 | T29: =I29/K29*2000000/PI() -> 2361.8765
B30: =Dane!B29 -> 9 | C30: =Dane!C29 -> 7 | D30: =Dane!D29 -> 8 | E30: =Dane!E29 -> 57.1766 | F30: =Dane!M11-Dane!M13 -> -133 | G30: =Dane!N11-Dane!N13 -> 113 | H30: =Dane!M12-Dane!M13 -> -163 | I30: =Dane!N12-Dane!N13 -> -32 | J30: =F30^2+G30^2 -> 30458 | K30: =H30^2+I30^2 -> 27593 | L30: =IF(ATAN2(F30,G30)*200/PI()<0,ATAN2(F30,G30)*200/PI()+400,ATAN2(F30,G30)*200/PI()) -> 155.16441 | M30: =IF(ATAN2(H30,I30)*200/PI()<0,ATAN2(H30,I30)*200/PI()+400,ATAN2(H30,I30)*200/PI()) -> 212.34111 | N30: =IF(M30-L30<0,M30-L30+400,M30-L30) -> 57.176696 | O30: =Dane!$M$15 -> 3 | P30: =N30-E30 -> 9.5539984e-05 | Q30: =F30/J30*2000000/PI() -> -2779.9077 | R30: =G30/J30*2000000/PI() -> 2361.8765 | S30: =H30/K30*2000000/PI() -> -3760.701 | T30: =I30/K30*2000000/PI() -> -738.29713
B31: =Dane!B30 -> 9 | C31: =Dane!C30 -> 8 | D31: =Dane!D30 -> 1 | E31: =Dane!E30 -> 59.1555 | F31: =Dane!M12-Dane!M13 -> -163 | G31: =Dane!N12-Dane!N13 -> -32 | H31: =Dane!M5-Dane!M13 -> -73 | I31: =Dane!N5-Dane!N13 -> -152 | J31: =F31^2+G31^2 -> 27593 | K31: =H31^2+I31^2 -> 28433 | L31: =IF(ATAN2(F31,G31)*200/PI()<0,ATAN2(F31,G31)*200/PI()+400,ATAN2(F31,G31)*200/PI()) -> 212.34111 | M31: =IF(ATAN2(H31,I31)*200/PI()<0,ATAN2(H31,I31)*200/PI()+400,ATAN2(H31,I31)*200/PI()) -> 271.49638 | N31: =IF(M31-L31<0,M31-L31+400,M31-L31) -> 59.155271 | O31: =Dane!$M$15 -> 3 | P31: =N31-E31 -> -0.00022851356 | Q31: =F31/J31*2000000/PI() -> -3760.701 | R31: =G31/J31*2000000/PI() -> -738.29713 | S31: =H31/K31*2000000/PI() -> -1634.4826 | T31: =I31/K31*2000000/PI() -> -3403.3062
B32: =Dane!B31 -> 6 | C32: =Dane!C31 -> 8 | D32: =Dane!D31 -> 7 | E32: =Dane!E31 -> 11.5719 | F32: =Dane!M12-Dane!M10 -> 5 | G32: =Dane!N12-Dane!N10 -> -320 | H32: =Dane!M11-Dane!M10 -> 35 | I32: =Dane!N11-Dane!N10 -> -175 | J32: =F32^2+G32^2 -> 102425 | K32: =H32^2+I32^2 -> 31850 | L32: =IF(ATAN2(F32,G32)*200/PI()<0,ATAN2(F32,G32)*200/PI()+400,ATAN2(F32,G32)*200/PI()) -> 300.99464 | M32: =IF(ATAN2(H32,I32)*200/PI()<0,ATAN2(H32,I32)*200/PI()+400,ATAN2(H32,I32)*200/PI()) -> 312.56659 | N32: =IF(M32-L32<0,M32-L32+400,M32-L32) -> 11.571954 | O32: =Dane!$M$15 -> 3 | P32: =N32-E32 -> 5.418201e-05 | Q32: =F32/J32*2000000/PI() -> 31.077363 | R32: =G32/J32*2000000/PI() -> -1988.9512 | S32: =H32/K32*2000000/PI() -> 699.58217 | T32: =I32/K32*2000000/PI() -> -3497.9108
B33: =Dane!B32 -> 6 | C33: =Dane!C32 -> 7 | D33: =Dane!D32 -> 9 | E33: =Dane!E32 -> 21.0515 | F33: =Dane!M11-Dane!M10 -> 35 | G33: =Dane!N11-Dane!N10 -> -175 | H33: =Dane!M13-Dane!M10 -> 168 | I33: =Dane!N13-Dane!N10 -> -288 | J33: =F33^2+G33^2 -> 31850 | K33: =H33^2+I33^2 -> 111168 | L33: =IF(ATAN2(F33,G33)*200/PI()<0,ATAN2(F33,G33)*200/PI()+400,ATAN2(F33,G33)*200/PI()) -> 312.56659 | M33: =IF(ATAN2(H33,I33)*200/PI()<0,ATAN2(H33,I33)*200/PI()+400,ATAN2(H33,I33)*200/PI()) -> 333.61826 | N33: =IF(M33-L33<0,M33-L33+400,M33-L33) -> 21.051672 | O33: =Dane!$M$15 -> 3 | P33: =N33-E33 -> 0.00017187723 | Q33: =F33/J33*2000000/PI() -> 699.58217 | R33: =G33/J33*2000000/PI() -> -3497.9108 | S33: =H33/K33*2000000/PI() -> 962.07651 | T33: =I33/K33*2000000/PI() -> -1649.274
B34: =Dane!B33 -> 6 | C34: =Dane!C33 -> 9 | D34: =Dane!D33 -> 5 | E34: =Dane!E33 -> 38.5847 | F34: =Dane!M13-Dane!M10 -> 168 | G34: =Dane!N13-Dane!N10 -> -288 | H34: =Dane!M9-Dane!M10 -> 150 | I34: =Dane!N9-Dane!N10 -> -70 | J34: =F34^2+G34^2 -> 111168 | K34: =H34^2+I34^2 -> 27400 | L34: =IF(ATAN2(F34,G34)*200/PI()<0,ATAN2(F34,G34)*200/PI()+400,ATAN2(F34,G34)*200/PI()) -> 333.61826 | M34: =IF(ATAN2(H34,I34)*200/PI()<0,ATAN2(H34,I34)*200/PI()+400,ATAN2(H34,I34)*200/PI()) -> 372.20345 | N34: =IF(M34-L34<0,M34-L34+400,M34-L34) -> 38.585188 | O34: =Dane!$M$15 -> 3 | P34: =N34-E34 -> 0.00048817597 | Q34: =F34/J34*2000000/PI() -> 962.07651 | R34: =G34/J34*2000000/PI() -> -1649.274 | S34: =H34/K34*2000000/PI() -> 3485.1447 | T34: =I34/K34*2000000/PI() -> -1626.4009
B35: =Dane!B34 -> 5 | C35: =Dane!C34 -> 6 | D35: =Dane!D34 -> 7 | E35: =Dane!E34 -> 74.9047 | F35: =Dane!M10-Dane!M9 -> -150 | G35: =Dane!N10-Dane!N9 -> 70 | H35: =Dane!M11-Dane!M9 -> -115 | I35: =Dane!N11-Dane!N9 -> -105 | J35: =F35^2+G35^2 -> 27400 | K35: =H35^2+I35^2 -> 24250 | L35: =IF(ATAN2(F35,G35)*200/PI()<0,ATAN2(F35,G35)*200/PI()+400,ATAN2(F35,G35)*200/PI()) -> 172.20345 | M35: =IF(ATAN2(H35,I35)*200/PI()<0,ATAN2(H35,I35)*200/PI()+400,ATAN2(H35,I35)*200/PI()) -> 247.10826 | N35: =IF(M35-L35<0,M35-L35+400,M35-L35) -> 74.904813 | O35: =Dane!$M$15 -> 3 | P35: =N35-E35 -> 0.00011252844 | Q35: =F35/J35*2000000/PI() -> -3485.1447 | R35: =G35/J35*2000000/PI() -> 1626.4009 | S35: =H35/K35*2000000/PI() -> -3019.0216 | T35: =I35/K35*2000000/PI() -> -2756.498
B36: =Dane!B35 -> 5 | C36: =Dane!C35 -> 7 | D36: =Dane!D35 -> 9 | E36: =Dane!E35 -> 58.1366 | F36: =Dane!M11-Dane!M9 -> -115 | G36: =Dane!N11-Dane!N9 -> -105 | H36: =Dane!M13-Dane!M9 -> 18 | I36: =Dane!N13-Dane!N9 -> -218 | J36: =F36^2+G36^2 -> 24250 | K36: =H36^2+I36^2 -> 47848 | L36: =IF(ATAN2(F36,G36)*200/PI()<0,ATAN2(F36,G36)*200/PI()+400,ATAN2(F36,G36)*200/PI()) -> 247.10826 | M36: =IF(ATAN2(H36,I36)*200/PI()<0,ATAN2(H36,I36)*200/PI()+400,ATAN2(H36,I36)*200/PI()) -> 305.2446 | N36: =IF(M36-L36<0,M36-L36+400,M36-L36) -> 58.136332 | O36: =Dane!$M$15 -> 3 | P36: =N36-E36 -> -0.0002676294 | Q36: =F36/J36*2000000/PI() -> -3019.0216 | R36: =G36/J36*2000000/PI() -> -2756.498 | S36: =H36/K36*2000000/PI() -> 239.4908 | T36: =I36/K36*2000000/PI() -> -2900.4997
B37: =Dane!B36 -> 5 | C37: =Dane!C36 -> 9 | D37: =Dane!D36 -> 4 | E37: =Dane!E36 -> 70.9251 | F37: =Dane!M13-Dane!M9 -> 18 | G37: =Dane!N13-Dane!N9 -> -218 | H37: =Dane!M8-Dane!M9 -> 140 | I37: =Dane!N8-Dane!N9 -> -55 | J37: =F37^2+G37^2 -> 47848 | K37: =H37^2+I37^2 -> 22625 | L37: =IF(ATAN2(F37,G37)*200/PI()<0,ATAN2(F37,G37)*200/PI()+400,ATAN2(F37,G37)*200/PI()) -> 305.2446 | M37: =IF(ATAN2(H37,I37)*200/PI()<0,ATAN2(H37,I37)*200/PI()+400,ATAN2(H37,I37)*200/PI()) -> 376.16918 | N37: =IF(M37-L37<0,M37-L37+400,M37-L37) -> 70.924585 | O37: =Dane!$M$15 -> 3 | P37: =N37-E37 -> -0.00051473128 | Q37: =F37/J37*2000000/PI() -> 239.4908 | R37: =G37/J37*2000000/PI() -> -2900.4997 | S37: =H37/K37*2000000/PI() -> 3939.3047 | T37: =I37/K37*2000000/PI() -> -1547.584
B39: a | S39: l [m/cc]
B40: dx | C40: dy | D40: dx | E40: dy | F40: dx | G40: dy | H40: dx | I40: dy | J40: dx | K40: dy | L40: dx | M40: dy | N40: dx | O40: dy | P40: dx | Q40: dy
B41: 1 | C41: 1 | D41: 3 | E41: 3 | F41: 4 | G41: 4 | H41: 5 | I41: 5 | J41: 6 | K41: 6 | L41: 7 | M41: 7 | N41: 8 | O41: 8 | P41: 9 | Q41: 9
B42: =IF(B$41=$B4,IF(B$40="dx",-$K4,-$J4),IF(B$41=$C4,IF(B$40="dx",$K4,$J4),0)) -> 0.22082565 | C42: =IF(C$41=$B4,IF(C$40="dx",-$K4,-$J4),IF(C$41=$C4,IF(C$40="dx",$K4,$J4),0)) -> -0.9753133 | D42: =IF(D$41=$B4,IF(D$40="dx",-$K4,-$J4),IF(D$41=$C4,IF(D$40="dx",$K4,$J4),0)) -> 0 | E42: =IF(E$41=$B4,IF(E$40="dx",-$K4,-$J4),IF(E$41=$C4,IF(E$40="dx",$K4,$J4),0)) -> 0 | F42: =IF(F$41=$B4,IF(F$40="dx",-$K4,-$J4),IF(F$41=$C4,IF(F$40="dx",$K4,$J4),0)) -> 0 | G42: =IF(G$41=$B4,IF(G$40="dx",-$K4,-$J4),IF(G$41=$C4,IF(G$40="dx",$K4,$J4),0)) -> 0 | H42: =IF(H$41=$B4,IF(H$40="dx",-$K4,-$J4),IF(H$41=$C4,IF(H$40="dx",$K4,$J4),0)) -> 0 | I42: =IF(I$41=$B4,IF(I$40="dx",-$K4,-$J4),IF(I$41=$C4,IF(I$40="dx",$K4,$J4),0)) -> 0 | ... Q42: =IF(Q$41=$B4,IF(Q$40="dx",-$K4,-$J4),IF(Q$41=$C4,IF(Q$40="dx",$K4,$J4),0)) -> 0 | S42: =M4 -> 0.0013633839
B43: =IF(B$41=$B5,IF(B$40="dx",-$K5,-$J5),IF(B$41=$C5,IF(B$40="dx",$K5,$J5),0)) -> 0 | C43: =IF(C$41=$B5,IF(C$40="dx",-$K5,-$J5),IF(C$41=$C5,IF(C$40="dx",$K5,$J5),0)) -> 0 | D43: =IF(D$41=$B5,IF(D$40="dx",-$K5,-$J5),IF(D$41=$C5,IF(D$40="dx",$K5,$J5),0)) -> 0 | E43: =IF(E$41=$B5,IF(E$40="dx",-$K5,-$J5),IF(E$41=$C5,IF(E$40="dx",$K5,$J5),0)) -> 0 | F43: =IF(F$41=$B5,IF(F$40="dx",-$K5,-$J5),IF(F$41=$C5,IF(F$40="dx",$K5,$J5),0)) -> 0 | G43: =IF(G$41=$B5,IF(G$40="dx",-$K5,-$J5),IF(G$41=$C5,IF(G$40="dx",$K5,$J5),0)) -> 0 | H43: =IF(H$41=$B5,IF(H$40="dx",-$K5,-$J5),IF(H$41=$C5,IF(H$40="dx",$K5,$J5),0)) -> 0.73848549 | I43: =IF(I$41=$B5,IF(I$40="dx",-$K5,-$J5),IF(I$41=$C5,IF(I$40="dx",$K5,$J5),0)) -> 0.67426936 | ... Q43: =IF(Q$41=$B5,IF(Q$40="dx",-$K5,-$J5),IF(Q$41=$C5,IF(Q$40="dx",$K5,$J5),0)) -> 0 | S43: =M5 -> -0.00018497603
B44: =IF(B$41=$B6,IF(B$40="dx",-$K6,-$J6),IF(B$41=$C6,IF(B$40="dx",$K6,$J6),0)) -> 0 | C44: =IF(C$41=$B6,IF(C$40="dx",-$K6,-$J6),IF(C$41=$C6,IF(C$40="dx",$K6,$J6),0)) -> 0 | D44: =IF(D$41=$B6,IF(D$40="dx",-$K6,-$J6),IF(D$41=$C6,IF(D$40="dx",$K6,$J6),0)) -> 0 | E44: =IF(E$41=$B6,IF(E$40="dx",-$K6,-$J6),IF(E$41=$C6,IF(E$40="dx",$K6,$J6),0)) -> 0 | F44: =IF(F$41=$B6,IF(F$40="dx",-$K6,-$J6),IF(F$41=$C6,IF(F$40="dx",$K6,$J6),0)) -> 0 | G44: =IF(G$41=$B6,IF(G$40="dx",-$K6,-$J6),IF(G$41=$C6,IF(G$40="dx",$K6,$J6),0)) -> 0 | H44: =IF(H$41=$B6,IF(H$40="dx",-$K6,-$J6),IF(H$41=$C6,IF(H$40="dx",$K6,$J6),0)) -> 0 | I44: =IF(I$41=$B6,IF(I$40="dx",-$K6,-$J6),IF(I$41=$C6,IF(I$40="dx",$K6,$J6),0)) -> 0 | ... Q44: =IF(Q$41=$B6,IF(Q$40="dx",-$K6,-$J6),IF(Q$41=$C6,IF(Q$40="dx",$K6,$J6),0)) -> 0 | S44: =M6 -> -0.00021702425
B45: =IF(B$41=$B7,IF(B$40="dx",-$K7,-$J7),IF(B$41=$C7,IF(B$40="dx",$K7,$J7),0)) -> 0 | C45: =IF(C$41=$B7,IF(C$40="dx",-$K7,-$J7),IF(C$41=$C7,IF(C$40="dx",$K7,$J7),0)) -> 0 | D45: =IF(D$41=$B7,IF(D$40="dx",-$K7,-$J7),IF(D$41=$C7,IF(D$40="dx",$K7,$J7),0)) -> 0 | E45: =IF(E$41=$B7,IF(E$40="dx",-$K7,-$J7),IF(E$41=$C7,IF(E$40="dx",$K7,$J7),0)) -> 0 | F45: =IF(F$41=$B7,IF(F$40="dx",-$K7,-$J7),IF(F$41=$C7,IF(F$40="dx",$K7,$J7),0)) -> 0 | G45: =IF(G$41=$B7,IF(G$40="dx",-$K7,-$J7),IF(G$41=$C7,IF(G$40="dx",$K7,$J7),0)) -> 0 | H45: =IF(H$41=$B7,IF(H$40="dx",-$K7,-$J7),IF(H$41=$C7,IF(H$40="dx",$K7,$J7),0)) -> 0 | I45: =IF(I$41=$B7,IF(I$40="dx",-$K7,-$J7),IF(I$41=$C7,IF(I$40="dx",$K7,$J7),0)) -> 0 | ... Q45: =IF(Q$41=$B7,IF(Q$40="dx",-$K7,-$J7),IF(Q$41=$C7,IF(Q$40="dx",$K7,$J7),0)) -> 0 | S45: =M7 -> -0.00077105039
B46: =IF(B$41=$B8,IF(B$40="dx",-$K8,-$J8),IF(B$41=$C8,IF(B$40="dx",$K8,$J8),0)) -> 0 | C46: =IF(C$41=$B8,IF(C$40="dx",-$K8,-$J8),IF(C$41=$C8,IF(C$40="dx",$K8,$J8),0)) -> 0 | D46: =IF(D$41=$B8,IF(D$40="dx",-$K8,-$J8),IF(D$41=$C8,IF(D$40="dx",$K8,$J8),0)) -> 0 | E46: =IF(E$41=$B8,IF(E$40="dx",-$K8,-$J8),IF(E$41=$C8,IF(E$40="dx",$K8,$J8),0)) -> 0 | F46: =IF(F$41=$B8,IF(F$40="dx",-$K8,-$J8),IF(F$41=$C8,IF(F$40="dx",$K8,$J8),0)) -> 0 | G46: =IF(G$41=$B8,IF(G$40="dx",-$K8,-$J8),IF(G$41=$C8,IF(G$40="dx",$K8,$J8),0)) -> 0 | H46: =IF(H$41=$B8,IF(H$40="dx",-$K8,-$J8),IF(H$41=$C8,IF(H$40="dx",$K8,$J8),0)) -> 0 | I46: =IF(I$41=$B8,IF(I$40="dx",-$K8,-$J8),IF(I$41=$C8,IF(I$40="dx",$K8,$J8),0)) -> 0 | ... Q46: =IF(Q$41=$B8,IF(Q$40="dx",-$K8,-$J8),IF(Q$41=$C8,IF(Q$40="dx",$K8,$J8),0)) -> -0.64748208 | S46: =M8 -> -0.00039510905
B47: =IF(B$41=$B9,IF(B$40="dx",-$K9,-$J9),IF(B$41=$C9,IF(B$40="dx",$K9,$J9),0)) -> 0.6 | C47: =IF(C$41=$B9,IF(C$40="dx",-$K9,-$J9),IF(C$41=$C9,IF(C$40="dx",$K9,$J9),0)) -> -0.8 | D47: =IF(D$41=$B9,IF(D$40="dx",-$K9,-$J9),IF(D$41=$C9,IF(D$40="dx",$K9,$J9),0)) -> 0 | E47: =IF(E$41=$B9,IF(E$40="dx",-$K9,-$J9),IF(E$41=$C9,IF(E$40="dx",$K9,$J9),0)) -> 0 | F47: =IF(F$41=$B9,IF(F$40="dx",-$K9,-$J9),IF(F$41=$C9,IF(F$40="dx",$K9,$J9),0)) -> 0 | G47: =IF(G$41=$B9,IF(G$40="dx",-$K9,-$J9),IF(G$41=$C9,IF(G$40="dx",$K9,$J9),0)) -> 0 | H47: =IF(H$41=$B9,IF(H$40="dx",-$K9,-$J9),IF(H$41=$C9,IF(H$40="dx",$K9,$J9),0)) -> 0 | I47: =IF(I$41=$B9,IF(I$40="dx",-$K9,-$J9),IF(I$41=$C9,IF(I$40="dx",$K9,$J9),0)) -> 0 | ... Q47: =IF(Q$41=$B9,IF(Q$40="dx",-$K9,-$J9),IF(Q$41=$C9,IF(Q$40="dx",$K9,$J9),0)) -> 0 | S47: =M9 -> 0.0017
B48: =IF(B$41=$B10,IF(B$40="dx",-$K10,-$J10),IF(B$41=$C10,IF(B$40="dx",$K10,$J10),0)) -> 0 | C48: =IF(C$41=$B10,IF(C$40="dx",-$K10,-$J10),IF(C$41=$C10,IF(C$40="dx",$K10,$J10),0)) -> 0 | D48: =IF(D$41=$B10,IF(D$40="dx",-$K10,-$J10),IF(D$41=$C10,IF(D$40="dx",$K10,$J10),0)) -> 0 | E48: =IF(E$41=$B10,IF(E$40="dx",-$K10,-$J10),IF(E$41=$C10,IF(E$40="dx",$K10,$J10),0)) -> 0 | F48: =IF(F$41=$B10,IF(F$40="dx",-$K10,-$J10),IF(F$41=$C10,IF(F$40="dx",$K10,$J10),0)) -> 0 | G48: =IF(G$41=$B10,IF(G$40="dx",-$K10,-$J10),IF(G$41=$C10,IF(G$40="dx",$K10,$J10),0)) -> 0 | H48: =IF(H$41=$B10,IF(H$40="dx",-$K10,-$J10),IF(H$41=$C10,IF(H$40="dx",$K10,$J10),0)) -> 0 | I48: =IF(I$41=$B10,IF(I$40="dx",-$K10,-$J10),IF(I$41=$C10,IF(I$40="dx",$K10,$J10),0)) -> 0 | ... Q48: =IF(Q$41=$B10,IF(Q$40="dx",-$K10,-$J10),IF(Q$41=$C10,IF(Q$40="dx",$K10,$J10),0)) -> 0.1926418 | S48: =M10 -> -0.0003916019
B49: =IF(B$41=$B11,IF(B$40="dx",-$K11,-$J11),IF(B$41=$C11,IF(B$40="dx",$K11,$J11),0)) -> 0 | C49: =IF(C$41=$B11,IF(C$40="dx",-$K11,-$J11),IF(C$41=$C11,IF(C$40="dx",$K11,$J11),0)) -> 0 | D49: =IF(D$41=$B11,IF(D$40="dx",-$K11,-$J11),IF(D$41=$C11,IF(D$40="dx",$K11,$J11),0)) -> 0 | E49: =IF(E$41=$B11,IF(E$40="dx",-$K11,-$J11),IF(E$41=$C11,IF(E$40="dx",$K11,$J11),0)) -> 0 | F49: =IF(F$41=$B11,IF(F$40="dx",-$K11,-$J11),IF(F$41=$C11,IF(F$40="dx",$K11,$J11),0)) -> 0 | G49: =IF(G$41=$B11,IF(G$40="dx",-$K11,-$J11),IF(G$41=$C11,IF(G$40="dx",$K11,$J11),0)) -> 0 | H49: =IF(H$41=$B11,IF(H$40="dx",-$K11,-$J11),IF(H$41=$C11,IF(H$40="dx",$K11,$J11),0)) -> 0 | I49: =IF(I$41=$B11,IF(I$40="dx",-$K11,-$J11),IF(I$41=$C11,IF(I$40="dx",$K11,$J11),0)) -> 0 | ... Q49: =IF(Q$41=$B11,IF(Q$40="dx",-$K11,-$J11),IF(Q$41=$C11,IF(Q$40="dx",$K11,$J11),0)) -> 0 | S49: =M11 -> -0.0022710504
B50: =IF(B$41=$B12,IF(B$40="dx",-$K12,-$J12),IF(B$41=$C12,IF(B$40="dx",$K12,$J12),0)) -> 0 | C50: =IF(C$41=$B12,IF(C$40="dx",-$K12,-$J12),IF(C$41=$C12,IF(C$40="dx",$K12,$J12),0)) -> 0 | D50: =IF(D$41=$B12,IF(D$40="dx",-$K12,-$J12),IF(D$41=$C12,IF(D$40="dx",$K12,$J12),0)) -> 0 | E50: =IF(E$41=$B12,IF(E$40="dx",-$K12,-$J12),IF(E$41=$C12,IF(E$40="dx",$K12,$J12),0)) -> 0 | F50: =IF(F$41=$B12,IF(F$40="dx",-$K12,-$J12),IF(F$41=$C12,IF(F$40="dx",$K12,$J12),0)) -> 0 | G50: =IF(G$41=$B12,IF(G$40="dx",-$K12,-$J12),IF(G$41=$C12,IF(G$40="dx",$K12,$J12),0)) -> 0 | H50: =IF(H$41=$B12,IF(H$40="dx",-$K12,-$J12),IF(H$41=$C12,IF(H$40="dx",$K12,$J12),0)) -> 0 | I50: =IF(I$41=$B12,IF(I$40="dx",-$K12,-$J12),IF(I$41=$C12,IF(I$40="dx",$K12,$J12),0)) -> 0 | ... Q50: =IF(Q$41=$B12,IF(Q$40="dx",-$K12,-$J12),IF(Q$41=$C12,IF(Q$40="dx",$K12,$J12),0)) -> 0 | S50: =M12 -> -0.0022398839
B51: =IF(B$41=$B13,IF(B$40="dx",-$K13,-$J13),IF(B$41=$C13,IF(B$40="dx",$K13,$J13),0)) -> -0.88287239 | C51: =IF(C$41=$B13,IF(C$40="dx",-$K13,-$J13),IF(C$41=$C13,IF(C$40="dx",$K13,$J13),0)) -> -0.46961297 | D51: =IF(D$41=$B13,IF(D$40="dx",-$K13,-$J13),IF(D$41=$C13,IF(D$40="dx",$K13,$J13),0)) -> 0.88287239 | E51: =IF(E$41=$B13,IF(E$40="dx",-$K13,-$J13),IF(E$41=$C13,IF(E$40="dx",$K13,$J13),0)) -> 0.46961297 | F51: =IF(F$41=$B13,IF(F$40="dx",-$K13,-$J13),IF(F$41=$C13,IF(F$40="dx",$K13,$J13),0)) -> 0 | G51: =IF(G$41=$B13,IF(G$40="dx",-$K13,-$J13),IF(G$41=$C13,IF(G$40="dx",$K13,$J13),0)) -> 0 | H51: =IF(H$41=$B13,IF(H$40="dx",-$K13,-$J13),IF(H$41=$C13,IF(H$40="dx",$K13,$J13),0)) -> 0 | I51: =IF(I$41=$B13,IF(I$40="dx",-$K13,-$J13),IF(I$41=$C13,IF(I$40="dx",$K13,$J13),0)) -> 0 | ... Q51: =IF(Q$41=$B13,IF(Q$40="dx",-$K13,-$J13),IF(Q$41=$C13,IF(Q$40="dx",$K13,$J13),0)) -> 0 | S51: =M13 -> 0.0010330841
B52: =IF(B$41=$B14,IF(B$40="dx",-$K14,-$J14),IF(B$41=$C14,IF(B$40="dx",$K14,$J14),0)) -> -0.43292386 | C52: =IF(C$41=$B14,IF(C$40="dx",-$K14,-$J14),IF(C$41=$C14,IF(C$40="dx",$K14,$J14),0)) -> -0.90143049 | D52: =IF(D$41=$B14,IF(D$40="dx",-$K14,-$J14),IF(D$41=$C14,IF(D$40="dx",$K14,$J14),0)) -> 0 | E52: =IF(E$41=$B14,IF(E$40="dx",-$K14,-$J14),IF(E$41=$C14,IF(E$40="dx",$K14,$J14),0)) -> 0 | F52: =IF(F$41=$B14,IF(F$40="dx",-$K14,-$J14),IF(F$41=$C14,IF(F$40="dx",$K14,$J14),0)) -> 0 | G52: =IF(G$41=$B14,IF(G$40="dx",-$K14,-$J14),IF(G$41=$C14,IF(G$40="dx",$K14,$J14),0)) -> 0 | H52: =IF(H$41=$B14,IF(H$40="dx",-$K14,-$J14),IF(H$41=$C14,IF(H$40="dx",$K14,$J14),0)) -> 0 | I52: =IF(I$41=$B14,IF(I$40="dx",-$K14,-$J14),IF(I$41=$C14,IF(I$40="dx",$K14,$J14),0)) -> 0 | ... Q52: =IF(Q$41=$B14,IF(Q$40="dx",-$K14,-$J14),IF(Q$41=$C14,IF(Q$40="dx",$K14,$J14),0)) -> 0.90143049 | S52: =M14 -> -0.00062347518
B53: =IF(B$41=$B15,IF(B$40="dx",-$K15,-$J15),IF(B$41=$C15,IF(B$40="dx",$K15,$J15),0)) -> 0.22082565 | C53: =IF(C$41=$B15,IF(C$40="dx",-$K15,-$J15),IF(C$41=$C15,IF(C$40="dx",$K15,$J15),0)) -> -0.9753133 | D53: =IF(D$41=$B15,IF(D$40="dx",-$K15,-$J15),IF(D$41=$C15,IF(D$40="dx",$K15,$J15),0)) -> 0 | E53: =IF(E$41=$B15,IF(E$40="dx",-$K15,-$J15),IF(E$41=$C15,IF(E$40="dx",$K15,$J15),0)) -> 0 | F53: =IF(F$41=$B15,IF(F$40="dx",-$K15,-$J15),IF(F$41=$C15,IF(F$40="dx",$K15,$J15),0)) -> 0 | G53: =IF(G$41=$B15,IF(G$40="dx",-$K15,-$J15),IF(G$41=$C15,IF(G$40="dx",$K15,$J15),0)) -> 0 | H53: =IF(H$41=$B15,IF(H$40="dx",-$K15,-$J15),IF(H$41=$C15,IF(H$40="dx",$K15,$J15),0)) -> 0 | I53: =IF(I$41=$B15,IF(I$40="dx",-$K15,-$J15),IF(I$41=$C15,IF(I$40="dx",$K15,$J15),0)) -> 0 | ... Q53: =IF(Q$41=$B15,IF(Q$40="dx",-$K15,-$J15),IF(Q$41=$C15,IF(Q$40="dx",$K15,$J15),0)) -> 0 | S53: =M15 -> -0.00053661613
... B61: =IF(B$41=$B23,IF(B$40="dx",-$K23,-$J23),IF(B$41=$C23,IF(B$40="dx",$K23,$J23),0)) -> 0 | C61: =IF(C$41=$B23,IF(C$40="dx",-$K23,-$J23),IF(C$41=$C23,IF(C$40="dx",$K23,$J23),0)) -> 0 | D61: =IF(D$41=$B23,IF(D$40="dx",-$K23,-$J23),IF(D$41=$C23,IF(D$40="dx",$K23,$J23),0)) -> 0 | E61: =IF(E$41=$B23,IF(E$40="dx",-$K23,-$J23),IF(E$41=$C23,IF(E$40="dx",$K23,$J23),0)) -> 0 | F61: =IF(F$41=$B23,IF(F$40="dx",-$K23,-$J23),IF(F$41=$C23,IF(F$40="dx",$K23,$J23),0)) -> 0 | G61: =IF(G$41=$B23,IF(G$40="dx",-$K23,-$J23),IF(G$41=$C23,IF(G$40="dx",$K23,$J23),0)) -> 0 | H61: =IF(H$41=$B23,IF(H$40="dx",-$K23,-$J23),IF(H$41=$C23,IF(H$40="dx",$K23,$J23),0)) -> 0.90618314 | I61: =IF(I$41=$B23,IF(I$40="dx",-$K23,-$J23),IF(I$41=$C23,IF(I$40="dx",$K23,$J23),0)) -> -0.42288547 | ... Q61: =IF(Q$41=$B23,IF(Q$40="dx",-$K23,-$J23),IF(Q$41=$C23,IF(Q$40="dx",$K23,$J23),0)) -> 0 | S61: =M23 -> 0.0014535725
B62: =IF(B$41=$C26,IF(B$40="dx",$R26,-$Q26),IF(B$41=$D26,IF(B$40="dx",-$T26,$S26),IF(B$41=$B26,IF(B$40="dx",($T26-$R26),($Q26-$S26)),0))) -> -3403.3062 | C62: =IF(C$41=$C26,IF(C$40="dx",$R26,-$Q26),IF(C$41=$D26,IF(C$40="dx",-$T26,$S26),IF(C$41=$B26,IF(C$40="dx",($T26-$R26),($Q26-$S26)),0))) -> 1634.4826 | D62: =IF(D$41=$C26,IF(D$40="dx",$R26,-$Q26),IF(D$41=$D26,IF(D$40="dx",-$T26,$S26),IF(D$41=$B26,IF(D$40="dx",($T26-$R26),($Q26-$S26)),0))) -> 637.25703 | E62: =IF(E$41=$C26,IF(E$40="dx",$R26,-$Q26),IF(E$41=$D26,IF(E$40="dx",-$T26,$S26),IF(E$41=$B26,IF(E$40="dx",($T26-$R26),($Q26-$S26)),0))) -> 3823.5422 | F62: =IF(F$41=$C26,IF(F$40="dx",$R26,-$Q26),IF(F$41=$D26,IF(F$40="dx",-$T26,$S26),IF(F$41=$B26,IF(F$40="dx",($T26-$R26),($Q26-$S26)),0))) -> 0 | G62: =IF(G$41=$C26,IF(G$40="dx",$R26,-$Q26),IF(G$41=$D26,IF(G$40="dx",-$T26,$S26),IF(G$41=$B26,IF(G$40="dx",($T26-$R26),($Q26-$S26)),0))) -> 0 | H62: =IF(H$41=$C26,IF(H$40="dx",$R26,-$Q26),IF(H$41=$D26,IF(H$40="dx",-$T26,$S26),IF(H$41=$B26,IF(H$40="dx",($T26-$R26),($Q26-$S26)),0))) -> 0 | I62: =IF(I$41=$C26,IF(I$40="dx",$R26,-$Q26),IF(I$41=$D26,IF(I$40="dx",-$T26,$S26),IF(I$41=$B26,IF(I$40="dx",($T26-$R26),($Q26-$S26)),0))) -> 0 | ... Q62: =IF(Q$41=$C26,IF(Q$40="dx",$R26,-$Q26),IF(Q$41=$D26,IF(Q$40="dx",-$T26,$S26),IF(Q$41=$B26,IF(Q$40="dx",($T26-$R26),($Q26-$S26)),0))) -> -5458.0248 | S62: =P26*10000 -> 6.2975201
B63: =IF(B$41=$C27,IF(B$40="dx",$R27,-$Q27),IF(B$41=$D27,IF(B$40="dx",-$T27,$S27),IF(B$41=$B27,IF(B$40="dx",($T27-$R27),($Q27-$S27)),0))) -> 0 | C63: =IF(C$41=$C27,IF(C$40="dx",$R27,-$Q27),IF(C$41=$D27,IF(C$40="dx",-$T27,$S27),IF(C$41=$B27,IF(C$40="dx",($T27-$R27),($Q27-$S27)),0))) -> 0 | D63: =IF(D$41=$C27,IF(D$40="dx",$R27,-$Q27),IF(D$41=$D27,IF(D$40="dx",-$T27,$S27),IF(D$41=$B27,IF(D$40="dx",($T27-$R27),($Q27-$S27)),0))) -> -637.25703 | E63: =IF(E$41=$C27,IF(E$40="dx",$R27,-$Q27),IF(E$41=$D27,IF(E$40="dx",-$T27,$S27),IF(E$41=$B27,IF(E$40="dx",($T27-$R27),($Q27-$S27)),0))) -> -3823.5422 | F63: =IF(F$41=$C27,IF(F$40="dx",$R27,-$Q27),IF(F$41=$D27,IF(F$40="dx",-$T27,$S27),IF(F$41=$B27,IF(F$40="dx",($T27-$R27),($Q27-$S27)),0))) -> -2503.2934 | G63: =IF(G$41=$C27,IF(G$40="dx",$R27,-$Q27),IF(G$41=$D27,IF(G$40="dx",-$T27,$S27),IF(G$41=$B27,IF(G$40="dx",($T27-$R27),($Q27-$S27)),0))) -> 1873.6307 | H63: =IF(H$41=$C27,IF(H$40="dx",$R27,-$Q27),IF(H$41=$D27,IF(H$40="dx",-$T27,$S27),IF(H$41=$B27,IF(H$40="dx",($T27-$R27),($Q27-$S27)),0))) -> 0 | I63: =IF(I$41=$C27,IF(I$40="dx",$R27,-$Q27),IF(I$41=$D27,IF(I$40="dx",-$T27,$S27),IF(I$41=$B27,IF(I$40="dx",($T27-$R27),($Q27-$S27)),0))) -> 0 | ... Q63: =IF(Q$41=$C27,IF(Q$40="dx",$R27,-$Q27),IF(Q$41=$D27,IF(Q$40="dx",-$T27,$S27),IF(Q$41=$B27,IF(Q$40="dx",($T27-$R27),($Q27-$S27)),0))) -> 1949.9115 | S63: =P27*10000 -> 3.7470572
B64: =IF(B$41=$C28,IF(B$40="dx",$R28,-$Q28),IF(B$41=$D28,IF(B$40="dx",-$T28,$S28),IF(B$41=$B28,IF(B$40="dx",($T28-$R28),($Q28-$S28)),0))) -> 0 | C64: =IF(C$41=$C28,IF(C$40="dx",$R28,-$Q28),IF(C$41=$D28,IF(C$40="dx",-$T28,$S28),IF(C$41=$B28,IF(C$40="dx",($T28-$R28),($Q28-$S28)),0))) -> 0 | D64: =IF(D$41=$C28,IF(D$40="dx",$R28,-$Q28),IF(D$41=$D28,IF(D$40="dx",-$T28,$S28),IF(D$41=$B28,IF(D$40="dx",($T28-$R28),($Q28-$S28)),0))) -> 0 | E64: =IF(E$41=$C28,IF(E$40="dx",$R28,-$Q28),IF(E$41=$D28,IF(E$40="dx",-$T28,$S28),IF(E$41=$B28,IF(E$40="dx",($T28-$R28),($Q28-$S28)),0))) -> 0 | F64: =IF(F$41=$C28,IF(F$40="dx",$R28,-$Q28),IF(F$41=$D28,IF(F$40="dx",-$T28,$S28),IF(F$41=$B28,IF(F$40="dx",($T28-$R28),($Q28-$S28)),0))) -> 2503.2934 | G64: =IF(G$41=$C28,IF(G$40="dx",$R28,-$Q28),IF(G$41=$D28,IF(G$40="dx",-$T28,$S28),IF(G$41=$B28,IF(G$40="dx",($T28-$R28),($Q28-$S28)),0))) -> -1873.6307 | H64: =IF(H$41=$C28,IF(H$40="dx",$R28,-$Q28),IF(H$41=$D28,IF(H$40="dx",-$T28,$S28),IF(H$41=$B28,IF(H$40="dx",($T28-$R28),($Q28-$S28)),0))) -> -2900.4997 | I64: =IF(I$41=$C28,IF(I$40="dx",$R28,-$Q28),IF(I$41=$D28,IF(I$40="dx",-$T28,$S28),IF(I$41=$B28,IF(I$40="dx",($T28-$R28),($Q28-$S28)),0))) -> -239.4908 | ... Q64: =IF(Q$41=$C28,IF(Q$40="dx",$R28,-$Q28),IF(Q$41=$D28,IF(Q$40="dx",-$T28,$S28),IF(Q$41=$B28,IF(Q$40="dx",($T28-$R28),($Q28-$S28)),0))) -> 2113.1215 | S64: =P28*10000 -> -0.86773425
B65: =IF(B$41=$C29,IF(B$40="dx",$R29,-$Q29),IF(B$41=$D29,IF(B$40="dx",-$T29,$S29),IF(B$41=$B29,IF(B$40="dx",($T29-$R29),($Q29-$S29)),0))) -> 0 | C65: =IF(C$41=$C29,IF(C$40="dx",$R29,-$Q29),IF(C$41=$D29,IF(C$40="dx",-$T29,$S29),IF(C$41=$B29,IF(C$40="dx",($T29-$R29),($Q29-$S29)),0))) -> 0 | D65: =IF(D$41=$C29,IF(D$40="dx",$R29,-$Q29),IF(D$41=$D29,IF(D$40="dx",-$T29,$S29),IF(D$41=$B29,IF(D$40="dx",($T29-$R29),($Q29-$S29)),0))) -> 0 | E65: =IF(E$41=$C29,IF(E$40="dx",$R29,-$Q29),IF(E$41=$D29,IF(E$40="dx",-$T29,$S29),IF(E$41=$B29,IF(E$40="dx",($T29-$R29),($Q29-$S29)),0))) -> 0 | F65: =IF(F$41=$C29,IF(F$40="dx",$R29,-$Q29),IF(F$41=$D29,IF(F$40="dx",-$T29,$S29),IF(F$41=$B29,IF(F$40="dx",($T29-$R29),($Q29-$S29)),0))) -> 0 | G65: =IF(G$41=$C29,IF(G$40="dx",$R29,-$Q29),IF(G$41=$D29,IF(G$40="dx",-$T29,$S29),IF(G$41=$B29,IF(G$40="dx",($T29-$R29),($Q29-$S29)),0))) -> 0 | H65: =IF(H$41=$C29,IF(H$40="dx",$R29,-$Q29),IF(H$41=$D29,IF(H$40="dx",-$T29,$S29),IF(H$41=$B29,IF(H$40="dx",($T29-$R29),($Q29-$S29)),0))) -> 2900.4997 | I65: =IF(I$41=$C29,IF(I$40="dx",$R29,-$Q29),IF(I$41=$D29,IF(I$40="dx",-$T29,$S29),IF(I$41=$B29,IF(I$40="dx",($T29-$R29),($Q29-$S29)),0))) -> 239.4908 | ... Q65: =IF(Q$41=$C29,IF(Q$40="dx",$R29,-$Q29),IF(Q$41=$D29,IF(Q$40="dx",-$T29,$S29),IF(Q$41=$B29,IF(Q$40="dx",($T29-$R29),($Q29-$S29)),0))) -> 2540.4169 | S65: =P29*10000 -> -1.8471073
B66: =IF(B$41=$C30,IF(B$40="dx",$R30,-$Q30),IF(B$41=$D30,IF(B$40="dx",-$T30,$S30),IF(B$41=$B30,IF(B$40="dx",($T30-$R30),($Q30-$S30)),0))) -> 0 | C66: =IF(C$41=$C30,IF(C$40="dx",$R30,-$Q30),IF(C$41=$D30,IF(C$40="dx",-$T30,$S30),IF(C$41=$B30,IF(C$40="dx",($T30-$R30),($Q30-$S30)),0))) -> 0 | D66: =IF(D$41=$C30,IF(D$40="dx",$R30,-$Q30),IF(D$41=$D30,IF(D$40="dx",-$T30,$S30),IF(D$41=$B30,IF(D$40="dx",($T30-$R30),($Q30-$S30)),0))) -> 0 | E66: =IF(E$41=$C30,IF(E$40="dx",$R30,-$Q30),IF(E$41=$D30,IF(E$40="dx",-$T30,$S30),IF(E$41=$B30,IF(E$40="dx",($T30-$R30),($Q30-$S30)),0))) -> 0 | F66: =IF(F$41=$C30,IF(F$40="dx",$R30,-$Q30),IF(F$41=$D30,IF(F$40="dx",-$T30,$S30),IF(F$41=$B30,IF(F$40="dx",($T30-$R30),($Q30-$S30)),0))) -> 0 | G66: =IF(G$41=$C30,IF(G$40="dx",$R30,-$Q30),IF(G$41=$D30,IF(G$40="dx",-$T30,$S30),IF(G$41=$B30,IF(G$40="dx",($T30-$R30),($Q30-$S30)),0))) -> 0 | H66: =IF(H$41=$C30,IF(H$40="dx",$R30,-$Q30),IF(H$41=$D30,IF(H$40="dx",-$T30,$S30),IF(H$41=$B30,IF(H$40="dx",($T30-$R30),($Q30-$S30)),0))) -> 0 | I66: =IF(I$41=$C30,IF(I$40="dx",$R30,-$Q30),IF(I$41=$D30,IF(I$40="dx",-$T30,$S30),IF(I$41=$B30,IF(I$40="dx",($T30-$R30),($Q30-$S30)),0))) -> 0 | ... Q66: =IF(Q$41=$C30,IF(Q$40="dx",$R30,-$Q30),IF(Q$41=$D30,IF(Q$40="dx",-$T30,$S30),IF(Q$41=$B30,IF(Q$40="dx",($T30-$R30),($Q30-$S30)),0))) -> 980.79327 | S66: =P30*10000 -> 0.95539984
B67: =IF(B$41=$C31,IF(B$40="dx",$R31,-$Q31),IF(B$41=$D31,IF(B$40="dx",-$T31,$S31),IF(B$41=$B31,IF(B$40="dx",($T31-$R31),($Q31-$S31)),0))) -> 3403.3062 | C67: =IF(C$41=$C31,IF(C$40="dx",$R31,-$Q31),IF(C$41=$D31,IF(C$40="dx",-$T31,$S31),IF(C$41=$B31,IF(C$40="dx",($T31-$R31),($Q31-$S31)),0))) -> -1634.4826 | D67: =IF(D$41=$C31,IF(D$40="dx",$R31,-$Q31),IF(D$41=$D31,IF(D$40="dx",-$T31,$S31),IF(D$41=$B31,IF(D$40="dx",($T31-$R31),($Q31-$S31)),0))) -> 0 | E67: =IF(E$41=$C31,IF(E$40="dx",$R31,-$Q31),IF(E$41=$D31,IF(E$40="dx",-$T31,$S31),IF(E$41=$B31,IF(E$40="dx",($T31-$R31),($Q31-$S31)),0))) -> 0 | F67: =IF(F$41=$C31,IF(F$40="dx",$R31,-$Q31),IF(F$41=$D31,IF(F$40="dx",-$T31,$S31),IF(F$41=$B31,IF(F$40="dx",($T31-$R31),($Q31-$S31)),0))) -> 0 | G67: =IF(G$41=$C31,IF(G$40="dx",$R31,-$Q31),IF(G$41=$D31,IF(G$40="dx",-$T31,$S31),IF(G$41=$B31,IF(G$40="dx",($T31-$R31),($Q31-$S31)),0))) -> 0 | H67: =IF(H$41=$C31,IF(H$40="dx",$R31,-$Q31),IF(H$41=$D31,IF(H$40="dx",-$T31,$S31),IF(H$41=$B31,IF(H$40="dx",($T31-$R31),($Q31-$S31)),0))) -> 0 | I67: =IF(I$41=$C31,IF(I$40="dx",$R31,-$Q31),IF(I$41=$D31,IF(I$40="dx",-$T31,$S31),IF(I$41=$B31,IF(I$40="dx",($T31-$R31),($Q31-$S31)),0))) -> 0 | ... Q67: =IF(Q$41=$C31,IF(Q$40="dx",$R31,-$Q31),IF(Q$41=$D31,IF(Q$40="dx",-$T31,$S31),IF(Q$41=$B31,IF(Q$40="dx",($T31-$R31),($Q31-$S31)),0))) -> -2126.2184 | S67: =P31*10000 -> -2.2851356
B68: =IF(B$41=$C32,IF(B$40="dx",$R32,-$Q32),IF(B$41=$D32,IF(B$40="dx",-$T32,$S32),IF(B$41=$B32,IF(B$40="dx",($T32-$R32),($Q32-$S32)),0))) -> 0 | C68: =IF(C$41=$C32,IF(C$40="dx",$R32,-$Q32),IF(C$41=$D32,IF(C$40="dx",-$T32,$S32),IF(C$41=$B32,IF(C$40="dx",($T32-$R32),($Q32-$S32)),0))) -> 0 | D68: =IF(D$41=$C32,IF(D$40="dx",$R32,-$Q32),IF(D$41=$D32,IF(D$40="dx",-$T32,$S32),IF(D$41=$B32,IF(D$40="dx",($T32-$R32),($Q32-$S32)),0))) -> 0 | E68: =IF(E$41=$C32,IF(E$40="dx",$R32,-$Q32),IF(E$41=$D32,IF(E$40="dx",-$T32,$S32),IF(E$41=$B32,IF(E$40="dx",($T32-$R32),($Q32-$S32)),0))) -> 0 | F68: =IF(F$41=$C32,IF(F$40="dx",$R32,-$Q32),IF(F$41=$D32,IF(F$40="dx",-$T32,$S32),IF(F$41=$B32,IF(F$40="dx",($T32-$R32),($Q32-$S32)),0))) -> 0 | G68: =IF(G$41=$C32,IF(G$40="dx",$R32,-$Q32),IF(G$41=$D32,IF(G$40="dx",-$T32,$S32),IF(G$41=$B32,IF(G$40="dx",($T32-$R32),($Q32-$S32)),0))) -> 0 | H68: =IF(H$41=$C32,IF(H$40="dx",$R32,-$Q32),IF(H$41=$D32,IF(H$40="dx",-$T32,$S32),IF(H$41=$B32,IF(H$40="dx",($T32-$R32),($Q32-$S32)),0))) -> 0 | I68: =IF(I$41=$C32,IF(I$40="dx",$R32,-$Q32),IF(I$41=$D32,IF(I$40="dx",-$T32,$S32),IF(I$41=$B32,IF(I$40="dx",($T32-$R32),($Q32-$S32)),0))) -> 0 | ... Q68: =IF(Q$41=$C32,IF(Q$40="dx",$R32,-$Q32),IF(Q$41=$D32,IF(Q$40="dx",-$T32,$S32),IF(Q$41=$B32,IF(Q$40="dx",($T32-$R32),($Q32-$S32)),0))) -> 0 | S68: =P32*10000 -> 0.5418201
B69: =IF(B$41=$C33,IF(B$40="dx",$R33,-$Q33),IF(B$41=$D33,IF(B$40="dx",-$T33,$S33),IF(B$41=$B33,IF(B$40="dx",($T33-$R33),($Q33-$S33)),0))) -> 0 | C69: =IF(C$41=$C33,IF(C$40="dx",$R33,-$Q33),IF(C$41=$D33,IF(C$40="dx",-$T33,$S33),IF(C$41=$B33,IF(C$40="dx",($T33-$R33),($Q33-$S33)),0))) -> 0 | D69: =IF(D$41=$C33,IF(D$40="dx",$R33,-$Q33),IF(D$41=$D33,IF(D$40="dx",-$T33,$S33),IF(D$41=$B33,IF(D$40="dx",($T33-$R33),($Q33-$S33)),0))) -> 0 | E69: =IF(E$41=$C33,IF(E$40="dx",$R33,-$Q33),IF(E$41=$D33,IF(E$40="dx",-$T33,$S33),IF(E$41=$B33,IF(E$40="dx",($T33-$R33),($Q33-$S33)),0))) -> 0 | F69: =IF(F$41=$C33,IF(F$40="dx",$R33,-$Q33),IF(F$41=$D33,IF(F$40="dx",-$T33,$S33),IF(F$41=$B33,IF(F$40="dx",($T33-$R33),($Q33-$S33)),0))) -> 0 | G69: =IF(G$41=$C33,IF(G$40="dx",$R33,-$Q33),IF(G$41=$D33,IF(G$40="dx",-$T33,$S33),IF(G$41=$B33,IF(G$40="dx",($T33-$R33),($Q33-$S33)),0))) -> 0 | H69: =IF(H$41=$C33,IF(H$40="dx",$R33,-$Q33),IF(H$41=$D33,IF(H$40="dx",-$T33,$S33),IF(H$41=$B33,IF(H$40="dx",($T33-$R33),($Q33-$S33)),0))) -> 0 | I69: =IF(I$41=$C33,IF(I$40="dx",$R33,-$Q33),IF(I$41=$D33,IF(I$40="dx",-$T33,$S33),IF(I$41=$B33,IF(I$40="dx",($T33-$R33),($Q33-$S33)),0))) -> 0 | ... Q69: =IF(Q$41=$C33,IF(Q$40="dx",$R33,-$Q33),IF(Q$41=$D33,IF(Q$40="dx",-$T33,$S33),IF(Q$41=$B33,IF(Q$40="dx",($T33-$R33),($Q33-$S33)),0))) -> 962.07651 | S69: =P33*10000 -> 1.7187723
B70: =IF(B$41=$C34,IF(B$40="dx",$R34,-$Q34),IF(B$41=$D34,IF(B$40="dx",-$T34,$S34),IF(B$41=$B34,IF(B$40="dx",($T34-$R34),($Q34-$S34)),0))) -> 0 | C70: =IF(C$41=$C34,IF(C$40="dx",$R34,-$Q34),IF(C$41=$D34,IF(C$40="dx",-$T34,$S34),IF(C$41=$B34,IF(C$40="dx",($T34-$R34),($Q34-$S34)),0))) -> 0 | D70: =IF(D$41=$C34,IF(D$40="dx",$R34,-$Q34),IF(D$41=$D34,IF(D$40="dx",-$T34,$S34),IF(D$41=$B34,IF(D$40="dx",($T34-$R34),($Q34-$S34)),0))) -> 0 | E70: =IF(E$41=$C34,IF(E$40="dx",$R34,-$Q34),IF(E$41=$D34,IF(E$40="dx",-$T34,$S34),IF(E$41=$B34,IF(E$40="dx",($T34-$R34),($Q34-$S34)),0))) -> 0 | F70: =IF(F$41=$C34,IF(F$40="dx",$R34,-$Q34),IF(F$41=$D34,IF(F$40="dx",-$T34,$S34),IF(F$41=$B34,IF(F$40="dx",($T34-$R34),($Q34-$S34)),0))) -> 0 | G70: =IF(G$41=$C34,IF(G$40="dx",$R34,-$Q34),IF(G$41=$D34,IF(G$40="dx",-$T34,$S34),IF(G$41=$B34,IF(G$40="dx",($T34-$R34),($Q34-$S34)),0))) -> 0 | H70: =IF(H$41=$C34,IF(H$40="dx",$R34,-$Q34),IF(H$41=$D34,IF(H$40="dx",-$T34,$S34),IF(H$41=$B34,IF(H$40="dx",($T34-$R34),($Q34-$S34)),0))) -> 1626.4009 | I70: =IF(I$41=$C34,IF(I$40="dx",$R34,-$Q34),IF(I$41=$D34,IF(I$40="dx",-$T34,$S34),IF(I$41=$B34,IF(I$40="dx",($T34-$R34),($Q34-$S34)),0))) -> 3485.1447 | ... Q70: =IF(Q$41=$C34,IF(Q$40="dx",$R34,-$Q34),IF(Q$41=$D34,IF(Q$40="dx",-$T34,$S34),IF(Q$41=$B34,IF(Q$40="dx",($T34-$R34),($Q34-$S34)),0))) -> -962.07651 | S70: =P34*10000 -> 4.8817597
B71: =IF(B$41=$C35,IF(B$40="dx",$R35,-$Q35),IF(B$41=$D35,IF(B$40="dx",-$T35,$S35),IF(B$41=$B35,IF(B$40="dx",($T35-$R35),($Q35-$S35)),0))) -> 0 | C71: =IF(C$41=$C35,IF(C$40="dx",$R35,-$Q35),IF(C$41=$D35,IF(C$40="dx",-$T35,$S35),IF(C$41=$B35,IF(C$40="dx",($T35-$R35),($Q35-$S35)),0))) -> 0 | D71: =IF(D$41=$C35,IF(D$40="dx",$R35,-$Q35),IF(D$41=$D35,IF(D$40="dx",-$T35,$S35),IF(D$41=$B35,IF(D$40="dx",($T35-$R35),($Q35-$S35)),0))) -> 0 | E71: =IF(E$41=$C35,IF(E$40="dx",$R35,-$Q35),IF(E$41=$D35,IF(E$40="dx",-$T35,$S35),IF(E$41=$B35,IF(E$40="dx",($T35-$R35),($Q35-$S35)),0))) -> 0 | F71: =IF(F$41=$C35,IF(F$40="dx",$R35,-$Q35),IF(F$41=$D35,IF(F$40="dx",-$T35,$S35),IF(F$41=$B35,IF(F$40="dx",($T35-$R35),($Q35-$S35)),0))) -> 0 | G71: =IF(G$41=$C35,IF(G$40="dx",$R35,-$Q35),IF(G$41=$D35,IF(G$40="dx",-$T35,$S35),IF(G$41=$B35,IF(G$40="dx",($T35-$R35),($Q35-$S35)),0))) -> 0 | H71: =IF(H$41=$C35,IF(H$40="dx",$R35,-$Q35),IF(H$41=$D35,IF(H$40="dx",-$T35,$S35),IF(H$41=$B35,IF(H$40="dx",($T35-$R35),($Q35-$S35)),0))) -> -4382.8989 | I71: =IF(I$41=$C35,IF(I$40="dx",$R35,-$Q35),IF(I$41=$D35,IF(I$40="dx",-$T35,$S35),IF(I$41=$B35,IF(I$40="dx",($T35-$R35),($Q35-$S35)),0))) -> -466.12314 | ... Q71: =IF(Q$41=$C35,IF(Q$40="dx",$R35,-$Q35),IF(Q$41=$D35,IF(Q$40="dx",-$T35,$S35),IF(Q$41=$B35,IF(Q$40="dx",($T35-$R35),($Q35-$S35)),0))) -> 0 | S71: =P35*10000 -> 1.1252844
B72: =IF(B$41=$C36,IF(B$40="dx",$R36,-$Q36),IF(B$41=$D36,IF(B$40="dx",-$T36,$S36),IF(B$41=$B36,IF(B$40="dx",($T36-$R36),($Q36-$S36)),0))) -> 0 | C72: =IF(C$41=$C36,IF(C$40="dx",$R36,-$Q36),IF(C$41=$D36,IF(C$40="dx",-$T36,$S36),IF(C$41=$B36,IF(C$40="dx",($T36-$R36),($Q36-$S36)),0))) -> 0 | D72: =IF(D$41=$C36,IF(D$40="dx",$R36,-$Q36),IF(D$41=$D36,IF(D$40="dx",-$T36,$S36),IF(D$41=$B36,IF(D$40="dx",($T36-$R36),($Q36-$S36)),0))) -> 0 | E72: =IF(E$41=$C36,IF(E$40="dx",$R36,-$Q36),IF(E$41=$D36,IF(E$40="dx",-$T36,$S36),IF(E$41=$B36,IF(E$40="dx",($T36-$R36),($Q36-$S36)),0))) -> 0 | F72: =IF(F$41=$C36,IF(F$40="dx",$R36,-$Q36),IF(F$41=$D36,IF(F$40="dx",-$T36,$S36),IF(F$41=$B36,IF(F$40="dx",($T36-$R36),($Q36-$S36)),0))) -> 0 | G72: =IF(G$41=$C36,IF(G$40="dx",$R36,-$Q36),IF(G$41=$D36,IF(G$40="dx",-$T36,$S36),IF(G$41=$B36,IF(G$40="dx",($T36-$R36),($Q36-$S36)),0))) -> 0 | H72: =IF(H$41=$C36,IF(H$40="dx",$R36,-$Q36),IF(H$41=$D36,IF(H$40="dx",-$T36,$S36),IF(H$41=$B36,IF(H$40="dx",($T36-$R36),($Q36-$S36)),0))) -> -144.00173 | I72: =IF(I$41=$C36,IF(I$40="dx",$R36,-$Q36),IF(I$41=$D36,IF(I$40="dx",-$T36,$S36),IF(I$41=$B36,IF(I$40="dx",($T36-$R36),($Q36-$S36)),0))) -> -3258.5124 | ... Q72: =IF(Q$41=$C36,IF(Q$40="dx",$R36,-$Q36),IF(Q$41=$D36,IF(Q$40="dx",-$T36,$S36),IF(Q$41=$B36,IF(Q$40="dx",($T36-$R36),($Q36-$S36)),0))) -> 239.4908 | S72: =P36*10000 -> -2.676294
B73: =IF(B$41=$C37,IF(B$40="dx",$R37,-$Q37),IF(B$41=$D37,IF(B$40="dx",-$T37,$S37),IF(B$41=$B37,IF(B$40="dx",($T37-$R37),($Q37-$S37)),0))) -> 0 | C73: =IF(C$41=$C37,IF(C$40="dx",$R37,-$Q37),IF(C$41=$D37,IF(C$40="dx",-$T37,$S37),IF(C$41=$B37,IF(C$40="dx",($T37-$R37),($Q37-$S37)),0))) -> 0 | D73: =IF(D$41=$C37,IF(D$40="dx",$R37,-$Q37),IF(D$41=$D37,IF(D$40="dx",-$T37,$S37),IF(D$41=$B37,IF(D$40="dx",($T37-$R37),($Q37-$S37)),0))) -> 0 | E73: =IF(E$41=$C37,IF(E$40="dx",$R37,-$Q37),IF(E$41=$D37,IF(E$40="dx",-$T37,$S37),IF(E$41=$B37,IF(E$40="dx",($T37-$R37),($Q37-$S37)),0))) -> 0 | F73: =IF(F$41=$C37,IF(F$40="dx",$R37,-$Q37),IF(F$41=$D37,IF(F$40="dx",-$T37,$S37),IF(F$41=$B37,IF(F$40="dx",($T37-$R37),($Q37-$S37)),0))) -> 1547.584 | G73: =IF(G$41=$C37,IF(G$40="dx",$R37,-$Q37),IF(G$41=$D37,IF(G$40="dx",-$T37,$S37),IF(G$41=$B37,IF(G$40="dx",($T37-$R37),($Q37-$S37)),0))) -> 3939.3047 | H73: =IF(H$41=$C37,IF(H$40="dx",$R37,-$Q37),IF(H$41=$D37,IF(H$40="dx",-$T37,$S37),IF(H$41=$B37,IF(H$40="dx",($T37-$R37),($Q37-$S37)),0))) -> 1352.9157 | I73: =IF(I$41=$C37,IF(I$40="dx",$R37,-$Q37),IF(I$41=$D37,IF(I$40="dx",-$T37,$S37),IF(I$41=$B37,IF(I$40="dx",($T37-$R37),($Q37-$S37)),0))) -> -3699.8139 | ... Q73: =IF(Q$41=$C37,IF(Q$40="dx",$R37,-$Q37),IF(Q$41=$D37,IF(Q$40="dx",-$T37,$S37),IF(Q$41=$B37,IF(Q$40="dx",($T37-$R37),($Q37-$S37)),0))) -> -239.4908 | S73: =P37*10000 -> -5.1473128
B75: A | S75: L
B76: =B42/$L4 -> 173.64518 | C76: =C42/$L4 -> -766.93288 | D76: =D42/$L4 -> 0 | E76: =E42/$L4 -> 0 | F76: =F42/$L4 -> 0 | G76: =G42/$L4 -> 0 | H76: =H42/$L4 -> 0 | I76: =I42/$L4 -> 0 | ... Q76: =Q42/$L4 -> 0 | S76: =S42/$L4 -> 1.0720903
B77: =B43/$L5 -> 0 | C77: =C43/$L5 -> 0 | D77: =D43/$L5 -> 0 | E77: =E43/$L5 -> 0 | F77: =F43/$L5 -> 0 | G77: =G43/$L5 -> 0 | H77: =H43/$L5 -> 638.98068 | I77: =I43/$L5 -> 583.41714 | ... Q77: =Q43/$L5 -> 0 | S77: =S43/$L5 -> -0.16005203
B78: =B44/$L6 -> 0 | C78: =C44/$L6 -> 0 | D78: =D44/$L6 -> 0 | E78: =E44/$L6 -> 0 | F78: =F44/$L6 -> 0 | G78: =G44/$L6 -> 0 | H78: =H44/$L6 -> 0 | I78: =I44/$L6 -> 0 | ... Q78: =Q44/$L6 -> 0 | S78: =S44/$L6 -> -0.18415828
B79: =B45/$L7 -> 0 | C79: =C45/$L7 -> 0 | D79: =D45/$L7 -> 0 | E79: =E45/$L7 -> 0 | F79: =F45/$L7 -> 0 | G79: =G45/$L7 -> 0 | H79: =H45/$L7 -> 0 | I79: =I45/$L7 -> 0 | ... Q79: =Q45/$L7 -> 0 | S79: =S45/$L7 -> -0.67160474
B80: =B46/$L8 -> 0 | C80: =C46/$L8 -> 0 | D80: =D46/$L8 -> 0 | E80: =E46/$L8 -> 0 | F80: =F46/$L8 -> 0 | G80: =G46/$L8 -> 0 | H80: =H46/$L8 -> 0 | I80: =I46/$L8 -> 0 | ... Q80: =Q46/$L8 -> -551.27256 | S80: =S46/$L8 -> -0.3363997
B81: =B47/$L9 -> 521.7399 | C81: =C47/$L9 -> -695.6532 | D81: =D47/$L9 -> 0 | E81: =E47/$L9 -> 0 | F81: =F47/$L9 -> 0 | G81: =G47/$L9 -> 0 | H81: =H47/$L9 -> 0 | I81: =I47/$L9 -> 0 | ... Q81: =Q47/$L9 -> 0 | S81: =S47/$L9 -> 1.4782631
B82: =B48/$L10 -> 0 | C82: =C48/$L10 -> 0 | D82: =D48/$L10 -> 0 | E82: =E48/$L10 -> 0 | F82: =F48/$L10 -> 0 | G82: =G48/$L10 -> 0 | H82: =H48/$L10 -> 0 | I82: =I48/$L10 -> 0 | ... Q82: =Q48/$L10 -> 165.20011 | S82: =S48/$L10 -> -0.33581849
B83: =B49/$L11 -> 0 | C83: =C49/$L11 -> 0 | D83: =D49/$L11 -> 0 | E83: =E49/$L11 -> 0 | F83: =F49/$L11 -> 0 | G83: =G49/$L11 -> 0 | H83: =H49/$L11 -> 0 | I83: =I49/$L11 -> 0 | ... Q83: =Q49/$L11 -> 0 | S83: =S49/$L11 -> -1.9781408
B84: =B50/$L12 -> 0 | C84: =C50/$L12 -> 0 | D84: =D50/$L12 -> 0 | E84: =E50/$L12 -> 0 | F84: =F50/$L12 -> 0 | G84: =G50/$L12 -> 0 | H84: =H50/$L12 -> 0 | I84: =I50/$L12 -> 0 | ... Q84: =Q50/$L12 -> 0 | S84: =S50/$L12 -> -1.6968286
B85: =B51/$L13 -> -697.27484 | C85: =C51/$L13 -> -370.89087 | D85: =D51/$L13 -> 697.27484 | E85: =E51/$L13 -> 370.89087 | F85: =F51/$L13 -> 0 | G85: =G51/$L13 -> 0 | H85: =H51/$L13 -> 0 | I85: =I51/$L13 -> 0 | ... Q85: =Q51/$L13 -> 0 | S85: =S51/$L13 -> 0.81590904
B86: =B52/$L14 -> -370.45686 | C86: =C52/$L14 -> -771.36224 | D86: =D52/$L14 -> 0 | E86: =E52/$L14 -> 0 | F86: =F52/$L14 -> 0 | G86: =G52/$L14 -> 0 | H86: =H52/$L14 -> 0 | I86: =I52/$L14 -> 0 | ... Q86: =Q52/$L14 -> 771.36224 | S86: =S52/$L14 -> -0.53351335
B87: =B53/$L15 -> 173.64492 | C87: =C53/$L15 -> -766.93173 | D87: =D53/$L15 -> 0 | E87: =E53/$L15 -> 0 | F87: =F53/$L15 -> 0 | G87: =G53/$L15 -> 0 | H87: =H53/$L15 -> 0 | I87: =I53/$L15 -> 0 | ... Q87: =Q53/$L15 -> 0 | S87: =S53/$L15 -> -0.42196486
... B90: =B56/$L18 -> 0 | C90: =C56/$L18 -> 0 | D90: =D56/$L18 -> 172.51455 | E90: =E56/$L18 -> -819.44414 | F90: =F56/$L18 -> -172.51455 | G90: =G56/$L18 -> 819.44414 | H90: =H56/$L18 -> 0 | I90: =I56/$L18 -> 0 | ... Q90: =Q56/$L18 -> 0 | S90: =S56/$L18 -> 1.6567166
B91: =B57/$L19 -> 0 | C91: =C57/$L19 -> 0 | D91: =D57/$L19 -> 0 | E91: =E57/$L19 -> 0 | F91: =F57/$L19 -> 809.05597 | G91: =G57/$L19 -> -317.84341 | H91: =H57/$L19 -> -809.05597 | I91: =I57/$L19 -> 317.84341 | ... Q91: =Q57/$L19 -> 0 | S91: =S57/$L19 -> -0.53062085 | U91: AT
B92: =B58/$L20 -> 0 | C92: =C58/$L20 -> 0 | D92: =D58/$L20 -> 0 | E92: =E58/$L20 -> 0 | F92: =F58/$L20 -> 778.90939 | G92: =G58/$L20 -> 152.72733 | H92: =H58/$L20 -> 0 | I92: =I58/$L20 -> 0 | ... Q92: =Q58/$L20 -> 0 | S92: =S58/$L20 -> -0.29431637 | U92: {=TRANSPOSE(B76:Q107)} -> 173.64518 | V92: 0 | W92: 0 | X92: 0 | Y92: 0 | Z92: 521.7399 | AA92: 0 | AB92: 0 | AC92: 0 | AD92: -697.27484 | AE92: -370.45686 | AF92: 173.64492 | AG92: 0 | AH92: 0 | AI92: 0 | AJ92: 0 | AK92: 0 | AL92: 0 | AM92: 0 | AN92: 0 | AO92: -1134.4354 | AP92: 0 | AQ92: 0 | AR92: 0 | AS92: 0 | AT92: 1134.4354 | AU92: 0 | AV92: 0 | AW92: 0 | AX92: 0 | AY92: 0 | AZ92: 0
B93: =B59/$L21 -> 0 | C93: =C59/$L21 -> 0 | D93: =D59/$L21 -> 0 | E93: =E59/$L21 -> 0 | F93: =F59/$L21 -> 497.85116 | G93: =G59/$L21 -> 665.1618 | H93: =H59/$L21 -> 0 | I93: =I59/$L21 -> 0 | ... Q93: =Q59/$L21 -> -665.1618 | S93: =S59/$L21 -> -0.25072125 | U93: -766.93288 | V93: 0 | W93: 0 | X93: 0 | Y93: 0 | Z93: -695.6532 | AA93: 0 | AB93: 0 | AC93: 0 | AD93: -370.89087 | AE93: -771.36224 | AF93: -766.93173 | AG93: 0 | AH93: 0 | AI93: 0 | AJ93: 0 | AK93: 0 | AL93: 0 | AM93: 0 | AN93: 0 | AO93: 544.82753 | AP93: 0 | AQ93: 0 | AR93: 0 | AS93: 0 | AT93: -544.82753 | AU93: 0 | AV93: 0 | AW93: 0 | AX93: 0 | AY93: 0 | AZ93: 0
B94: =B60/$L22 -> 0 | C94: =C60/$L22 -> 0 | D94: =D60/$L22 -> 0 | E94: =E60/$L22 -> 0 | F94: =F60/$L22 -> 0 | G94: =G60/$L22 -> 0 | H94: =H60/$L22 -> 0 | I94: =I60/$L22 -> 0 | ... Q94: =Q60/$L22 -> -647.79236 | S94: =S60/$L22 -> -0.55815387 | U94: 0 | V94: 0 | W94: 0 | X94: 0 | Y94: 0 | Z94: 0 | AA94: 0 | AB94: 0 | AC94: 0 | AD94: 697.27484 | AE94: 0 | AF94: 0 | AG94: 454.04154 | AH94: 847.24648 | AI94: 172.51455 | AJ94: 0 | AK94: 0 | AL94: 0 | AM94: 0 | AN94: 0 | AO94: 212.41901 | AP94: -212.41901 | AQ94: 0 | AR94: 0 | AS94: 0 | AT94: 0 | AU94: 0 | AV94: 0 | AW94: 0 | AX94: 0 | AY94: 0 | AZ94: 0
B95: =B61/$L23 -> 0 | C95: =C61/$L23 -> 0 | D95: =D61/$L23 -> 0 | E95: =E61/$L23 -> 0 | F95: =F61/$L23 -> 0 | G95: =G61/$L23 -> 0 | H95: =H61/$L23 -> 777.48723 | I95: =I61/$L23 -> -362.82738 | ... Q95: =Q61/$L23 -> 0 | S95: =S61/$L23 -> 1.2471365 | U95: 0 | V95: 0 | W95: 0 | X95: 0 | Y95: 0 | Z95: 0 | AA95: 0 | AB95: 0 | AC95: 0 | AD95: 370.89087 | AE95: 0 | AF95: 0 | AG95: -618.00099 | AH95: -141.20775 | AI95: -819.44414 | AJ95: 0 | AK95: 0 | AL95: 0 | AM95: 0 | AN95: 0 | AO95: 1274.5141 | AP95: -1274.5141 | AQ95: 0 | AR95: 0 | AS95: 0 | AT95: 0 | AU95: 0 | AV95: 0 | AW95: 0 | AX95: 0 | AY95: 0 | AZ95: 0
B96: =B62/$O26 -> -1134.4354 | C96: =C62/$O26 -> 544.82753 | D96: =D62/$O26 -> 212.41901 | E96: =E62/$O26 -> 1274.5141 | F96: =F62/$O26 -> 0 | G96: =G62/$O26 -> 0 | H96: =H62/$O26 -> 0 | I96: =I62/$O26 -> 0 | ... Q96: =Q62/$O26 -> -1819.3416 | S96: =S62/$O26 -> 2.0991734 | U96: 0 | V96: 0 | W96: 0 | X96: 0 | Y96: 0 | Z96: 0 | AA96: 0 | AB96: 0 | AC96: 0 | AD96: 0 | AE96: 0 | AF96: 0 | AG96: 0 | AH96: 0 | AI96: -172.51455 | AJ96: 809.05597 | AK96: 778.90939 | AL96: 497.85116 | AM96: 0 | AN96: 0 | AO96: 0 | AP96: -834.43115 | AQ96: 834.43115 | AR96: 0 | AS96: 0 | AT96: 0 | AU96: 0 | AV96: 0 | AW96: 0 | AX96: 0 | AY96: 0 | AZ96: 515.86133
B97: =B63/$O27 -> 0 | C97: =C63/$O27 -> 0 | D97: =D63/$O27 -> -212.41901 | E97: =E63/$O27 -> -1274.5141 | F97: =F63/$O27 -> -834.43115 | G97: =G63/$O27 -> 624.54356 | H97: =H63/$O27 -> 0 | I97: =I63/$O27 -> 0 | ... Q97: =Q63/$O27 -> 649.9705 | S97: =S63/$O27 -> 1.2490191 | U97: 0 | V97: 0 | W97: 0 | X97: 0 | Y97: 0 | Z97: 0 | AA97: 0 | AB97: 0 | AC97: 0 | AD97: 0 | AE97: 0 | AF97: 0 | AG97: 0 | AH97: 0 | AI97: 819.44414 | AJ97: -317.84341 | AK97: 152.72733 | AL97: 665.1618 | AM97: 0 | AN97: 0 | AO97: 0 | AP97: 624.54356 | AQ97: -624.54356 | AR97: 0 | AS97: 0 | AT97: 0 | AU97: 0 | AV97: 0 | AW97: 0 | AX97: 0 | AY97: 0 | AZ97: 1313.1016
B98: =B64/$O28 -> 0 | C98: =C64/$O28 -> 0 | D98: =D64/$O28 -> 0 | E98: =E64/$O28 -> 0 | F98: =F64/$O28 -> 834.43115 | G98: =G64/$O28 -> -624.54356 | H98: =H64/$O28 -> -966.83324 | I98: =I64/$O28 -> -79.830267 | ... Q98: =Q64/$O28 -> 704.37382 | S98: =S64/$O28 -> -0.28924475 | U98: 0 | V98: 638.98068 | W98: 0 | X98: 0 | Y98: 0 | Z98: 0 | AA98: 0 | AB98: 0 | AC98: 0 | AD98: 0 | AE98: 0 | AF98: 0 | AG98: -454.04154 | AH98: 0 | AI98: 0 | AJ98: -809.05597 | AK98: 0 | AL98: 0 | AM98: 0 | AN98: 777.48723 | AO98: 0 | AP98: 0 | AQ98: -966.83324 | AR98: 966.83324 | AS98: 0 | AT98: 0 | AU98: 0 | AV98: 0 | AW98: 542.13363 | AX98: -1460.9663 | AY98: -48.000577 | AZ98: 450.97191
B99: =B65/$O29 -> 0 | C99: =C65/$O29 -> 0 | D99: =D65/$O29 -> 0 | E99: =E65/$O29 -> 0 | F99: =F65/$O29 -> 0 | G99: =G65/$O29 -> 0 | H99: =H65/$O29 -> 966.83324 | I99: =I65/$O29 -> 79.830267 | ... Q99: =Q65/$O29 -> 846.80564 | S99: =S65/$O29 -> -0.61570243 | U99: 0 | V99: 583.41714 | W99: 0 | X99: 0 | Y99: 0 | Z99: 0 | AA99: 0 | AB99: 0 | AC99: 0 | AD99: 0 | AE99: 0 | AF99: 0 | AG99: 618.00099 | AH99: 0 | AI99: 0 | AJ99: 317.84341 | AK99: 0 | AL99: 0 | AM99: 0 | AN99: -362.82738 | AO99: 0 | AP99: 0 | AQ99: -79.830267 | AR99: 79.830267 | AS99: 0 | AT99: 0 | AU99: 0 | AV99: 0 | AW99: 1161.7149 | AX99: -155.37438 | AY99: -1086.1708 | AZ99: -1233.2713
B100: =B66/$O30 -> 0 | C100: =C66/$O30 -> 0 | D100: =D66/$O30 -> 0 | E100: =E66/$O30 -> 0 | F100: =F66/$O30 -> 0 | G100: =G66/$O30 -> 0 | H100: =H66/$O30 -> 0 | I100: =I66/$O30 -> 0 | ... Q100: =Q66/$O30 -> 326.93109 | S100: =S66/$O30 -> 0.31846661 | U100: 0 | V100: 0 | W100: -166.41647 | X100: 0 | Y100: 0 | Z100: 0 | AA100: 0 | AB100: 0 | AC100: -11.835306 | AD100: 0 | AE100: 0 | AF100: 0 | AG100: 0 | AH100: 0 | AI100: 0 | AJ100: 0 | AK100: 0 | AL100: 0 | AM100: -377.87888 | AN100: -777.48723 | AO100: 0 | AP100: 0 | AQ100: 0 | AR100: 0 | AS100: 0 | AT100: 0 | AU100: -502.98654 | AV100: 616.21227 | AW100: 7.6243811 | AX100: 542.13363 | AY100: 0 | AZ100: 0
B101: =B67/$O31 -> 1134.4354 | C101: =C67/$O31 -> -544.82753 | D101: =D67/$O31 -> 0 | E101: =E67/$O31 -> 0 | F101: =F67/$O31 -> 0 | G101: =G67/$O31 -> 0 | H101: =H67/$O31 -> 0 | I101: =I67/$O31 -> 0 | ... Q101: =Q67/$O31 -> -708.73947 | S101: =S67/$O31 -> -0.76171188 | U101: 0 | V101: 0 | W101: 832.08235 | X101: 0 | Y101: 0 | Z101: 0 | AA101: 0 | AB101: 0 | AC101: 757.4596 | AD101: 0 | AE101: 0 | AF101: 0 | AG101: 0 | AH101: 0 | AI101: 0 | AJ101: 0 | AK101: 0 | AL101: 0 | AM101: 647.79236 | AN101: 362.82738 | AO101: 0 | AP101: 0 | AQ101: 0 | AR101: 0 | AS101: 0 | AT101: 0 | AU101: -222.83493 | AV101: -87.498115 | AW101: -841.02274 | AX101: 1161.7149 | AY101: 0 | AZ101: 0
B102: =B68/$O32 -> 0 | C102: =C68/$O32 -> 0 | D102: =D68/$O32 -> 0 | E102: =E68/$O32 -> 0 | F102: =F68/$O32 -> 0 | G102: =G68/$O32 -> 0 | H102: =H68/$O32 -> 0 | I102: =I68/$O32 -> 0 | ... Q102: =Q68/$O32 -> 0 | S102: =S68/$O32 -> 0.1806067 | U102: -173.64518 | V102: -638.98068 | W102: 166.41647 | X102: 176.4747 | Y102: -648.84292 | Z102: 0 | AA102: 0 | AB102: 176.47447 | AC102: 0 | AD102: 0 | AE102: 0 | AF102: -173.64492 | AG102: 0 | AH102: 0 | AI102: 0 | AJ102: 0 | AK102: -778.90939 | AL102: 0 | AM102: 0 | AN102: 0 | AO102: 0 | AP102: 0 | AQ102: 0 | AR102: -787.29216 | AS102: 787.29216 | AT102: 0 | AU102: 1165.9703 | AV102: -1165.9703 | AW102: 0 | AX102: 918.83266 | AY102: -918.83266 | AZ102: 0
B103: =B69/$O33 -> 0 | C103: =C69/$O33 -> 0 | D103: =D69/$O33 -> 0 | E103: =E69/$O33 -> 0 | F103: =F69/$O33 -> 0 | G103: =G69/$O33 -> 0 | H103: =H69/$O33 -> 0 | I103: =I69/$O33 -> 0 | ... Q103: =Q69/$O33 -> 320.69217 | S103: =S69/$O33 -> 0.57292411 | U103: 766.93288 | V103: -583.41714 | W103: -832.08235 | X103: 852.96103 | Y103: 551.27256 | Z103: 0 | AA103: 0 | AB103: 852.95992 | AC103: 0 | AD103: 0 | AE103: 0 | AF103: 766.93173 | AG103: 0 | AH103: 0 | AI103: 0 | AJ103: 0 | AK103: -152.72733 | AL103: 0 | AM103: 0 | AN103: 0 | AO103: 0 | AP103: 0 | AQ103: 0 | AR103: -926.63591 | AS103: 926.63591 | AT103: 0 | AU103: 233.19406 | AV103: -233.19406 | AW103: 0 | AX103: -1006.3405 | AY103: 1006.3405 | AZ103: 0
B104: =B70/$O34 -> 0 | C104: =C70/$O34 -> 0 | D104: =D70/$O34 -> 0 | E104: =E70/$O34 -> 0 | F104: =F70/$O34 -> 0 | G104: =G70/$O34 -> 0 | H104: =H70/$O34 -> 542.13363 | I104: =I70/$O34 -> 1161.7149 | ... Q104: =Q70/$O34 -> -320.69217 | S104: =S70/$O34 -> 1.6272532 | U104: 0 | V104: 0 | W104: 0 | X104: -176.4747 | Y104: 0 | Z104: -521.7399 | AA104: -841.48805 | AB104: -176.47447 | AC104: 11.835306 | AD104: 0 | AE104: 0 | AF104: 0 | AG104: 0 | AH104: 0 | AI104: 0 | AJ104: 0 | AK104: 0 | AL104: 0 | AM104: 0 | AN104: 0 | AO104: 0 | AP104: 0 | AQ104: 0 | AR104: 0 | AS104: 246.09904 | AT104: -246.09904 | AU104: -662.98373 | AV104: 0 | AW104: 0 | AX104: 0 | AY104: 0 | AZ104: 0
B105: =B71/$O35 -> 0 | C105: =C71/$O35 -> 0 | D105: =D71/$O35 -> 0 | E105: =E71/$O35 -> 0 | F105: =F71/$O35 -> 0 | G105: =G71/$O35 -> 0 | H105: =H71/$O35 -> -1460.9663 | I105: =I71/$O35 -> -155.37438 | ... Q105: =Q71/$O35 -> 0 | S105: =S71/$O35 -> 0.37509482 | U105: 0 | V105: 0 | W105: 0 | X105: -852.96103 | Y105: 0 | Z105: 695.6532 | AA105: -165.20011 | AB105: -852.95992 | AC105: -757.4596 | AD105: 0 | AE105: 0 | AF105: 0 | AG105: 0 | AH105: 0 | AI105: 0 | AJ105: 0 | AK105: 0 | AL105: 0 | AM105: 0 | AN105: 0 | AO105: 0 | AP105: 0 | AQ105: 0 | AR105: 0 | AS105: -1253.567 | AT105: 1253.567 | AU105: -10.359121 | AV105: 0 | AW105: 0 | AX105: 0 | AY105: 0 | AZ105: 0
B106: =B72/$O36 -> 0 | C106: =C72/$O36 -> 0 | D106: =D72/$O36 -> 0 | E106: =E72/$O36 -> 0 | F106: =F72/$O36 -> 0 | G106: =G72/$O36 -> 0 | H106: =H72/$O36 -> -48.000577 | I106: =I72/$O36 -> -1086.1708 | ... Q106: =Q72/$O36 -> 79.830267 | S106: =S72/$O36 -> -0.89209799 | U106: 0 | V106: 0 | W106: 0 | X106: 0 | Y106: 648.84292 | Z106: 0 | AA106: 841.48805 | AB106: 0 | AC106: 0 | AD106: 0 | AE106: 370.45686 | AF106: 0 | AG106: 0 | AH106: -847.24648 | AI106: 0 | AJ106: 0 | AK106: 0 | AL106: -497.85116 | AM106: 377.87888 | AN106: 0 | AO106: 922.01639 | AP106: 1046.8502 | AQ106: 132.40209 | AR106: -179.54107 | AS106: -1033.3912 | AT106: -888.33636 | AU106: 0 | AV106: 549.75801 | AW106: -549.75801 | AX106: 0 | AY106: 966.83324 | AZ106: -966.83324
B107: =B73/$O37 -> 0 | C107: =C73/$O37 -> 0 | D107: =D73/$O37 -> 0 | E107: =E73/$O37 -> 0 | F107: =F73/$O37 -> 515.86133 | G107: =G73/$O37 -> 1313.1016 | H107: =H73/$O37 -> 450.97191 | I107: =I73/$O37 -> -1233.2713 | ... Q107: =Q73/$O37 -> -79.830267 | S107: =S73/$O37 -> -1.7157709 | U107: 0 | V107: 0 | W107: 0 | X107: 0 | Y107: -551.27256 | Z107: 0 | AA107: 165.20011 | AB107: 0 | AC107: 0 | AD107: 0 | AE107: 771.36224 | AF107: 0 | AG107: 0 | AH107: 141.20775 | AI107: 0 | AJ107: 0 | AK107: 0 | AL107: -665.1618 | AM107: -647.79236 | AN107: 0 | AO107: -1819.3416 | AP107: 649.9705 | AQ107: 704.37382 | AR107: 846.80564 | AS107: 326.93109 | AT107: -708.73947 | AU107: 0 | AV107: 320.69217 | AW107: -320.69217 | AX107: 0 | AY107: 79.830267 | AZ107: -79.830267
B109: ATA | R109: ST | V109: ATL
B110: {=MMULT(_xlfn.ANCHORARRAY(U92),B76:Q107)} -> 3529835.6 | C110: -1321072 | D110: -727167.85 | E110: -1704466.7 | F110: 0 | G110: 0 | H110: 0 | I110: 0 | J110: 0 | K110: 0 | L110: -60305.207 | M110: 266348 | N110: -551395.99 | O110: 1785040.8 | P110: -2190966.5 | Q110: 974149.92 | R110: 0 | S110: 0 | T110: 0 | V110: {=MMULT(_xlfn.ANCHORARRAY(U92),S76:S107)} -> -2732.5986
B111: -1321072 | C111: 2986537.5 | D111: -142881.15 | E111: 556830.31 | F111: 0 | G111: 0 | H111: 0 | I111: 0 | J111: 0 | K111: 0 | L111: 266348 | M111: -1176370.3 | N111: 497031.57 | O111: -1166911.2 | P111: 700573.58 | Q111: -1200086.3 | R111: 0 | S111: 0 | T111: 0 | V111: 140.6464 | Z111: Nr | AA111: X | AB111: Y | AC111: ∆X | AD111: ∆Y | AE111: d^2 | AF111: A | AG111: B
B112: -727167.85 | C112: -142881.15 | D112: 1530177.5 | E112: 258472.98 | F112: 147487.77 | G112: 8701.1162 | H112: -206153.72 | I112: 280598.12 | J112: 0 | K112: 0 | L112: 0 | M112: 0 | N112: 0 | O112: 0 | P112: -744343.67 | Q112: -404891.06 | R112: 0 | S112: 0 | T112: 0 | V112: 1157.4683 | Y112: Początek | Z112: 9 | AA112: =VLOOKUP(Z112,$P$5:$R$13,2,FALSE) -> 314 | AB112: =VLOOKUP(Z112,$P$5:$R$13,3,FALSE) -> 271 | AC112: =AA113-AA112 -> -169 | AD112: =AB113-AB112 -> 289 | AE112: =AC112^2+AD112^2 -> 112082 | AF112: =AD112/AE112*(200/PI()*10000) -> 1641.5046 | AG112: =-AC112/AE112*200/PI()*10000 -> 959.91097
B113: -1704466.7 | C113: 556830.31 | D113: 258472.98 | E113: 4459685.7 | F113: 1204860.3 | G113: -1467478.2 | H113: 280598.12 | I113: -381925.22 | J113: 0 | K113: 0 | L113: 0 | M113: 0 | N113: 0 | O113: 0 | P113: -39464.619 | Q113: -3167112.6 | R113: 0 | S113: 0 | T113: 0 | V113: -408.63508 | Y113: Koniec | Z113: 6 | AA113: =VLOOKUP(Z113,$P$5:$R$13,2,FALSE) -> 145 | AB113: =VLOOKUP(Z113,$P$5:$R$13,3,FALSE) -> 560
B114: 0 | C114: 0 | D114: 147487.77 | E114: 1204860.3 | F114: 3197552 | G114: -313305.71 | H114: -1228688.4 | I114: -445656.71 | J114: 0 | K114: 0 | L114: -606699.84 | M114: -118960.75 | N114: 0 | O114: 0 | P114: -1509651.6 | Q114: -326937.09 | R114: 0 | S114: 0 | T114: 0 | V114: -3237.8525
B115: 0 | C115: 0 | D115: 8701.1162 | E115: -1467478.2 | F115: -313305.71 | G115: 3742624 | H115: 1453154.5 | I115: -1670577.4 | J115: 0 | K115: 0 | L115: -118960.75 | M115: -23325.638 | N115: 0 | O115: 0 | P115: -1029589.2 | Q115: -581242.71 | R115: 0 | S115: 0 | T115: 0 | V115: 22.251976
...

Sheet Wyrównanie wstępne - aktualny
B3: c | C3: l | D3: p | E3: L obs [m] | F3: ∆x | G3: ∆y | H3: L przyb [m] | I3: Az [g] | J3: Sin Az | K3: Cos Az | L3: Błąd [m] | M3: l [m] | P3: Współrzedne przybliżone
B4: =Dane!F5 -> 7 | C4: =Dane!G5 -> 1 | D4: =Dane!H5 -> 0 | E4: =Dane!I5 -> 271.702 | F4: =Dane!M5-Dane!M11 -> 60 | G4: =Dane!N5-Dane!N11 -> -265 | H4: =SQRT(F4^2+G4^2) -> 271.70756 | I4: =IF(ATAN2(F4,G4)*200/PI()<0,ATAN2(F4,G4)*200/PI()+400) -> 314.17504 | J4: =SIN(I4*PI()/200) -> -0.9753133 | K4: =COS(I4*PI()/200) -> 0.22082565 | L4: =0.001+0.000001*E4 -> 0.001271702 | M4: =H4-E4 -> 0.0055633839 | P4: NR | Q4: Xo | R4: Yo
B5: =Dane!F6 -> 7 | C5: =Dane!G6 -> 5 | D5: =Dane!H6 -> 0 | E5: =Dane!I6 -> 155.7279 | F5: =Dane!M9-Dane!M11 -> 115 | G5: =Dane!N9-Dane!N11 -> 105 | H5: =SQRT(F5^2+G5^2) -> 155.72412 | I5: =IF(ATAN2(F5,G5)*200/PI()<0,ATAN2(F5,G5)*200/PI()+400,ATAN2(F5,G5)*200/PI()) -> 47.108264 | J5: =SIN(I5*PI()/200) -> 0.67426936 | K5: =COS(I5*PI()/200) -> 0.73848549 | L5: =0.001+0.000001*E5 -> 0.0011557279 | M5: =H5-E5 -> -0.003784976 | P5: 1 | Q5: 240 | R5: 120
B6: =Dane!F7 -> 7 | C6: =Dane!G7 -> 6 | D6: =Dane!H7 -> 0 | E6: =Dane!I7 -> 178.4685 | F6: =Dane!M10-Dane!M11 -> -35 | G6: =Dane!N10-Dane!N11 -> 175 | H6: =SQRT(F6^2+G6^2) -> 178.46568 | I6: =IF(ATAN2(F6,G6)*200/PI()<0,ATAN2(F6,G6)*200/PI()+400,ATAN2(F6,G6)*200/PI()) -> 112.56659 | J6: =SIN(I6*PI()/200) -> 0.98058068 | K6: =COS(I6*PI()/200) -> -0.19611614 | L6: =0.001+0.000001*E6 -> 0.0011784685 | M6: =H6-E6 -> -0.0028170243 | P6: 2 | Q6: 385 | R6: 145
B7: =Dane!F8 -> 7 | C7: =Dane!G8 -> 8 | D7: =Dane!H8 -> 0 | E7: =Dane!I8 -> 148.0689 | F7: =Dane!M12-Dane!M11 -> -30 | G7: =Dane!N12-Dane!N11 -> -145 | H7: =SQRT(F7^2+G7^2) -> 148.07093 | I7: =IF(ATAN2(F7,G7)*200/PI()<0,ATAN2(F7,G7)*200/PI()+400) -> 287.01181 | J7: =SIN(I7*PI()/200) -> -0.97926042 | K7: =COS(I7*PI()/200) -> -0.2026056 | L7: =0.001+0.000001*E7 -> 0.0011480689 | M7: =H7-E7 -> 0.0020289496 | P7: 3 | Q7: 475 | R7: 245
B8: =Dane!F9 -> 7 | C8: =Dane!G9 -> 9 | D8: =Dane!H9 -> 0 | E8: =Dane!I9 -> 174.522 | F8: =Dane!M13-Dane!M11 -> 133 | G8: =Dane!N13-Dane!N11 -> -113 | H8: =SQRT(F8^2+G8^2) -> 174.5222 | I8: =IF(ATAN2(F8,G8)*200/PI()<0,ATAN2(F8,G8)*200/PI()+400) -> 355.16441 | J8: =SIN(I8*PI()/200) -> -0.64748208 | K8: =COS(I8*PI()/200) -> 0.76208068 | L8: =0.001+0.000001*E8 -> 0.001174522 | M8: =H8-E8 -> 0.00020489095 | P8: 4 | Q8: 435 | R8: 435
B9: =Dane!F10 -> 8 | C9: =Dane!G10 -> 1 | D9: =Dane!H10 -> 0 | E9: =Dane!I10 -> 150.0006 | F9: =Dane!M5-Dane!M12 -> 90 | G9: =Dane!N5-Dane!N12 -> -120 | H9: =SQRT(F9^2+G9^2) -> 150 | I9: =IF(ATAN2(F9,G9)*200/PI()<0,ATAN2(F9,G9)*200/PI()+400) -> 340.96655 | J9: =SIN(I9*PI()/200) -> -0.8 | K9: =COS(I9*PI()/200) -> 0.6 | L9: =0.001+0.000001*E9 -> 0.0011500006 | M9: =H9-E9 -> -0.0006 | P9: 5 | Q9: 295 | R9: 490
B10: =Dane!F11 -> 8 | C10: =Dane!G11 -> 9 | D10: =Dane!H11 -> 0 | E10: =Dane!I11 -> 166.1145 | F10: =Dane!M13-Dane!M12 -> 163 | G10: =Dane!N13-Dane!N12 -> 32 | H10: =SQRT(F10^2+G10^2) -> 166.11141 | I10: =IF(ATAN2(F10,G10)*200/PI()<0,ATAN2(F10,G10)*200/PI()+400,ATAN2(F10,G10)*200/PI()) -> 12.341107 | J10: =SIN(I10*PI()/200) -> 0.1926418 | K10: =COS(I10*PI()/200) -> 0.98126915 | L10: =0.001+0.000001*E10 -> 0.0011661145 | M10: =H10-E10 -> -0.0030916019 | P10: 6 | Q10: 145 | R10: 560
B11: =Dane!F12 -> 8 | C11: =Dane!G12 -> 7 | D11: =Dane!H12 -> 0 | E11: =Dane!I12 -> 148.0712 | F11: =Dane!M11-Dane!M12 -> 30 | G11: =Dane!N11-Dane!N12 -> 145 | H11: =SQRT(F11^2+G11^2) -> 148.07093 | I11: =IF(ATAN2(F11,G11)*200/PI()<0,ATAN2(F11,G11)*200/PI()+400,ATAN2(F11,G11)*200/PI()) -> 87.011812 | J11: =SIN(I11*PI()/200) -> 0.97926042 | K11: =COS(I11*PI()/200) -> 0.2026056 | L11: =0.001+0.000001*E11 -> 0.0011480712 | M11: =H11-E11 -> -0.00027105039 | P11: 7 | Q11: 180 | R11: 385
B12: =Dane!F13 -> 8 | C12: =Dane!G13 -> 6 | D12: =Dane!H13 -> 0 | E12: =Dane!I13 -> 320.0445 | F12: =Dane!M10-Dane!M12 -> -5 | G12: =Dane!N10-Dane!N12 -> 320 | H12: =SQRT(F12^2+G12^2) -> 320.03906 | I12: =IF(ATAN2(F12,G12)*200/PI()<0,ATAN2(F12,G12)*200/PI()+400,ATAN2(F12,G12)*200/PI()) -> 100.99464 | J12: =SIN(I12*PI()/200) -> 0.99987795 | K12: =COS(I12*PI()/200) -> -0.015623093 | L12: =0.001+0.000001*E12 -> 0.0013200445 | M12: =H12-E12 -> -0.0054398839 | P12: 8 | Q12: 150 | R12: 240
B13: =Dane!F14 -> 1 | C13: =Dane!G14 -> 2 | D13: =Dane!H14 -> 0 | E13: =Dane!I14 -> 147.1241 | F13: =Dane!M6-Dane!M5 -> 145 | G13: =Dane!N6-Dane!N5 -> 25 | H13: =SQRT(F13^2+G13^2) -> 147.13939 | I13: =IF(ATAN2(F13,G13)*200/PI()<0,ATAN2(F13,G13)*200/PI()+400,ATAN2(F13,G13)*200/PI()) -> 10.869341 | J13: =SIN(I13*PI()/200) -> 0.16990692 | K13: =COS(I13*PI()/200) -> 0.98546012 | L13: =0.001+0.000001*E13 -> 0.0011471241 | M13: =H13-E13 -> 0.015289696 | P13: 9 | Q13: 314 | R13: 271
B14: =Dane!F15 -> 1 | C14: =Dane!G15 -> 9 | D14: =Dane!H15 -> 0 | E14: =Dane!I15 -> 168.6108 | F14: =Dane!M13-Dane!M5 -> 73 | G14: =Dane!N13-Dane!N5 -> 152 | H14: =SQRT(F14^2+G14^2) -> 168.62088 | I14: =IF(ATAN2(F14,G14)*200/PI()<0,ATAN2(F14,G14)*200/PI()+400,ATAN2(F14,G14)*200/PI()) -> 71.496379 | J14: =SIN(I14*PI()/200) -> 0.90143049 | K14: =COS(I14*PI()/200) -> 0.43292386 | L14: =0.001+0.000001*E14 -> 0.0011686108 | M14: =H14-E14 -> 0.010076525
B15: =Dane!F16 -> 1 | C15: =Dane!G16 -> 7 | D15: =Dane!H16 -> 0 | E15: =Dane!I16 -> 271.7008 | F15: =Dane!M11-Dane!M5 -> -60 | G15: =Dane!N11-Dane!N5 -> 265 | H15: =SQRT(F15^2+G15^2) -> 271.70756 | I15: =IF(ATAN2(F15,G15)*200/PI()<0,ATAN2(F15,G15)*200/PI()+400,ATAN2(F15,G15)*200/PI()) -> 114.17504 | J15: =SIN(I15*PI()/200) -> 0.9753133 | K15: =COS(I15*PI()/200) -> -0.22082565 | L15: =0.001+0.000001*E15 -> 0.0012717008 | M15: =H15-E15 -> 0.0067633839
B16: =Dane!F17 -> 2 | C16: =Dane!G17 -> 8 | D16: =Dane!H17 -> 0 | E16: =Dane!I17 -> 253.4723 | F16: =Dane!M12-Dane!M6 -> -235 | G16: =Dane!N12-Dane!N6 -> 95 | H16: =SQRT(F16^2+G16^2) -> 253.47584 | I16: =IF(ATAN2(F16,G16)*200/PI()<0,ATAN2(F16,G16)*200/PI()+400,ATAN2(F16,G16)*200/PI()) -> 175.54302 | J16: =SIN(I16*PI()/200) -> 0.37478918 | K16: =COS(I16*PI()/200) -> -0.92711007 | L16: =0.001+0.000001*E16 -> 0.0012534723 | M16: =H16-E16 -> 0.0035371127
B17: =Dane!F18 -> 2 | C17: =Dane!G18 -> 9 | D17: =Dane!H18 -> 0 | E17: =Dane!I18 -> 145.9865 | F17: =Dane!M13-Dane!M6 -> -72 | G17: =Dane!N13-Dane!N6 -> 127 | H17: =SQRT(F17^2+G17^2) -> 145.98973 | I17: =IF(ATAN2(F17,G17)*200/PI()<0,ATAN2(F17,G17)*200/PI()+400,ATAN2(F17,G17)*200/PI()) -> 132.83352 | J17: =SIN(I17*PI()/200) -> 0.86992423 | K17: =COS(I17*PI()/200) -> -0.49318539 | L17: =0.001+0.000001*E17 -> 0.0011459865 | M17: =H17-E17 -> 0.0032256659
B18: =Dane!F19 -> 2 | C18: =Dane!G19 -> 4 | D18: =Dane!H19 -> 0 | E18: =Dane!I19 -> 294.2725 | F18: =Dane!M8-Dane!M6 -> 50 | G18: =Dane!N8-Dane!N6 -> 290 | H18: =SQRT(F18^2+G18^2) -> 294.27878 | I18: =IF(ATAN2(F18,G18)*200/PI()<0,ATAN2(F18,G18)*200/PI()+400,ATAN2(F18,G18)*200/PI()) -> 89.130659 | J18: =SIN(I18*PI()/200) -> 0.98546012 | K18: =COS(I18*PI()/200) -> 0.16990692 | L18: =0.001+0.000001*E18 -> 0.0012942725 | M18: =H18-E18 -> 0.0062793912
B19: =Dane!F20 -> 4 | C19: =Dane!G20 -> 5 | D19: =Dane!H20 -> 0 | E19: =Dane!I20 -> 150.4243 | F19: =Dane!M9-Dane!M8 -> -140 | G19: =Dane!N9-Dane!N8 -> 55 | H19: =SQRT(F19^2+G19^2) -> 150.41609 | I19: =IF(ATAN2(F19,G19)*200/PI()<0,ATAN2(F19,G19)*200/PI()+400,ATAN2(F19,G19)*200/PI()) -> 176.16918 | J19: =SIN(I19*PI()/200) -> 0.36565237 | K19: =COS(I19*PI()/200) -> -0.93075149 | L19: =0.001+0.000001*E19 -> 0.0011504243 | M19: =H19-E19 -> -0.0082104351
B20: =Dane!F21 -> 4 | C20: =Dane!G21 -> 7 | D20: =Dane!H21 -> 0 | E20: =Dane!I21 -> 259.868 | F20: =Dane!M11-Dane!M8 -> -255 | G20: =Dane!N11-Dane!N8 -> -50 | H20: =SQRT(F20^2+G20^2) -> 259.85573 | I20: =IF(ATAN2(F20,G20)*200/PI()<0,ATAN2(F20,G20)*200/PI()+400) -> 212.32636 | J20: =SIN(I20*PI()/200) -> -0.19241446 | K20: =COS(I20*PI()/200) -> -0.98131375 | L20: =0.001+0.000001*E20 -> 0.001259868 | M20: =H20-E20 -> -0.012270796
B21: =Dane!F22 -> 4 | C21: =Dane!G22 -> 9 | D21: =Dane!H22 -> 0 | E21: =Dane!I22 -> 203.6019 | F21: =Dane!M13-Dane!M8 -> -122 | G21: =Dane!N13-Dane!N8 -> -163 | H21: =SQRT(F21^2+G21^2) -> 203.6001 | I21: =IF(ATAN2(F21,G21)*200/PI()<0,ATAN2(F21,G21)*200/PI()+400) -> 259.09598 | J21: =SIN(I21*PI()/200) -> -0.800589 | K21: =COS(I21*PI()/200) -> -0.59921386 | L21: =0.001+0.000001*E21 -> 0.0012036019 | M21: =H21-E21 -> -0.0018017682
B22: =Dane!F23 -> 6 | C22: =Dane!G23 -> 9 | D22: =Dane!H23 -> 0 | E22: =Dane!I23 -> 333.4174 | F22: =Dane!M13-Dane!M10 -> 168 | G22: =Dane!N13-Dane!N10 -> -288 | H22: =SQRT(F22^2+G22^2) -> 333.41866 | I22: =IF(ATAN2(F22,G22)*200/PI()<0,ATAN2(F22,G22)*200/PI()+400) -> 333.61826 | J22: =SIN(I22*PI()/200) -> -0.8637789 | K22: =COS(I22*PI()/200) -> 0.50387103 | L22: =0.001+0.000001*E22 -> 0.0013334174 | M22: =H22-E22 -> 0.0012557468
B23: =Dane!F24 -> 6 | C23: =Dane!G24 -> 5 | D23: =Dane!H24 -> 0 | E23: =Dane!I24 -> 165.5303 | F23: =Dane!M9-Dane!M10 -> 150 | G23: =Dane!N9-Dane!N10 -> -70 | H23: =SQRT(F23^2+G23^2) -> 165.52945 | I23: =IF(ATAN2(F23,G23)*200/PI()<0,ATAN2(F23,G23)*200/PI()+400) -> 372.20345 | J23: =SIN(I23*PI()/200) -> -0.42288547 | K23: =COS(I23*PI()/200) -> 0.90618314 | L23: =0.001+0.000001*E23 -> 0.0011655303 | M23: =H23-E23 -> -0.00084642753
B25: c | C25: l | D25: p | E25: b obs [g] | F25: ∆xcl | G25: ∆ycl | H25: ∆xcp | I25: ∆ycp | J25: d²cl | K25: d²cp | L25: Az cl [g] | M25: Az cp [g] | N25: b przyb [g] | O25: Błąd [cc] | P25: l [g] | Q25: Acl. | R25: Bcl | S25: Acp | T25: Bcp
B26: =Dane!F25 -> 9 | C26: =Dane!G25 -> 1 | D26: =Dane!H25 -> 2 | E26: =Dane!I25 -> 61.3342 | F26: =Dane!M5-Dane!M13 -> -73 | G26: =Dane!N5-Dane!N13 -> -152 | H26: =Dane!M6-Dane!M13 -> 72 | I26: =Dane!N6-Dane!N13 -> -127 | J26: =F26^2+G26^2 -> 28433 | K26: =H26^2+I26^2 -> 21313 | L26: =IF(ATAN2(F26,G26)*200/PI()<0,ATAN2(F26,G26)*200/PI()+400,ATAN2(F26,G26)*200/PI()) -> 271.49638 | M26: =IF(ATAN2(H26,I26)*200/PI()<0,ATAN2(H26,I26)*200/PI()+400,ATAN2(H26,I26)*200/PI()) -> 332.83352 | N26: =IF(M26-L26<0,M26-L26+400,M26-L26) -> 61.337137 | O26: =Dane!$M$15 -> 3 | P26: =N26-E26 -> 0.0029366713 | Q26: =F26/J26*(2000000/PI()) -> -1634.4826 | R26: =G26/J26*2000000/PI() -> -3403.3062 | S26: =H26/K26*2000000/PI() -> 2150.6416 | T26: =I26/K26*2000000/PI() -> -3793.4928
B27: =Dane!F26 -> 9 | C27: =Dane!G26 -> 2 | D27: =Dane!H26 -> 4 | E27: =Dane!I26 -> 126.2606 | F27: =Dane!M6-Dane!M13 -> 72 | G27: =Dane!N6-Dane!N13 -> -127 | H27: =Dane!M8-Dane!M13 -> 122 | I27: =Dane!N8-Dane!N13 -> 163 | J27: =F27^2+G27^2 -> 21313 | K27: =H27^2+I27^2 -> 41453 | L27: =IF(ATAN2(F27,G27)*200/PI()<0,ATAN2(F27,G27)*200/PI()+400,ATAN2(F27,G27)*200/PI()) -> 332.83352 | M27: =IF(ATAN2(H27,I27)*200/PI()<0,ATAN2(H27,I27)*200/PI()+400,ATAN2(H27,I27)*200/PI()) -> 59.095983 | N27: =IF(M27-L27<0,M27-L27+400,M27-L27) -> 126.26247 | O27: =Dane!$M$15 -> 3 | P27: =N27-E27 -> 0.0018677864 | Q27: =F27/J27*(2000000/PI()) -> 2150.6416 | R27: =G27/J27*2000000/PI() -> -3793.4928 | S27: =H27/K27*2000000/PI() -> 1873.6307 | T27: =I27/K27*2000000/PI() -> 2503.2934
B28: =Dane!F27 -> 9 | C28: =Dane!G27 -> 4 | D28: =Dane!H27 -> 5 | E28: =Dane!I27 -> 46.1513 | F28: =Dane!M8-Dane!M13 -> 122 | G28: =Dane!N8-Dane!N13 -> 163 | H28: =Dane!M9-Dane!M13 -> -18 | I28: =Dane!N9-Dane!N13 -> 218 | J28: =F28^2+G28^2 -> 41453 | K28: =H28^2+I28^2 -> 47848 | L28: =IF(ATAN2(F28,G28)*200/PI()<0,ATAN2(F28,G28)*200/PI()+400,ATAN2(F28,G28)*200/PI()) -> 59.095983 | M28: =IF(ATAN2(H28,I28)*200/PI()<0,ATAN2(H28,I28)*200/PI()+400,ATAN2(H28,I28)*200/PI()) -> 105.2446 | N28: =IF(M28-L28<0,M28-L28+400,M28-L28) -> 46.148613 | O28: =Dane!$M$15 -> 3 | P28: =N28-E28 -> -0.0026867734 | Q28: =F28/J28*(2000000/PI()) -> 1873.6307 | R28: =G28/J28*2000000/PI() -> 2503.2934 | S28: =H28/K28*2000000/PI() -> -239.4908 | T28: =I28/K28*2000000/PI() -> 2900.4997
B29: =Dane!F28 -> 9 | C29: =Dane!G28 -> 5 | D29: =Dane!H28 -> 7 | E29: =Dane!I28 -> 49.9219 | F29: =Dane!M9-Dane!M13 -> -18 | G29: =Dane!N9-Dane!N13 -> 218 | H29: =Dane!M11-Dane!M13 -> -133 | I29: =Dane!N11-Dane!N13 -> 113 | J29: =F29^2+G29^2 -> 47848 | K29: =H29^2+I29^2 -> 30458 | L29: =IF(ATAN2(F29,G29)*200/PI()<0,ATAN2(F29,G29)*200/PI()+400,ATAN2(F29,G29)*200/PI()) -> 105.2446 | M29: =IF(ATAN2(H29,I29)*200/PI()<0,ATAN2(H29,I29)*200/PI()+400,ATAN2(H29,I29)*200/PI()) -> 155.16441 | N29: =IF(M29-L29<0,M29-L29+400,M29-L29) -> 49.919815 | O29: =Dane!$M$15 -> 3 | P29: =N29-E29 -> -0.0020847107 | Q29: =F29/J29*(2000000/PI()) -> -239.4908 | R29: =G29/J29*2000000/PI() -> 2900.4997 | S29: =H29/K29*2000000/PI() -> -2779.9077 | T29: =I29/K29*2000000/PI() -> 2361.8765
B30: =Dane!F29 -> 9 | C30: =Dane!G29 -> 7 | D30: =Dane!H29 -> 8 | E30: =Dane!I29 -> 57.1764 | F30: =Dane!M11-Dane!M13 -> -133 | G30: =Dane!N11-Dane!N13 -> 113 | H30: =Dane!M12-Dane!M13 -> -163 | I30: =Dane!N12-Dane!N13 -> -32 | J30: =F30^2+G30^2 -> 30458 | K30: =H30^2+I30^2 -> 27593 | L30: =IF(ATAN2(F30,G30)*200/PI()<0,ATAN2(F30,G30)*200/PI()+400,ATAN2(F30,G30)*200/PI()) -> 155.16441 | M30: =IF(ATAN2(H30,I30)*200/PI()<0,ATAN2(H30,I30)*200/PI()+400,ATAN2(H30,I30)*200/PI()) -> 212.34111 | N30: =IF(M30-L30<0,M30-L30+400,M30-L30) -> 57.176696 | O30: =Dane!$M$15 -> 3 | P30: =N30-E30 -> 0.00029553998 | Q30: =F30/J30*(2000000/PI()) -> -2779.9077 | R30: =G30/J30*2000000/PI() -> 2361.8765 | S30: =H30/K30*2000000/PI() -> -3760.701 | T30: =I30/K30*2000000/PI() -> -738.29713
B31: =Dane!F30 -> 9 | C31: =Dane!G30 -> 8 | D31: =Dane!H30 -> 1 | E31: =Dane!I30 -> 59.1567 | F31: =Dane!M12-Dane!M13 -> -163 | G31: =Dane!N12-Dane!N13 -> -32 | H31: =Dane!M5-Dane!M13 -> -73 | I31: =Dane!N5-Dane!N13 -> -152 | J31: =F31^2+G31^2 -> 27593 | K31: =H31^2+I31^2 -> 28433 | L31: =IF(ATAN2(F31,G31)*200/PI()<0,ATAN2(F31,G31)*200/PI()+400,ATAN2(F31,G31)*200/PI()) -> 212.34111 | M31: =IF(ATAN2(H31,I31)*200/PI()<0,ATAN2(H31,I31)*200/PI()+400,ATAN2(H31,I31)*200/PI()) -> 271.49638 | N31: =IF(M31-L31<0,M31-L31+400,M31-L31) -> 59.155271 | O31: =Dane!$M$15 -> 3 | P31: =N31-E31 -> -0.0014285136 | Q31: =F31/J31*(2000000/PI()) -> -3760.701 | R31: =G31/J31*2000000/PI() -> -738.29713 | S31: =H31/K31*2000000/PI() -> -1634.4826 | T31: =I31/K31*2000000/PI() -> -3403.3062
B32: =Dane!F31 -> 6 | C32: =Dane!G31 -> 8 | D32: =Dane!H31 -> 7 | E32: =Dane!I31 -> 11.5714 | F32: =Dane!M12-Dane!M10 -> 5 | G32: =Dane!N12-Dane!N10 -> -320 | H32: =Dane!M11-Dane!M10 -> 35 | I32: =Dane!N11-Dane!N10 -> -175 | J32: =F32^2+G32^2 -> 102425 | K32: =H32^2+I32^2 -> 31850 | L32: =IF(ATAN2(F32,G32)*200/PI()<0,ATAN2(F32,G32)*200/PI()+400,ATAN2(F32,G32)*200/PI()) -> 300.99464 | M32: =IF(ATAN2(H32,I32)*200/PI()<0,ATAN2(H32,I32)*200/PI()+400,ATAN2(H32,I32)*200/PI()) -> 312.56659 | N32: =IF(M32-L32<0,M32-L32+400,M32-L32) -> 11.571954 | O32: =Dane!$M$15 -> 3 | P32: =N32-E32 -> 0.00055418201 | Q32: =F32/J32*(2000000/PI()) -> 31.077363 | R32: =G32/J32*2000000/PI() -> -1988.9512 | S32: =H32/K32*2000000/PI() -> 699.58217 | T32: =I32/K32*2000000/PI() -> -3497.9108
B33: =Dane!F32 -> 6 | C33: =Dane!G32 -> 7 | D33: =Dane!H32 -> 9 | E33: =Dane!I32 -> 21.0531 | F33: =Dane!M11-Dane!M10 -> 35 | G33: =Dane!N11-Dane!N10 -> -175 | H33: =Dane!M13-Dane!M10 -> 168 | I33: =Dane!N13-Dane!N10 -> -288 | J33: =F33^2+G33^2 -> 31850 | K33: =H33^2+I33^2 -> 111168 | L33: =IF(ATAN2(F33,G33)*200/PI()<0,ATAN2(F33,G33)*200/PI()+400,ATAN2(F33,G33)*200/PI()) -> 312.56659 | M33: =IF(ATAN2(H33,I33)*200/PI()<0,ATAN2(H33,I33)*200/PI()+400,ATAN2(H33,I33)*200/PI()) -> 333.61826 | N33: =IF(M33-L33<0,M33-L33+400,M33-L33) -> 21.051672 | O33: =Dane!$M$15 -> 3 | P33: =N33-E33 -> -0.0014281228 | Q33: =F33/J33*(2000000/PI()) -> 699.58217 | R33: =G33/J33*2000000/PI() -> -3497.9108 | S33: =H33/K33*2000000/PI() -> 962.07651 | T33: =I33/K33*2000000/PI() -> -1649.274
B34: =Dane!F33 -> 6 | C34: =Dane!G33 -> 9 | D34: =Dane!H33 -> 5 | E34: =Dane!I33 -> 38.5857 | F34: =Dane!M13-Dane!M10 -> 168 | G34: =Dane!N13-Dane!N10 -> -288 | H34: =Dane!M9-Dane!M10 -> 150 | I34: =Dane!N9-Dane!N10 -> -70 | J34: =F34^2+G34^2 -> 111168 | K34: =H34^2+I34^2 -> 27400 | L34: =IF(ATAN2(F34,G34)*200/PI()<0,ATAN2(F34,G34)*200/PI()+400,ATAN2(F34,G34)*200/PI()) -> 333.61826 | M34: =IF(ATAN2(H34,I34)*200/PI()<0,ATAN2(H34,I34)*200/PI()+400,ATAN2(H34,I34)*200/PI()) -> 372.20345 | N34: =IF(M34-L34<0,M34-L34+400,M34-L34) -> 38.585188 | O34: =Dane!$M$15 -> 3 | P34: =N34-E34 -> -0.00051182403 | Q34: =F34/J34*(2000000/PI()) -> 962.07651 | R34: =G34/J34*2000000/PI() -> -1649.274 | S34: =H34/K34*2000000/PI() -> 3485.1447 | T34: =I34/K34*2000000/PI() -> -1626.4009
B35: =Dane!F34 -> 5 | C35: =Dane!G34 -> 6 | D35: =Dane!H34 -> 7 | E35: =Dane!I34 -> 74.9054 | F35: =Dane!M10-Dane!M9 -> -150 | G35: =Dane!N10-Dane!N9 -> 70 | H35: =Dane!M11-Dane!M9 -> -115 | I35: =Dane!N11-Dane!N9 -> -105 | J35: =F35^2+G35^2 -> 27400 | K35: =H35^2+I35^2 -> 24250 | L35: =IF(ATAN2(F35,G35)*200/PI()<0,ATAN2(F35,G35)*200/PI()+400,ATAN2(F35,G35)*200/PI()) -> 172.20345 | M35: =IF(ATAN2(H35,I35)*200/PI()<0,ATAN2(H35,I35)*200/PI()+400,ATAN2(H35,I35)*200/PI()) -> 247.10826 | N35: =IF(M35-L35<0,M35-L35+400,M35-L35) -> 74.904813 | O35: =Dane!$M$15 -> 3 | P35: =N35-E35 -> -0.00058747156 | Q35: =F35/J35*(2000000/PI()) -> -3485.1447 | R35: =G35/J35*2000000/PI() -> 1626.4009 | S35: =H35/K35*2000000/PI() -> -3019.0216 | T35: =I35/K35*2000000/PI() -> -2756.498
B36: =Dane!F35 -> 5 | C36: =Dane!G35 -> 7 | D36: =Dane!H35 -> 9 | E36: =Dane!I35 -> 58.1359 | F36: =Dane!M11-Dane!M9 -> -115 | G36: =Dane!N11-Dane!N9 -> -105 | H36: =Dane!M13-Dane!M9 -> 18 | I36: =Dane!N13-Dane!N9 -> -218 | J36: =F36^2+G36^2 -> 24250 | K36: =H36^2+I36^2 -> 47848 | L36: =IF(ATAN2(F36,G36)*200/PI()<0,ATAN2(F36,G36)*200/PI()+400,ATAN2(F36,G36)*200/PI()) -> 247.10826 | M36: =IF(ATAN2(H36,I36)*200/PI()<0,ATAN2(H36,I36)*200/PI()+400,ATAN2(H36,I36)*200/PI()) -> 305.2446 | N36: =IF(M36-L36<0,M36-L36+400,M36-L36) -> 58.136332 | O36: =Dane!$M$15 -> 3 | P36: =N36-E36 -> 0.0004323706 | Q36: =F36/J36*(2000000/PI()) -> -3019.0216 | R36: =G36/J36*2000000/PI() -> -2756.498 | S36: =H36/K36*2000000/PI() -> 239.4908 | T36: =I36/K36*2000000/PI() -> -2900.4997
B37: =Dane!F36 -> 5 | C37: =Dane!G36 -> 9 | D37: =Dane!H36 -> 4 | E37: =Dane!I36 -> 70.9246 | F37: =Dane!M13-Dane!M9 -> 18 | G37: =Dane!N13-Dane!N9 -> -218 | H37: =Dane!M8-Dane!M9 -> 140 | I37: =Dane!N8-Dane!N9 -> -55 | J37: =F37^2+G37^2 -> 47848 | K37: =H37^2+I37^2 -> 22625 | L37: =IF(ATAN2(F37,G37)*200/PI()<0,ATAN2(F37,G37)*200/PI()+400,ATAN2(F37,G37)*200/PI()) -> 305.2446 | M37: =IF(ATAN2(H37,I37)*200/PI()<0,ATAN2(H37,I37)*200/PI()+400,ATAN2(H37,I37)*200/PI()) -> 376.16918 | N37: =IF(M37-L37<0,M37-L37+400,M37-L37) -> 70.924585 | O37: =Dane!$M$15 -> 3 | P37: =N37-E37 -> -1.4731277e-05 | Q37: =F37/J37*(2000000/PI()) -> 239.4908 | R37: =G37/J37*2000000/PI() -> -2900.4997 | S37: =H37/K37*2000000/PI() -> 3939.3047 | T37: =I37/K37*2000000/PI() -> -1547.584
B39: a | S39: l [m/cc]
B40: dx | C40: dy | D40: dx | E40: dy | F40: dx | G40: dy | H40: dx | I40: dy | J40: dx | K40: dy | L40: dx | M40: dy | N40: dx | O40: dy | P40: dx | Q40: dy
B41: 1 | C41: 1 | D41: 2 | E41: 2 | F41: 4 | G41: 4 | H41: 5 | I41: 5 | J41: 6 | K41: 6 | L41: 7 | M41: 7 | N41: 8 | O41: 8 | P41: 9 | Q41: 9
B42: =IF(B$41=$B4,IF(B$40="dx",-$K4,-$J4),IF(B$41=$C4,IF(B$40="dx",$K4,$J4),0)) -> 0.22082565 | C42: =IF(C$41=$B4,IF(C$40="dx",-$K4,-$J4),IF(C$41=$C4,IF(C$40="dx",$K4,$J4),0)) -> -0.9753133 | D42: =IF(D$41=$B4,IF(D$40="dx",-$K4,-$J4),IF(D$41=$C4,IF(D$40="dx",$K4,$J4),0)) -> 0 | E42: =IF(E$41=$B4,IF(E$40="dx",-$K4,-$J4),IF(E$41=$C4,IF(E$40="dx",$K4,$J4),0)) -> 0 | F42: =IF(F$41=$B4,IF(F$40="dx",-$K4,-$J4),IF(F$41=$C4,IF(F$40="dx",$K4,$J4),0)) -> 0 | G42: =IF(G$41=$B4,IF(G$40="dx",-$K4,-$J4),IF(G$41=$C4,IF(G$40="dx",$K4,$J4),0)) -> 0 | H42: =IF(H$41=$B4,IF(H$40="dx",-$K4,-$J4),IF(H$41=$C4,IF(H$40="dx",$K4,$J4),0)) -> 0 | I42: =IF(I$41=$B4,IF(I$40="dx",-$K4,-$J4),IF(I$41=$C4,IF(I$40="dx",$K4,$J4),0)) -> 0 | ... Q42: =IF(Q$41=$B4,IF(Q$40="dx",-$K4,-$J4),IF(Q$41=$C4,IF(Q$40="dx",$K4,$J4),0)) -> 0 | S42: =M4 -> 0.0055633839
B43: =IF(B$41=$B5,IF(B$40="dx",-$K5,-$J5),IF(B$41=$C5,IF(B$40="dx",$K5,$J5),0)) -> 0 | C43: =IF(C$41=$B5,IF(C$40="dx",-$K5,-$J5),IF(C$41=$C5,IF(C$40="dx",$K5,$J5),0)) -> 0 | D43: =IF(D$41=$B5,IF(D$40="dx",-$K5,-$J5),IF(D$41=$C5,IF(D$40="dx",$K5,$J5),0)) -> 0 | E43: =IF(E$41=$B5,IF(E$40="dx",-$K5,-$J5),IF(E$41=$C5,IF(E$40="dx",$K5,$J5),0)) -> 0 | F43: =IF(F$41=$B5,IF(F$40="dx",-$K5,-$J5),IF(F$41=$C5,IF(F$40="dx",$K5,$J5),0)) -> 0 | G43: =IF(G$41=$B5,IF(G$40="dx",-$K5,-$J5),IF(G$41=$C5,IF(G$40="dx",$K5,$J5),0)) -> 0 | H43: =IF(H$41=$B5,IF(H$40="dx",-$K5,-$J5),IF(H$41=$C5,IF(H$40="dx",$K5,$J5),0)) -> 0.73848549 | I43: =IF(I$41=$B5,IF(I$40="dx",-$K5,-$J5),IF(I$41=$C5,IF(I$40="dx",$K5,$J5),0)) -> 0.67426936 | ... Q43: =IF(Q$41=$B5,IF(Q$40="dx",-$K5,-$J5),IF(Q$41=$C5,IF(Q$40="dx",$K5,$J5),0)) -> 0 | S43: =M5 -> -0.003784976
B44: =IF(B$41=$B6,IF(B$40="dx",-$K6,-$J6),IF(B$41=$C6,IF(B$40="dx",$K6,$J6),0)) -> 0 | C44: =IF(C$41=$B6,IF(C$40="dx",-$K6,-$J6),IF(C$41=$C6,IF(C$40="dx",$K6,$J6),0)) -> 0 | D44: =IF(D$41=$B6,IF(D$40="dx",-$K6,-$J6),IF(D$41=$C6,IF(D$40="dx",$K6,$J6),0)) -> 0 | E44: =IF(E$41=$B6,IF(E$40="dx",-$K6,-$J6),IF(E$41=$C6,IF(E$40="dx",$K6,$J6),0)) -> 0 | F44: =IF(F$41=$B6,IF(F$40="dx",-$K6,-$J6),IF(F$41=$C6,IF(F$40="dx",$K6,$J6),0)) -> 0 | G44: =IF(G$41=$B6,IF(G$40="dx",-$K6,-$J6),IF(G$41=$C6,IF(G$40="dx",$K6,$J6),0)) -> 0 | H44: =IF(H$41=$B6,IF(H$40="dx",-$K6,-$J6),IF(H$41=$C6,IF(H$40="dx",$K6,$J6),0)) -> 0 | I44: =IF(I$41=$B6,IF(I$40="dx",-$K6,-$J6),IF(I$41=$C6,IF(I$40="dx",$K6,$J6),0)) -> 0 | ... Q44: =IF(Q$41=$B6,IF(Q$40="dx",-$K6,-$J6),IF(Q$41=$C6,IF(Q$40="dx",$K6,$J6),0)) -> 0 | S44: =M6 -> -0.0028170243
B45: =IF(B$41=$B7,IF(B$40="dx",-$K7,-$J7),IF(B$41=$C7,IF(B$40="dx",$K7,$J7),0)) -> 0 | C45: =IF(C$41=$B7,IF(C$40="dx",-$K7,-$J7),IF(C$41=$C7,IF(C$40="dx",$K7,$J7),0)) -> 0 | D45: =IF(D$41=$B7,IF(D$40="dx",-$K7,-$J7),IF(D$41=$C7,IF(D$40="dx",$K7,$J7),0)) -> 0 | E45: =IF(E$41=$B7,IF(E$40="dx",-$K7,-$J7),IF(E$41=$C7,IF(E$40="dx",$K7,$J7),0)) -> 0 | F45: =IF(F$41=$B7,IF(F$40="dx",-$K7,-$J7),IF(F$41=$C7,IF(F$40="dx",$K7,$J7),0)) -> 0 | G45: =IF(G$41=$B7,IF(G$40="dx",-$K7,-$J7),IF(G$41=$C7,IF(G$40="dx",$K7,$J7),0)) -> 0 | H45: =IF(H$41=$B7,IF(H$40="dx",-$K7,-$J7),IF(H$41=$C7,IF(H$40="dx",$K7,$J7),0)) -> 0 | I45: =IF(I$41=$B7,IF(I$40="dx",-$K7,-$J7),IF(I$41=$C7,IF(I$40="dx",$K7,$J7),0)) -> 0 | ... Q45: =IF(Q$41=$B7,IF(Q$40="dx",-$K7,-$J7),IF(Q$41=$C7,IF(Q$40="dx",$K7,$J7),0)) -> 0 | S45: =M7 -> 0.0020289496
B46: =IF(B$41=$B8,IF(B$40="dx",-$K8,-$J8),IF(B$41=$C8,IF(B$40="dx",$K8,$J8),0)) -> 0 | C46: =IF(C$41=$B8,IF(C$40="dx",-$K8,-$J8),IF(C$41=$C8,IF(C$40="dx",$K8,$J8),0)) -> 0 | D46: =IF(D$41=$B8,IF(D$40="dx",-$K8,-$J8),IF(D$41=$C8,IF(D$40="dx",$K8,$J8),0)) -> 0 | E46: =IF(E$41=$B8,IF(E$40="dx",-$K8,-$J8),IF(E$41=$C8,IF(E$40="dx",$K8,$J8),0)) -> 0 | F46: =IF(F$41=$B8,IF(F$40="dx",-$K8,-$J8),IF(F$41=$C8,IF(F$40="dx",$K8,$J8),0)) -> 0 | G46: =IF(G$41=$B8,IF(G$40="dx",-$K8,-$J8),IF(G$41=$C8,IF(G$40="dx",$K8,$J8),0)) -> 0 | H46: =IF(H$41=$B8,IF(H$40="dx",-$K8,-$J8),IF(H$41=$C8,IF(H$40="dx",$K8,$J8),0)) -> 0 | I46: =IF(I$41=$B8,IF(I$40="dx",-$K8,-$J8),IF(I$41=$C8,IF(I$40="dx",$K8,$J8),0)) -> 0 | ... Q46: =IF(Q$41=$B8,IF(Q$40="dx",-$K8,-$J8),IF(Q$41=$C8,IF(Q$40="dx",$K8,$J8),0)) -> -0.64748208 | S46: =M8 -> 0.00020489095
B47: =IF(B$41=$B9,IF(B$40="dx",-$K9,-$J9),IF(B$41=$C9,IF(B$40="dx",$K9,$J9),0)) -> 0.6 | C47: =IF(C$41=$B9,IF(C$40="dx",-$K9,-$J9),IF(C$41=$C9,IF(C$40="dx",$K9,$J9),0)) -> -0.8 | D47: =IF(D$41=$B9,IF(D$40="dx",-$K9,-$J9),IF(D$41=$C9,IF(D$40="dx",$K9,$J9),0)) -> 0 | E47: =IF(E$41=$B9,IF(E$40="dx",-$K9,-$J9),IF(E$41=$C9,IF(E$40="dx",$K9,$J9),0)) -> 0 | F47: =IF(F$41=$B9,IF(F$40="dx",-$K9,-$J9),IF(F$41=$C9,IF(F$40="dx",$K9,$J9),0)) -> 0 | G47: =IF(G$41=$B9,IF(G$40="dx",-$K9,-$J9),IF(G$41=$C9,IF(G$40="dx",$K9,$J9),0)) -> 0 | H47: =IF(H$41=$B9,IF(H$40="dx",-$K9,-$J9),IF(H$41=$C9,IF(H$40="dx",$K9,$J9),0)) -> 0 | I47: =IF(I$41=$B9,IF(I$40="dx",-$K9,-$J9),IF(I$41=$C9,IF(I$40="dx",$K9,$J9),0)) -> 0 | ... Q47: =IF(Q$41=$B9,IF(Q$40="dx",-$K9,-$J9),IF(Q$41=$C9,IF(Q$40="dx",$K9,$J9),0)) -> 0 | S47: =M9 -> -0.0006
B48: =IF(B$41=$B10,IF(B$40="dx",-$K10,-$J10),IF(B$41=$C10,IF(B$40="dx",$K10,$J10),0)) -> 0 | C48: =IF(C$41=$B10,IF(C$40="dx",-$K10,-$J10),IF(C$41=$C10,IF(C$40="dx",$K10,$J10),0)) -> 0 | D48: =IF(D$41=$B10,IF(D$40="dx",-$K10,-$J10),IF(D$41=$C10,IF(D$40="dx",$K10,$J10),0)) -> 0 | E48: =IF(E$41=$B10,IF(E$40="dx",-$K10,-$J10),IF(E$41=$C10,IF(E$40="dx",$K10,$J10),0)) -> 0 | F48: =IF(F$41=$B10,IF(F$40="dx",-$K10,-$J10),IF(F$41=$C10,IF(F$40="dx",$K10,$J10),0)) -> 0 | G48: =IF(G$41=$B10,IF(G$40="dx",-$K10,-$J10),IF(G$41=$C10,IF(G$40="dx",$K10,$J10),0)) -> 0 | H48: =IF(H$41=$B10,IF(H$40="dx",-$K10,-$J10),IF(H$41=$C10,IF(H$40="dx",$K10,$J10),0)) -> 0 | I48: =IF(I$41=$B10,IF(I$40="dx",-$K10,-$J10),IF(I$41=$C10,IF(I$40="dx",$K10,$J10),0)) -> 0 | ... Q48: =IF(Q$41=$B10,IF(Q$40="dx",-$K10,-$J10),IF(Q$41=$C10,IF(Q$40="dx",$K10,$J10),0)) -> 0.1926418 | S48: =M10 -> -0.0030916019
B49: =IF(B$41=$B11,IF(B$40="dx",-$K11,-$J11),IF(B$41=$C11,IF(B$40="dx",$K11,$J11),0)) -> 0 | C49: =IF(C$41=$B11,IF(C$40="dx",-$K11,-$J11),IF(C$41=$C11,IF(C$40="dx",$K11,$J11),0)) -> 0 | D49: =IF(D$41=$B11,IF(D$40="dx",-$K11,-$J11),IF(D$41=$C11,IF(D$40="dx",$K11,$J11),0)) -> 0 | E49: =IF(E$41=$B11,IF(E$40="dx",-$K11,-$J11),IF(E$41=$C11,IF(E$40="dx",$K11,$J11),0)) -> 0 | F49: =IF(F$41=$B11,IF(F$40="dx",-$K11,-$J11),IF(F$41=$C11,IF(F$40="dx",$K11,$J11),0)) -> 0 | G49: =IF(G$41=$B11,IF(G$40="dx",-$K11,-$J11),IF(G$41=$C11,IF(G$40="dx",$K11,$J11),0)) -> 0 | H49: =IF(H$41=$B11,IF(H$40="dx",-$K11,-$J11),IF(H$41=$C11,IF(H$40="dx",$K11,$J11),0)) -> 0 | I49: =IF(I$41=$B11,IF(I$40="dx",-$K11,-$J11),IF(I$41=$C11,IF(I$40="dx",$K11,$J11),0)) -> 0 | ... Q49: =IF(Q$41=$B11,IF(Q$40="dx",-$K11,-$J11),IF(Q$41=$C11,IF(Q$40="dx",$K11,$J11),0)) -> 0 | S49: =M11 -> -0.00027105039
B50: =IF(B$41=$B12,IF(B$40="dx",-$K12,-$J12),IF(B$41=$C12,IF(B$40="dx",$K12,$J12),0)) -> 0 | C50: =IF(C$41=$B12,IF(C$40="dx",-$K12,-$J12),IF(C$41=$C12,IF(C$40="dx",$K12,$J12),0)) -> 0 | D50: =IF(D$41=$B12,IF(D$40="dx",-$K12,-$J12),IF(D$41=$C12,IF(D$40="dx",$K12,$J12),0)) -> 0 | E50: =IF(E$41=$B12,IF(E$40="dx",-$K12,-$J12),IF(E$41=$C12,IF(E$40="dx",$K12,$J12),0)) -> 0 | F50: =IF(F$41=$B12,IF(F$40="dx",-$K12,-$J12),IF(F$41=$C12,IF(F$40="dx",$K12,$J12),0)) -> 0 | G50: =IF(G$41=$B12,IF(G$40="dx",-$K12,-$J12),IF(G$41=$C12,IF(G$40="dx",$K12,$J12),0)) -> 0 | H50: =IF(H$41=$B12,IF(H$40="dx",-$K12,-$J12),IF(H$41=$C12,IF(H$40="dx",$K12,$J12),0)) -> 0 | I50: =IF(I$41=$B12,IF(I$40="dx",-$K12,-$J12),IF(I$41=$C12,IF(I$40="dx",$K12,$J12),0)) -> 0 | ... Q50: =IF(Q$41=$B12,IF(Q$40="dx",-$K12,-$J12),IF(Q$41=$C12,IF(Q$40="dx",$K12,$J12),0)) -> 0 | S50: =M12 -> -0.0054398839
B51: =IF(B$41=$B13,IF(B$40="dx",-$K13,-$J13),IF(B$41=$C13,IF(B$40="dx",$K13,$J13),0)) -> -0.98546012 | C51: =IF(C$41=$B13,IF(C$40="dx",-$K13,-$J13),IF(C$41=$C13,IF(C$40="dx",$K13,$J13),0)) -> -0.16990692 | D51: =IF(D$41=$B13,IF(D$40="dx",-$K13,-$J13),IF(D$41=$C13,IF(D$40="dx",$K13,$J13),0)) -> 0.98546012 | E51: =IF(E$41=$B13,IF(E$40="dx",-$K13,-$J13),IF(E$41=$C13,IF(E$40="dx",$K13,$J13),0)) -> 0.16990692 | F51: =IF(F$41=$B13,IF(F$40="dx",-$K13,-$J13),IF(F$41=$C13,IF(F$40="dx",$K13,$J13),0)) -> 0 | G51: =IF(G$41=$B13,IF(G$40="dx",-$K13,-$J13),IF(G$41=$C13,IF(G$40="dx",$K13,$J13),0)) -> 0 | H51: =IF(H$41=$B13,IF(H$40="dx",-$K13,-$J13),IF(H$41=$C13,IF(H$40="dx",$K13,$J13),0)) -> 0 | I51: =IF(I$41=$B13,IF(I$40="dx",-$K13,-$J13),IF(I$41=$C13,IF(I$40="dx",$K13,$J13),0)) -> 0 | ... Q51: =IF(Q$41=$B13,IF(Q$40="dx",-$K13,-$J13),IF(Q$41=$C13,IF(Q$40="dx",$K13,$J13),0)) -> 0 | S51: =M13 -> 0.015289696
B52: =IF(B$41=$B14,IF(B$40="dx",-$K14,-$J14),IF(B$41=$C14,IF(B$40="dx",$K14,$J14),0)) -> -0.43292386 | C52: =IF(C$41=$B14,IF(C$40="dx",-$K14,-$J14),IF(C$41=$C14,IF(C$40="dx",$K14,$J14),0)) -> -0.90143049 | D52: =IF(D$41=$B14,IF(D$40="dx",-$K14,-$J14),IF(D$41=$C14,IF(D$40="dx",$K14,$J14),0)) -> 0 | E52: =IF(E$41=$B14,IF(E$40="dx",-$K14,-$J14),IF(E$41=$C14,IF(E$40="dx",$K14,$J14),0)) -> 0 | F52: =IF(F$41=$B14,IF(F$40="dx",-$K14,-$J14),IF(F$41=$C14,IF(F$40="dx",$K14,$J14),0)) -> 0 | G52: =IF(G$41=$B14,IF(G$40="dx",-$K14,-$J14),IF(G$41=$C14,IF(G$40="dx",$K14,$J14),0)) -> 0 | H52: =IF(H$41=$B14,IF(H$40="dx",-$K14,-$J14),IF(H$41=$C14,IF(H$40="dx",$K14,$J14),0)) -> 0 | I52: =IF(I$41=$B14,IF(I$40="dx",-$K14,-$J14),IF(I$41=$C14,IF(I$40="dx",$K14,$J14),0)) -> 0 | ... Q52: =IF(Q$41=$B14,IF(Q$40="dx",-$K14,-$J14),IF(Q$41=$C14,IF(Q$40="dx",$K14,$J14),0)) -> 0.90143049 | S52: =M14 -> 0.010076525
B53: =IF(B$41=$B15,IF(B$40="dx",-$K15,-$J15),IF(B$41=$C15,IF(B$40="dx",$K15,$J15),0)) -> 0.22082565 | C53: =IF(C$41=$B15,IF(C$40="dx",-$K15,-$J15),IF(C$41=$C15,IF(C$40="dx",$K15,$J15),0)) -> -0.9753133 | D53: =IF(D$41=$B15,IF(D$40="dx",-$K15,-$J15),IF(D$41=$C15,IF(D$40="dx",$K15,$J15),0)) -> 0 | E53: =IF(E$41=$B15,IF(E$40="dx",-$K15,-$J15),IF(E$41=$C15,IF(E$40="dx",$K15,$J15),0)) -> 0 | F53: =IF(F$41=$B15,IF(F$40="dx",-$K15,-$J15),IF(F$41=$C15,IF(F$40="dx",$K15,$J15),0)) -> 0 | G53: =IF(G$41=$B15,IF(G$40="dx",-$K15,-$J15),IF(G$41=$C15,IF(G$40="dx",$K15,$J15),0)) -> 0 | H53: =IF(H$41=$B15,IF(H$40="dx",-$K15,-$J15),IF(H$41=$C15,IF(H$40="dx",$K15,$J15),0)) -> 0 | I53: =IF(I$41=$B15,IF(I$40="dx",-$K15,-$J15),IF(I$41=$C15,IF(I$40="dx",$K15,$J15),0)) -> 0 | ... Q53: =IF(Q$41=$B15,IF(Q$40="dx",-$K15,-$J15),IF(Q$41=$C15,IF(Q$40="dx",$K15,$J15),0)) -> 0 | S53: =M15 -> 0.0067633839
... B61: =IF(B$41=$B23,IF(B$40="dx",-$K23,-$J23),IF(B$41=$C23,IF(B$40="dx",$K23,$J23),0)) -> 0 | C61: =IF(C$41=$B23,IF(C$40="dx",-$K23,-$J23),IF(C$41=$C23,IF(C$40="dx",$K23,$J23),0)) -> 0 | D61: =IF(D$41=$B23,IF(D$40="dx",-$K23,-$J23),IF(D$41=$C23,IF(D$40="dx",$K23,$J23),0)) -> 0 | E61: =IF(E$41=$B23,IF(E$40="dx",-$K23,-$J23),IF(E$41=$C23,IF(E$40="dx",$K23,$J23),0)) -> 0 | F61: =IF(F$41=$B23,IF(F$40="dx",-$K23,-$J23),IF(F$41=$C23,IF(F$40="dx",$K23,$J23),0)) -> 0 | G61: =IF(G$41=$B23,IF(G$40="dx",-$K23,-$J23),IF(G$41=$C23,IF(G$40="dx",$K23,$J23),0)) -> 0 | H61: =IF(H$41=$B23,IF(H$40="dx",-$K23,-$J23),IF(H$41=$C23,IF(H$40="dx",$K23,$J23),0)) -> 0.90618314 | I61: =IF(I$41=$B23,IF(I$40="dx",-$K23,-$J23),IF(I$41=$C23,IF(I$40="dx",$K23,$J23),0)) -> -0.42288547 | ... Q61: =IF(Q$41=$B23,IF(Q$40="dx",-$K23,-$J23),IF(Q$41=$C23,IF(Q$40="dx",$K23,$J23),0)) -> 0 | S61: =M23 -> -0.00084642753
B62: =IF(B$41=$C26,IF(B$40="dx",$R26,-$Q26),IF(B$41=$D26,IF(B$40="dx",-$T26,$S26),IF(B$41=$B26,IF(B$40="dx",($T26-$R26),($Q26-$S26)),0))) -> -3403.3062 | C62: =IF(C$41=$C26,IF(C$40="dx",$R26,-$Q26),IF(C$41=$D26,IF(C$40="dx",-$T26,$S26),IF(C$41=$B26,IF(C$40="dx",($T26-$R26),($Q26-$S26)),0))) -> 1634.4826 | D62: =IF(D$41=$C26,IF(D$40="dx",$R26,-$Q26),IF(D$41=$D26,IF(D$40="dx",-$T26,$S26),IF(D$41=$B26,IF(D$40="dx",($T26-$R26),($Q26-$S26)),0))) -> 3793.4928 | E62: =IF(E$41=$C26,IF(E$40="dx",$R26,-$Q26),IF(E$41=$D26,IF(E$40="dx",-$T26,$S26),IF(E$41=$B26,IF(E$40="dx",($T26-$R26),($Q26-$S26)),0))) -> 2150.6416 | F62: =IF(F$41=$C26,IF(F$40="dx",$R26,-$Q26),IF(F$41=$D26,IF(F$40="dx",-$T26,$S26),IF(F$41=$B26,IF(F$40="dx",($T26-$R26),($Q26-$S26)),0))) -> 0 | G62: =IF(G$41=$C26,IF(G$40="dx",$R26,-$Q26),IF(G$41=$D26,IF(G$40="dx",-$T26,$S26),IF(G$41=$B26,IF(G$40="dx",($T26-$R26),($Q26-$S26)),0))) -> 0 | H62: =IF(H$41=$C26,IF(H$40="dx",$R26,-$Q26),IF(H$41=$D26,IF(H$40="dx",-$T26,$S26),IF(H$41=$B26,IF(H$40="dx",($T26-$R26),($Q26-$S26)),0))) -> 0 | I62: =IF(I$41=$C26,IF(I$40="dx",$R26,-$Q26),IF(I$41=$D26,IF(I$40="dx",-$T26,$S26),IF(I$41=$B26,IF(I$40="dx",($T26-$R26),($Q26-$S26)),0))) -> 0 | ... Q62: =IF(Q$41=$C26,IF(Q$40="dx",$R26,-$Q26),IF(Q$41=$D26,IF(Q$40="dx",-$T26,$S26),IF(Q$41=$B26,IF(Q$40="dx",($T26-$R26),($Q26-$S26)),0))) -> -3785.1241 | S62: =P26*10000 -> 29.366713
B63: =IF(B$41=$C27,IF(B$40="dx",$R27,-$Q27),IF(B$41=$D27,IF(B$40="dx",-$T27,$S27),IF(B$41=$B27,IF(B$40="dx",($T27-$R27),($Q27-$S27)),0))) -> 0 | C63: =IF(C$41=$C27,IF(C$40="dx",$R27,-$Q27),IF(C$41=$D27,IF(C$40="dx",-$T27,$S27),IF(C$41=$B27,IF(C$40="dx",($T27-$R27),($Q27-$S27)),0))) -> 0 | D63: =IF(D$41=$C27,IF(D$40="dx",$R27,-$Q27),IF(D$41=$D27,IF(D$40="dx",-$T27,$S27),IF(D$41=$B27,IF(D$40="dx",($T27-$R27),($Q27-$S27)),0))) -> -3793.4928 | E63: =IF(E$41=$C27,IF(E$40="dx",$R27,-$Q27),IF(E$41=$D27,IF(E$40="dx",-$T27,$S27),IF(E$41=$B27,IF(E$40="dx",($T27-$R27),($Q27-$S27)),0))) -> -2150.6416 | F63: =IF(F$41=$C27,IF(F$40="dx",$R27,-$Q27),IF(F$41=$D27,IF(F$40="dx",-$T27,$S27),IF(F$41=$B27,IF(F$40="dx",($T27-$R27),($Q27-$S27)),0))) -> -2503.2934 | G63: =IF(G$41=$C27,IF(G$40="dx",$R27,-$Q27),IF(G$41=$D27,IF(G$40="dx",-$T27,$S27),IF(G$41=$B27,IF(G$40="dx",($T27-$R27),($Q27-$S27)),0))) -> 1873.6307 | H63: =IF(H$41=$C27,IF(H$40="dx",$R27,-$Q27),IF(H$41=$D27,IF(H$40="dx",-$T27,$S27),IF(H$41=$B27,IF(H$40="dx",($T27-$R27),($Q27-$S27)),0))) -> 0 | I63: =IF(I$41=$C27,IF(I$40="dx",$R27,-$Q27),IF(I$41=$D27,IF(I$40="dx",-$T27,$S27),IF(I$41=$B27,IF(I$40="dx",($T27-$R27),($Q27-$S27)),0))) -> 0 | ... Q63: =IF(Q$41=$C27,IF(Q$40="dx",$R27,-$Q27),IF(Q$41=$D27,IF(Q$40="dx",-$T27,$S27),IF(Q$41=$B27,IF(Q$40="dx",($T27-$R27),($Q27-$S27)),0))) -> 277.01089 | S63: =P27*10000 -> 18.677864
B64: =IF(B$41=$C28,IF(B$40="dx",$R28,-$Q28),IF(B$41=$D28,IF(B$40="dx",-$T28,$S28),IF(B$41=$B28,IF(B$40="dx",($T28-$R28),($Q28-$S28)),0))) -> 0 | C64: =IF(C$41=$C28,IF(C$40="dx",$R28,-$Q28),IF(C$41=$D28,IF(C$40="dx",-$T28,$S28),IF(C$41=$B28,IF(C$40="dx",($T28-$R28),($Q28-$S28)),0))) -> 0 | D64: =IF(D$41=$C28,IF(D$40="dx",$R28,-$Q28),IF(D$41=$D28,IF(D$40="dx",-$T28,$S28),IF(D$41=$B28,IF(D$40="dx",($T28-$R28),($Q28-$S28)),0))) -> 0 | E64: =IF(E$41=$C28,IF(E$40="dx",$R28,-$Q28),IF(E$41=$D28,IF(E$40="dx",-$T28,$S28),IF(E$41=$B28,IF(E$40="dx",($T28-$R28),($Q28-$S28)),0))) -> 0 | F64: =IF(F$41=$C28,IF(F$40="dx",$R28,-$Q28),IF(F$41=$D28,IF(F$40="dx",-$T28,$S28),IF(F$41=$B28,IF(F$40="dx",($T28-$R28),($Q28-$S28)),0))) -> 2503.2934 | G64: =IF(G$41=$C28,IF(G$40="dx",$R28,-$Q28),IF(G$41=$D28,IF(G$40="dx",-$T28,$S28),IF(G$41=$B28,IF(G$40="dx",($T28-$R28),($Q28-$S28)),0))) -> -1873.6307 | H64: =IF(H$41=$C28,IF(H$40="dx",$R28,-$Q28),IF(H$41=$D28,IF(H$40="dx",-$T28,$S28),IF(H$41=$B28,IF(H$40="dx",($T28-$R28),($Q28-$S28)),0))) -> -2900.4997 | I64: =IF(I$41=$C28,IF(I$40="dx",$R28,-$Q28),IF(I$41=$D28,IF(I$40="dx",-$T28,$S28),IF(I$41=$B28,IF(I$40="dx",($T28-$R28),($Q28-$S28)),0))) -> -239.4908 | ... Q64: =IF(Q$41=$C28,IF(Q$40="dx",$R28,-$Q28),IF(Q$41=$D28,IF(Q$40="dx",-$T28,$S28),IF(Q$41=$B28,IF(Q$40="dx",($T28-$R28),($Q28-$S28)),0))) -> 2113.1215 | S64: =P28*10000 -> -26.867734
B65: =IF(B$41=$C29,IF(B$40="dx",$R29,-$Q29),IF(B$41=$D29,IF(B$40="dx",-$T29,$S29),IF(B$41=$B29,IF(B$40="dx",($T29-$R29),($Q29-$S29)),0))) -> 0 | C65: =IF(C$41=$C29,IF(C$40="dx",$R29,-$Q29),IF(C$41=$D29,IF(C$40="dx",-$T29,$S29),IF(C$41=$B29,IF(C$40="dx",($T29-$R29),($Q29-$S29)),0))) -> 0 | D65: =IF(D$41=$C29,IF(D$40="dx",$R29,-$Q29),IF(D$41=$D29,IF(D$40="dx",-$T29,$S29),IF(D$41=$B29,IF(D$40="dx",($T29-$R29),($Q29-$S29)),0))) -> 0 | E65: =IF(E$41=$C29,IF(E$40="dx",$R29,-$Q29),IF(E$41=$D29,IF(E$40="dx",-$T29,$S29),IF(E$41=$B29,IF(E$40="dx",($T29-$R29),($Q29-$S29)),0))) -> 0 | F65: =IF(F$41=$C29,IF(F$40="dx",$R29,-$Q29),IF(F$41=$D29,IF(F$40="dx",-$T29,$S29),IF(F$41=$B29,IF(F$40="dx",($T29-$R29),($Q29-$S29)),0))) -> 0 | G65: =IF(G$41=$C29,IF(G$40="dx",$R29,-$Q29),IF(G$41=$D29,IF(G$40="dx",-$T29,$S29),IF(G$41=$B29,IF(G$40="dx",($T29-$R29),($Q29-$S29)),0))) -> 0 | H65: =IF(H$41=$C29,IF(H$40="dx",$R29,-$Q29),IF(H$41=$D29,IF(H$40="dx",-$T29,$S29),IF(H$41=$B29,IF(H$40="dx",($T29-$R29),($Q29-$S29)),0))) -> 2900.4997 | I65: =IF(I$41=$C29,IF(I$40="dx",$R29,-$Q29),IF(I$41=$D29,IF(I$40="dx",-$T29,$S29),IF(I$41=$B29,IF(I$40="dx",($T29-$R29),($Q29-$S29)),0))) -> 239.4908 | ... Q65: =IF(Q$41=$C29,IF(Q$40="dx",$R29,-$Q29),IF(Q$41=$D29,IF(Q$40="dx",-$T29,$S29),IF(Q$41=$B29,IF(Q$40="dx",($T29-$R29),($Q29-$S29)),0))) -> 2540.4169 | S65: =P29*10000 -> -20.847107
B66: =IF(B$41=$C30,IF(B$40="dx",$R30,-$Q30),IF(B$41=$D30,IF(B$40="dx",-$T30,$S30),IF(B$41=$B30,IF(B$40="dx",($T30-$R30),($Q30-$S30)),0))) -> 0 | C66: =IF(C$41=$C30,IF(C$40="dx",$R30,-$Q30),IF(C$41=$D30,IF(C$40="dx",-$T30,$S30),IF(C$41=$B30,IF(C$40="dx",($T30-$R30),($Q30-$S30)),0))) -> 0 | D66: =IF(D$41=$C30,IF(D$40="dx",$R30,-$Q30),IF(D$41=$D30,IF(D$40="dx",-$T30,$S30),IF(D$41=$B30,IF(D$40="dx",($T30-$R30),($Q30-$S30)),0))) -> 0 | E66: =IF(E$41=$C30,IF(E$40="dx",$R30,-$Q30),IF(E$41=$D30,IF(E$40="dx",-$T30,$S30),IF(E$41=$B30,IF(E$40="dx",($T30-$R30),($Q30-$S30)),0))) -> 0 | F66: =IF(F$41=$C30,IF(F$40="dx",$R30,-$Q30),IF(F$41=$D30,IF(F$40="dx",-$T30,$S30),IF(F$41=$B30,IF(F$40="dx",($T30-$R30),($Q30-$S30)),0))) -> 0 | G66: =IF(G$41=$C30,IF(G$40="dx",$R30,-$Q30),IF(G$41=$D30,IF(G$40="dx",-$T30,$S30),IF(G$41=$B30,IF(G$40="dx",($T30-$R30),($Q30-$S30)),0))) -> 0 | H66: =IF(H$41=$C30,IF(H$40="dx",$R30,-$Q30),IF(H$41=$D30,IF(H$40="dx",-$T30,$S30),IF(H$41=$B30,IF(H$40="dx",($T30-$R30),($Q30-$S30)),0))) -> 0 | I66: =IF(I$41=$C30,IF(I$40="dx",$R30,-$Q30),IF(I$41=$D30,IF(I$40="dx",-$T30,$S30),IF(I$41=$B30,IF(I$40="dx",($T30-$R30),($Q30-$S30)),0))) -> 0 | ... Q66: =IF(Q$41=$C30,IF(Q$40="dx",$R30,-$Q30),IF(Q$41=$D30,IF(Q$40="dx",-$T30,$S30),IF(Q$41=$B30,IF(Q$40="dx",($T30-$R30),($Q30-$S30)),0))) -> 980.79327 | S66: =P30*10000 -> 2.9553998
B67: =IF(B$41=$C31,IF(B$40="dx",$R31,-$Q31),IF(B$41=$D31,IF(B$40="dx",-$T31,$S31),IF(B$41=$B31,IF(B$40="dx",($T31-$R31),($Q31-$S31)),0))) -> 3403.3062 | C67: =IF(C$41=$C31,IF(C$40="dx",$R31,-$Q31),IF(C$41=$D31,IF(C$40="dx",-$T31,$S31),IF(C$41=$B31,IF(C$40="dx",($T31-$R31),($Q31-$S31)),0))) -> -1634.4826 | D67: =IF(D$41=$C31,IF(D$40="dx",$R31,-$Q31),IF(D$41=$D31,IF(D$40="dx",-$T31,$S31),IF(D$41=$B31,IF(D$40="dx",($T31-$R31),($Q31-$S31)),0))) -> 0 | E67: =IF(E$41=$C31,IF(E$40="dx",$R31,-$Q31),IF(E$41=$D31,IF(E$40="dx",-$T31,$S31),IF(E$41=$B31,IF(E$40="dx",($T31-$R31),($Q31-$S31)),0))) -> 0 | F67: =IF(F$41=$C31,IF(F$40="dx",$R31,-$Q31),IF(F$41=$D31,IF(F$40="dx",-$T31,$S31),IF(F$41=$B31,IF(F$40="dx",($T31-$R31),($Q31-$S31)),0))) -> 0 | G67: =IF(G$41=$C31,IF(G$40="dx",$R31,-$Q31),IF(G$41=$D31,IF(G$40="dx",-$T31,$S31),IF(G$41=$B31,IF(G$40="dx",($T31-$R31),($Q31-$S31)),0))) -> 0 | H67: =IF(H$41=$C31,IF(H$40="dx",$R31,-$Q31),IF(H$41=$D31,IF(H$40="dx",-$T31,$S31),IF(H$41=$B31,IF(H$40="dx",($T31-$R31),($Q31-$S31)),0))) -> 0 | I67: =IF(I$41=$C31,IF(I$40="dx",$R31,-$Q31),IF(I$41=$D31,IF(I$40="dx",-$T31,$S31),IF(I$41=$B31,IF(I$40="dx",($T31-$R31),($Q31-$S31)),0))) -> 0 | ... Q67: =IF(Q$41=$C31,IF(Q$40="dx",$R31,-$Q31),IF(Q$41=$D31,IF(Q$40="dx",-$T31,$S31),IF(Q$41=$B31,IF(Q$40="dx",($T31-$R31),($Q31-$S31)),0))) -> -2126.2184 | S67: =P31*10000 -> -14.285136
B68: =IF(B$41=$C32,IF(B$40="dx",$R32,-$Q32),IF(B$41=$D32,IF(B$40="dx",-$T32,$S32),IF(B$41=$B32,IF(B$40="dx",($T32-$R32),($Q32-$S32)),0))) -> 0 | C68: =IF(C$41=$C32,IF(C$40="dx",$R32,-$Q32),IF(C$41=$D32,IF(C$40="dx",-$T32,$S32),IF(C$41=$B32,IF(C$40="dx",($T32-$R32),($Q32-$S32)),0))) -> 0 | D68: =IF(D$41=$C32,IF(D$40="dx",$R32,-$Q32),IF(D$41=$D32,IF(D$40="dx",-$T32,$S32),IF(D$41=$B32,IF(D$40="dx",($T32-$R32),($Q32-$S32)),0))) -> 0 | E68: =IF(E$41=$C32,IF(E$40="dx",$R32,-$Q32),IF(E$41=$D32,IF(E$40="dx",-$T32,$S32),IF(E$41=$B32,IF(E$40="dx",($T32-$R32),($Q32-$S32)),0))) -> 0 | F68: =IF(F$41=$C32,IF(F$40="dx",$R32,-$Q32),IF(F$41=$D32,IF(F$40="dx",-$T32,$S32),IF(F$41=$B32,IF(F$40="dx",($T32-$R32),($Q32-$S32)),0))) -> 0 | G68: =IF(G$41=$C32,IF(G$40="dx",$R32,-$Q32),IF(G$41=$D32,IF(G$40="dx",-$T32,$S32),IF(G$41=$B32,IF(G$40="dx",($T32-$R32),($Q32-$S32)),0))) -> 0 | H68: =IF(H$41=$C32,IF(H$40="dx",$R32,-$Q32),IF(H$41=$D32,IF(H$40="dx",-$T32,$S32),IF(H$41=$B32,IF(H$40="dx",($T32-$R32),($Q32-$S32)),0))) -> 0 | I68: =IF(I$41=$C32,IF(I$40="dx",$R32,-$Q32),IF(I$41=$D32,IF(I$40="dx",-$T32,$S32),IF(I$41=$B32,IF(I$40="dx",($T32-$R32),($Q32-$S32)),0))) -> 0 | ... Q68: =IF(Q$41=$C32,IF(Q$40="dx",$R32,-$Q32),IF(Q$41=$D32,IF(Q$40="dx",-$T32,$S32),IF(Q$41=$B32,IF(Q$40="dx",($T32-$R32),($Q32-$S32)),0))) -> 0 | S68: =P32*10000 -> 5.5418201
B69: =IF(B$41=$C33,IF(B$40="dx",$R33,-$Q33),IF(B$41=$D33,IF(B$40="dx",-$T33,$S33),IF(B$41=$B33,IF(B$40="dx",($T33-$R33),($Q33-$S33)),0))) -> 0 | C69: =IF(C$41=$C33,IF(C$40="dx",$R33,-$Q33),IF(C$41=$D33,IF(C$40="dx",-$T33,$S33),IF(C$41=$B33,IF(C$40="dx",($T33-$R33),($Q33-$S33)),0))) -> 0 | D69: =IF(D$41=$C33,IF(D$40="dx",$R33,-$Q33),IF(D$41=$D33,IF(D$40="dx",-$T33,$S33),IF(D$41=$B33,IF(D$40="dx",($T33-$R33),($Q33-$S33)),0))) -> 0 | E69: =IF(E$41=$C33,IF(E$40="dx",$R33,-$Q33),IF(E$41=$D33,IF(E$40="dx",-$T33,$S33),IF(E$41=$B33,IF(E$40="dx",($T33-$R33),($Q33-$S33)),0))) -> 0 | F69: =IF(F$41=$C33,IF(F$40="dx",$R33,-$Q33),IF(F$41=$D33,IF(F$40="dx",-$T33,$S33),IF(F$41=$B33,IF(F$40="dx",($T33-$R33),($Q33-$S33)),0))) -> 0 | G69: =IF(G$41=$C33,IF(G$40="dx",$R33,-$Q33),IF(G$41=$D33,IF(G$40="dx",-$T33,$S33),IF(G$41=$B33,IF(G$40="dx",($T33-$R33),($Q33-$S33)),0))) -> 0 | H69: =IF(H$41=$C33,IF(H$40="dx",$R33,-$Q33),IF(H$41=$D33,IF(H$40="dx",-$T33,$S33),IF(H$41=$B33,IF(H$40="dx",($T33-$R33),($Q33-$S33)),0))) -> 0 | I69: =IF(I$41=$C33,IF(I$40="dx",$R33,-$Q33),IF(I$41=$D33,IF(I$40="dx",-$T33,$S33),IF(I$41=$B33,IF(I$40="dx",($T33-$R33),($Q33-$S33)),0))) -> 0 | ... Q69: =IF(Q$41=$C33,IF(Q$40="dx",$R33,-$Q33),IF(Q$41=$D33,IF(Q$40="dx",-$T33,$S33),IF(Q$41=$B33,IF(Q$40="dx",($T33-$R33),($Q33-$S33)),0))) -> 962.07651 | S69: =P33*10000 -> -14.281228
B70: =IF(B$41=$C34,IF(B$40="dx",$R34,-$Q34),IF(B$41=$D34,IF(B$40="dx",-$T34,$S34),IF(B$41=$B34,IF(B$40="dx",($T34-$R34),($Q34-$S34)),0))) -> 0 | C70: =IF(C$41=$C34,IF(C$40="dx",$R34,-$Q34),IF(C$41=$D34,IF(C$40="dx",-$T34,$S34),IF(C$41=$B34,IF(C$40="dx",($T34-$R34),($Q34-$S34)),0))) -> 0 | D70: =IF(D$41=$C34,IF(D$40="dx",$R34,-$Q34),IF(D$41=$D34,IF(D$40="dx",-$T34,$S34),IF(D$41=$B34,IF(D$40="dx",($T34-$R34),($Q34-$S34)),0))) -> 0 | E70: =IF(E$41=$C34,IF(E$40="dx",$R34,-$Q34),IF(E$41=$D34,IF(E$40="dx",-$T34,$S34),IF(E$41=$B34,IF(E$40="dx",($T34-$R34),($Q34-$S34)),0))) -> 0 | F70: =IF(F$41=$C34,IF(F$40="dx",$R34,-$Q34),IF(F$41=$D34,IF(F$40="dx",-$T34,$S34),IF(F$41=$B34,IF(F$40="dx",($T34-$R34),($Q34-$S34)),0))) -> 0 | G70: =IF(G$41=$C34,IF(G$40="dx",$R34,-$Q34),IF(G$41=$D34,IF(G$40="dx",-$T34,$S34),IF(G$41=$B34,IF(G$40="dx",($T34-$R34),($Q34-$S34)),0))) -> 0 | H70: =IF(H$41=$C34,IF(H$40="dx",$R34,-$Q34),IF(H$41=$D34,IF(H$40="dx",-$T34,$S34),IF(H$41=$B34,IF(H$40="dx",($T34-$R34),($Q34-$S34)),0))) -> 1626.4009 | I70: =IF(I$41=$C34,IF(I$40="dx",$R34,-$Q34),IF(I$41=$D34,IF(I$40="dx",-$T34,$S34),IF(I$41=$B34,IF(I$40="dx",($T34-$R34),($Q34-$S34)),0))) -> 3485.1447 | ... Q70: =IF(Q$41=$C34,IF(Q$40="dx",$R34,-$Q34),IF(Q$41=$D34,IF(Q$40="dx",-$T34,$S34),IF(Q$41=$B34,IF(Q$40="dx",($T34-$R34),($Q34-$S34)),0))) -> -962.07651 | S70: =P34*10000 -> -5.1182403
B71: =IF(B$41=$C35,IF(B$40="dx",$R35,-$Q35),IF(B$41=$D35,IF(B$40="dx",-$T35,$S35),IF(B$41=$B35,IF(B$40="dx",($T35-$R35),($Q35-$S35)),0))) -> 0 | C71: =IF(C$41=$C35,IF(C$40="dx",$R35,-$Q35),IF(C$41=$D35,IF(C$40="dx",-$T35,$S35),IF(C$41=$B35,IF(C$40="dx",($T35-$R35),($Q35-$S35)),0))) -> 0 | D71: =IF(D$41=$C35,IF(D$40="dx",$R35,-$Q35),IF(D$41=$D35,IF(D$40="dx",-$T35,$S35),IF(D$41=$B35,IF(D$40="dx",($T35-$R35),($Q35-$S35)),0))) -> 0 | E71: =IF(E$41=$C35,IF(E$40="dx",$R35,-$Q35),IF(E$41=$D35,IF(E$40="dx",-$T35,$S35),IF(E$41=$B35,IF(E$40="dx",($T35-$R35),($Q35-$S35)),0))) -> 0 | F71: =IF(F$41=$C35,IF(F$40="dx",$R35,-$Q35),IF(F$41=$D35,IF(F$40="dx",-$T35,$S35),IF(F$41=$B35,IF(F$40="dx",($T35-$R35),($Q35-$S35)),0))) -> 0 | G71: =IF(G$41=$C35,IF(G$40="dx",$R35,-$Q35),IF(G$41=$D35,IF(G$40="dx",-$T35,$S35),IF(G$41=$B35,IF(G$40="dx",($T35-$R35),($Q35-$S35)),0))) -> 0 | H71: =IF(H$41=$C35,IF(H$40="dx",$R35,-$Q35),IF(H$41=$D35,IF(H$40="dx",-$T35,$S35),IF(H$41=$B35,IF(H$40="dx",($T35-$R35),($Q35-$S35)),0))) -> -4382.8989 | I71: =IF(I$41=$C35,IF(I$40="dx",$R35,-$Q35),IF(I$41=$D35,IF(I$40="dx",-$T35,$S35),IF(I$41=$B35,IF(I$40="dx",($T35-$R35),($Q35-$S35)),0))) -> -466.12314 | ... Q71: =IF(Q$41=$C35,IF(Q$40="dx",$R35,-$Q35),IF(Q$41=$D35,IF(Q$40="dx",-$T35,$S35),IF(Q$41=$B35,IF(Q$40="dx",($T35-$R35),($Q35-$S35)),0))) -> 0 | S71: =P35*10000 -> -5.8747156
B72: =IF(B$41=$C36,IF(B$40="dx",$R36,-$Q36),IF(B$41=$D36,IF(B$40="dx",-$T36,$S36),IF(B$41=$B36,IF(B$40="dx",($T36-$R36),($Q36-$S36)),0))) -> 0 | C72: =IF(C$41=$C36,IF(C$40="dx",$R36,-$Q36),IF(C$41=$D36,IF(C$40="dx",-$T36,$S36),IF(C$41=$B36,IF(C$40="dx",($T36-$R36),($Q36-$S36)),0))) -> 0 | D72: =IF(D$41=$C36,IF(D$40="dx",$R36,-$Q36),IF(D$41=$D36,IF(D$40="dx",-$T36,$S36),IF(D$41=$B36,IF(D$40="dx",($T36-$R36),($Q36-$S36)),0))) -> 0 | E72: =IF(E$41=$C36,IF(E$40="dx",$R36,-$Q36),IF(E$41=$D36,IF(E$40="dx",-$T36,$S36),IF(E$41=$B36,IF(E$40="dx",($T36-$R36),($Q36-$S36)),0))) -> 0 | F72: =IF(F$41=$C36,IF(F$40="dx",$R36,-$Q36),IF(F$41=$D36,IF(F$40="dx",-$T36,$S36),IF(F$41=$B36,IF(F$40="dx",($T36-$R36),($Q36-$S36)),0))) -> 0 | G72: =IF(G$41=$C36,IF(G$40="dx",$R36,-$Q36),IF(G$41=$D36,IF(G$40="dx",-$T36,$S36),IF(G$41=$B36,IF(G$40="dx",($T36-$R36),($Q36-$S36)),0))) -> 0 | H72: =IF(H$41=$C36,IF(H$40="dx",$R36,-$Q36),IF(H$41=$D36,IF(H$40="dx",-$T36,$S36),IF(H$41=$B36,IF(H$40="dx",($T36-$R36),($Q36-$S36)),0))) -> -144.00173 | I72: =IF(I$41=$C36,IF(I$40="dx",$R36,-$Q36),IF(I$41=$D36,IF(I$40="dx",-$T36,$S36),IF(I$41=$B36,IF(I$40="dx",($T36-$R36),($Q36-$S36)),0))) -> -3258.5124 | ... Q72: =IF(Q$41=$C36,IF(Q$40="dx",$R36,-$Q36),IF(Q$41=$D36,IF(Q$40="dx",-$T36,$S36),IF(Q$41=$B36,IF(Q$40="dx",($T36-$R36),($Q36-$S36)),0))) -> 239.4908 | S72: =P36*10000 -> 4.323706
B73: =IF(B$41=$C37,IF(B$40="dx",$R37,-$Q37),IF(B$41=$D37,IF(B$40="dx",-$T37,$S37),IF(B$41=$B37,IF(B$40="dx",($T37-$R37),($Q37-$S37)),0))) -> 0 | C73: =IF(C$41=$C37,IF(C$40="dx",$R37,-$Q37),IF(C$41=$D37,IF(C$40="dx",-$T37,$S37),IF(C$41=$B37,IF(C$40="dx",($T37-$R37),($Q37-$S37)),0))) -> 0 | D73: =IF(D$41=$C37,IF(D$40="dx",$R37,-$Q37),IF(D$41=$D37,IF(D$40="dx",-$T37,$S37),IF(D$41=$B37,IF(D$40="dx",($T37-$R37),($Q37-$S37)),0))) -> 0 | E73: =IF(E$41=$C37,IF(E$40="dx",$R37,-$Q37),IF(E$41=$D37,IF(E$40="dx",-$T37,$S37),IF(E$41=$B37,IF(E$40="dx",($T37-$R37),($Q37-$S37)),0))) -> 0 | F73: =IF(F$41=$C37,IF(F$40="dx",$R37,-$Q37),IF(F$41=$D37,IF(F$40="dx",-$T37,$S37),IF(F$41=$B37,IF(F$40="dx",($T37-$R37),($Q37-$S37)),0))) -> 1547.584 | G73: =IF(G$41=$C37,IF(G$40="dx",$R37,-$Q37),IF(G$41=$D37,IF(G$40="dx",-$T37,$S37),IF(G$41=$B37,IF(G$40="dx",($T37-$R37),($Q37-$S37)),0))) -> 3939.3047 | H73: =IF(H$41=$C37,IF(H$40="dx",$R37,-$Q37),IF(H$41=$D37,IF(H$40="dx",-$T37,$S37),IF(H$41=$B37,IF(H$40="dx",($T37-$R37),($Q37-$S37)),0))) -> 1352.9157 | I73: =IF(I$41=$C37,IF(I$40="dx",$R37,-$Q37),IF(I$41=$D37,IF(I$40="dx",-$T37,$S37),IF(I$41=$B37,IF(I$40="dx",($T37-$R37),($Q37-$S37)),0))) -> -3699.8139 | ... Q73: =IF(Q$41=$C37,IF(Q$40="dx",$R37,-$Q37),IF(Q$41=$D37,IF(Q$40="dx",-$T37,$S37),IF(Q$41=$B37,IF(Q$40="dx",($T37-$R37),($Q37-$S37)),0))) -> -239.4908 | S73: =P37*10000 -> -0.14731277
B75: A | S75: L
B76: =B42/$L4 -> 173.64575 | C76: =C42/$L4 -> -766.93541 | D76: =D42/$L4 -> 0 | E76: =E42/$L4 -> 0 | F76: =F42/$L4 -> 0 | G76: =G42/$L4 -> 0 | H76: =H42/$L4 -> 0 | I76: =I42/$L4 -> 0 | ... Q76: =Q42/$L4 -> 0 | S76: =S42/$L4 -> 4.3747544
B77: =B43/$L5 -> 0 | C77: =C43/$L5 -> 0 | D77: =D43/$L5 -> 0 | E77: =E43/$L5 -> 0 | F77: =F43/$L5 -> 0 | G77: =G43/$L5 -> 0 | H77: =H43/$L5 -> 638.97869 | I77: =I43/$L5 -> 583.41532 | ... Q77: =Q43/$L5 -> 0 | S77: =S43/$L5 -> -3.2749716
B78: =B44/$L6 -> 0 | C78: =C44/$L6 -> 0 | D78: =D44/$L6 -> 0 | E78: =E44/$L6 -> 0 | F78: =F44/$L6 -> 0 | G78: =G44/$L6 -> 0 | H78: =H44/$L6 -> 0 | I78: =I44/$L6 -> 0 | ... Q78: =Q44/$L6 -> 0 | S78: =S44/$L6 -> -2.3904112
B79: =B45/$L7 -> 0 | C79: =C45/$L7 -> 0 | D79: =D45/$L7 -> 0 | E79: =E45/$L7 -> 0 | F79: =F45/$L7 -> 0 | G79: =G45/$L7 -> 0 | H79: =H45/$L7 -> 0 | I79: =I45/$L7 -> 0 | ... Q79: =Q45/$L7 -> 0 | S79: =S45/$L7 -> 1.7672716
B80: =B46/$L8 -> 0 | C80: =C46/$L8 -> 0 | D80: =D46/$L8 -> 0 | E80: =E46/$L8 -> 0 | F80: =F46/$L8 -> 0 | G80: =G46/$L8 -> 0 | H80: =H46/$L8 -> 0 | I80: =I46/$L8 -> 0 | ... Q80: =Q46/$L8 -> -551.27284 | S80: =S46/$L8 -> 0.17444625
B81: =B47/$L9 -> 521.73886 | C81: =C47/$L9 -> -695.65181 | D81: =D47/$L9 -> 0 | E81: =E47/$L9 -> 0 | F81: =F47/$L9 -> 0 | G81: =G47/$L9 -> 0 | H81: =H47/$L9 -> 0 | I81: =I47/$L9 -> 0 | ... Q81: =Q47/$L9 -> 0 | S81: =S47/$L9 -> -0.52173886
B82: =B48/$L10 -> 0 | C82: =C48/$L10 -> 0 | D82: =D48/$L10 -> 0 | E82: =E48/$L10 -> 0 | F82: =F48/$L10 -> 0 | G82: =G48/$L10 -> 0 | H82: =H48/$L10 -> 0 | I82: =I48/$L10 -> 0 | ... Q82: =Q48/$L10 -> 165.19973 | S82: =S48/$L10 -> -2.6511993
B83: =B49/$L11 -> 0 | C83: =C49/$L11 -> 0 | D83: =D49/$L11 -> 0 | E83: =E49/$L11 -> 0 | F83: =F49/$L11 -> 0 | G83: =G49/$L11 -> 0 | H83: =H49/$L11 -> 0 | I83: =I49/$L11 -> 0 | ... Q83: =Q49/$L11 -> 0 | S83: =S49/$L11 -> -0.23609197
B84: =B50/$L12 -> 0 | C84: =C50/$L12 -> 0 | D84: =D50/$L12 -> 0 | E84: =E50/$L12 -> 0 | F84: =F50/$L12 -> 0 | G84: =G50/$L12 -> 0 | H84: =H50/$L12 -> 0 | I84: =I50/$L12 -> 0 | ... Q84: =Q50/$L12 -> 0 | S84: =S50/$L12 -> -4.1209852
B85: =B51/$L13 -> -859.07019 | C85: =C51/$L13 -> -148.11555 | D85: =D51/$L13 -> 859.07019 | E85: =E51/$L13 -> 148.11555 | F85: =F51/$L13 -> 0 | G85: =G51/$L13 -> 0 | H85: =H51/$L13 -> 0 | I85: =I51/$L13 -> 0 | ... Q85: =Q51/$L13 -> 0 | S85: =S51/$L13 -> 13.32872
B86: =B52/$L14 -> -370.46026 | C86: =C52/$L14 -> -771.3693 | D86: =D52/$L14 -> 0 | E86: =E52/$L14 -> 0 | F86: =F52/$L14 -> 0 | G86: =G52/$L14 -> 0 | H86: =H52/$L14 -> 0 | I86: =I52/$L14 -> 0 | ... Q86: =Q52/$L14 -> 771.3693 | S86: =S52/$L14 -> 8.6226525
B87: =B53/$L15 -> 173.64592 | C87: =C53/$L15 -> -766.93614 | D87: =D53/$L15 -> 0 | E87: =E53/$L15 -> 0 | F87: =F53/$L15 -> 0 | G87: =G53/$L15 -> 0 | H87: =H53/$L15 -> 0 | I87: =I53/$L15 -> 0 | ... Q87: =Q53/$L15 -> 0 | S87: =S53/$L15 -> 5.3183767
... B90: =B56/$L18 -> 0 | C90: =C56/$L18 -> 0 | D90: =D56/$L18 -> -131.276 | E90: =E56/$L18 -> -761.4008 | F90: =F56/$L18 -> 131.276 | G90: =G56/$L18 -> 761.4008 | H90: =H56/$L18 -> 0 | I90: =I56/$L18 -> 0 | ... Q90: =Q56/$L18 -> 0 | S90: =S56/$L18 -> 4.8516763
B91: =B57/$L19 -> 0 | C91: =C57/$L19 -> 0 | D91: =D57/$L19 -> 0 | E91: =E57/$L19 -> 0 | F91: =F57/$L19 -> 809.05062 | G91: =G57/$L19 -> -317.84132 | H91: =H57/$L19 -> -809.05062 | I91: =I57/$L19 -> 317.84132 | ... Q91: =Q57/$L19 -> 0 | S91: =S57/$L19 -> -7.1368756 | U91: AT
B92: =B58/$L20 -> 0 | C92: =C58/$L20 -> 0 | D92: =D58/$L20 -> 0 | E92: =E58/$L20 -> 0 | F92: =F58/$L20 -> 778.90204 | G92: =G58/$L20 -> 152.72589 | H92: =H58/$L20 -> 0 | I92: =I58/$L20 -> 0 | ... Q92: =Q58/$L20 -> 0 | S92: =S58/$L20 -> -9.7397476 | U92: {=TRANSPOSE(B76:Q107)} -> 173.64575 | V92: 0 | W92: 0 | X92: 0 | Y92: 0 | Z92: 521.73886 | AA92: 0 | AB92: 0 | AC92: 0 | AD92: -859.07019 | AE92: -370.46026 | AF92: 173.64592 | AG92: 0 | AH92: 0 | AI92: 0 | AJ92: 0 | AK92: 0 | AL92: 0 | AM92: 0 | AN92: 0 | AO92: -1134.4354 | AP92: 0 | AQ92: 0 | AR92: 0 | AS92: 0 | AT92: 1134.4354 | AU92: 0 | AV92: 0 | AW92: 0 | AX92: 0 | AY92: 0 | AZ92: 0
B93: =B59/$L21 -> 0 | C93: =C59/$L21 -> 0 | D93: =D59/$L21 -> 0 | E93: =E59/$L21 -> 0 | F93: =F59/$L21 -> 497.85054 | G93: =G59/$L21 -> 665.16097 | H93: =H59/$L21 -> 0 | I93: =I59/$L21 -> 0 | ... Q93: =Q59/$L21 -> -665.16097 | S93: =S59/$L21 -> -1.4969802 | U93: -766.93541 | V93: 0 | W93: 0 | X93: 0 | Y93: 0 | Z93: -695.65181 | AA93: 0 | AB93: 0 | AC93: 0 | AD93: -148.11555 | AE93: -771.3693 | AF93: -766.93614 | AG93: 0 | AH93: 0 | AI93: 0 | AJ93: 0 | AK93: 0 | AL93: 0 | AM93: 0 | AN93: 0 | AO93: 544.82753 | AP93: 0 | AQ93: 0 | AR93: 0 | AS93: 0 | AT93: -544.82753 | AU93: 0 | AV93: 0 | AW93: 0 | AX93: 0 | AY93: 0 | AZ93: 0
B94: =B60/$L22 -> 0 | C94: =C60/$L22 -> 0 | D94: =D60/$L22 -> 0 | E94: =E60/$L22 -> 0 | F94: =F60/$L22 -> 0 | G94: =G60/$L22 -> 0 | H94: =H60/$L22 -> 0 | I94: =I60/$L22 -> 0 | ... Q94: =Q60/$L22 -> -647.79333 | S94: =S60/$L22 -> 0.94175072 | U94: 0 | V94: 0 | W94: 0 | X94: 0 | Y94: 0 | Z94: 0 | AA94: 0 | AB94: 0 | AC94: 0 | AD94: 859.07019 | AE94: 0 | AF94: 0 | AG94: 739.63347 | AH94: 430.35881 | AI94: -131.276 | AJ94: 0 | AK94: 0 | AL94: 0 | AM94: 0 | AN94: 0 | AO94: 1264.4976 | AP94: -1264.4976 | AQ94: 0 | AR94: 0 | AS94: 0 | AT94: 0 | AU94: 0 | AV94: 0 | AW94: 0 | AX94: 0 | AY94: 0 | AZ94: 0
B95: =B61/$L23 -> 0 | C95: =C61/$L23 -> 0 | D95: =D61/$L23 -> 0 | E95: =E61/$L23 -> 0 | F95: =F61/$L23 -> 0 | G95: =G61/$L23 -> 0 | H95: =H61/$L23 -> 777.4857 | I95: =I61/$L23 -> -362.82666 | ... Q95: =Q61/$L23 -> 0 | S95: =S61/$L23 -> -0.72621667 | U95: 0 | V95: 0 | W95: 0 | X95: 0 | Y95: 0 | Z95: 0 | AA95: 0 | AB95: 0 | AC95: 0 | AD95: 148.11555 | AE95: 0 | AF95: 0 | AG95: -299.00076 | AH95: -759.10513 | AI95: -761.4008 | AJ95: 0 | AK95: 0 | AL95: 0 | AM95: 0 | AN95: 0 | AO95: 716.88052 | AP95: -716.88052 | AQ95: 0 | AR95: 0 | AS95: 0 | AT95: 0 | AU95: 0 | AV95: 0 | AW95: 0 | AX95: 0 | AY95: 0 | AZ95: 0
B96: =B62/$O26 -> -1134.4354 | C96: =C62/$O26 -> 544.82753 | D96: =D62/$O26 -> 1264.4976 | E96: =E62/$O26 -> 716.88052 | F96: =F62/$O26 -> 0 | G96: =G62/$O26 -> 0 | H96: =H62/$O26 -> 0 | I96: =I62/$O26 -> 0 | ... Q96: =Q62/$O26 -> -1261.708 | S96: =S62/$O26 -> 9.7889044 | U96: 0 | V96: 0 | W96: 0 | X96: 0 | Y96: 0 | Z96: 0 | AA96: 0 | AB96: 0 | AC96: 0 | AD96: 0 | AE96: 0 | AF96: 0 | AG96: 0 | AH96: 0 | AI96: 131.276 | AJ96: 809.05062 | AK96: 778.90204 | AL96: 497.85054 | AM96: 0 | AN96: 0 | AO96: 0 | AP96: -834.43115 | AQ96: 834.43115 | AR96: 0 | AS96: 0 | AT96: 0 | AU96: 0 | AV96: 0 | AW96: 0 | AX96: 0 | AY96: 0 | AZ96: 515.86133
B97: =B63/$O27 -> 0 | C97: =C63/$O27 -> 0 | D97: =D63/$O27 -> -1264.4976 | E97: =E63/$O27 -> -716.88052 | F97: =F63/$O27 -> -834.43115 | G97: =G63/$O27 -> 624.54356 | H97: =H63/$O27 -> 0 | I97: =I63/$O27 -> 0 | ... Q97: =Q63/$O27 -> 92.336963 | S97: =S63/$O27 -> 6.2259548 | U97: 0 | V97: 0 | W97: 0 | X97: 0 | Y97: 0 | Z97: 0 | AA97: 0 | AB97: 0 | AC97: 0 | AD97: 0 | AE97: 0 | AF97: 0 | AG97: 0 | AH97: 0 | AI97: 761.4008 | AJ97: -317.84132 | AK97: 152.72589 | AL97: 665.16097 | AM97: 0 | AN97: 0 | AO97: 0 | AP97: 624.54356 | AQ97: -624.54356 | AR97: 0 | AS97: 0 | AT97: 0 | AU97: 0 | AV97: 0 | AW97: 0 | AX97: 0 | AY97: 0 | AZ97: 1313.1016
B98: =B64/$O28 -> 0 | C98: =C64/$O28 -> 0 | D98: =D64/$O28 -> 0 | E98: =E64/$O28 -> 0 | F98: =F64/$O28 -> 834.43115 | G98: =G64/$O28 -> -624.54356 | H98: =H64/$O28 -> -966.83324 | I98: =I64/$O28 -> -79.830267 | ... Q98: =Q64/$O28 -> 704.37382 | S98: =S64/$O28 -> -8.9559114 | U98: 0 | V98: 638.97869 | W98: 0 | X98: 0 | Y98: 0 | Z98: 0 | AA98: 0 | AB98: 0 | AC98: 0 | AD98: 0 | AE98: 0 | AF98: 0 | AG98: 0 | AH98: 0 | AI98: 0 | AJ98: -809.05062 | AK98: 0 | AL98: 0 | AM98: 0 | AN98: 777.4857 | AO98: 0 | AP98: 0 | AQ98: -966.83324 | AR98: 966.83324 | AS98: 0 | AT98: 0 | AU98: 0 | AV98: 0 | AW98: 542.13363 | AX98: -1460.9663 | AY98: -48.000577 | AZ98: 450.97191
B99: =B65/$O29 -> 0 | C99: =C65/$O29 -> 0 | D99: =D65/$O29 -> 0 | E99: =E65/$O29 -> 0 | F99: =F65/$O29 -> 0 | G99: =G65/$O29 -> 0 | H99: =H65/$O29 -> 966.83324 | I99: =I65/$O29 -> 79.830267 | ... Q99: =Q65/$O29 -> 846.80564 | S99: =S65/$O29 -> -6.9490358 | U99: 0 | V99: 583.41532 | W99: 0 | X99: 0 | Y99: 0 | Z99: 0 | AA99: 0 | AB99: 0 | AC99: 0 | AD99: 0 | AE99: 0 | AF99: 0 | AG99: 0 | AH99: 0 | AI99: 0 | AJ99: 317.84132 | AK99: 0 | AL99: 0 | AM99: 0 | AN99: -362.82666 | AO99: 0 | AP99: 0 | AQ99: -79.830267 | AR99: 79.830267 | AS99: 0 | AT99: 0 | AU99: 0 | AV99: 0 | AW99: 1161.7149 | AX99: -155.37438 | AY99: -1086.1708 | AZ99: -1233.2713
B100: =B66/$O30 -> 0 | C100: =C66/$O30 -> 0 | D100: =D66/$O30 -> 0 | E100: =E66/$O30 -> 0 | F100: =F66/$O30 -> 0 | G100: =G66/$O30 -> 0 | H100: =H66/$O30 -> 0 | I100: =I66/$O30 -> 0 | ... Q100: =Q66/$O30 -> 326.93109 | S100: =S66/$O30 -> 0.98513328 | U100: 0 | V100: 0 | W100: -166.4161 | X100: 0 | Y100: 0 | Z100: 0 | AA100: 0 | AB100: 0 | AC100: -11.835278 | AD100: 0 | AE100: 0 | AF100: 0 | AG100: 0 | AH100: 0 | AI100: 0 | AJ100: 0 | AK100: 0 | AL100: 0 | AM100: -377.87944 | AN100: -777.4857 | AO100: 0 | AP100: 0 | AQ100: 0 | AR100: 0 | AS100: 0 | AT100: 0 | AU100: -502.98654 | AV100: 616.21227 | AW100: 7.6243811 | AX100: 542.13363 | AY100: 0 | AZ100: 0
B101: =B67/$O31 -> 1134.4354 | C101: =C67/$O31 -> -544.82753 | D101: =D67/$O31 -> 0 | E101: =E67/$O31 -> 0 | F101: =F67/$O31 -> 0 | G101: =G67/$O31 -> 0 | H101: =H67/$O31 -> 0 | I101: =I67/$O31 -> 0 | ... Q101: =Q67/$O31 -> -708.73947 | S101: =S67/$O31 -> -4.7617119 | U101: 0 | V101: 0 | W101: 832.08051 | X101: 0 | Y101: 0 | Z101: 0 | AA101: 0 | AB101: 0 | AC101: 757.45776 | AD101: 0 | AE101: 0 | AF101: 0 | AG101: 0 | AH101: 0 | AI101: 0 | AJ101: 0 | AK101: 0 | AL101: 0 | AM101: 647.79333 | AN101: 362.82666 | AO101: 0 | AP101: 0 | AQ101: 0 | AR101: 0 | AS101: 0 | AT101: 0 | AU101: -222.83493 | AV101: -87.498115 | AW101: -841.02274 | AX101: 1161.7149 | AY101: 0 | AZ101: 0
B102: =B68/$O32 -> 0 | C102: =C68/$O32 -> 0 | D102: =D68/$O32 -> 0 | E102: =E68/$O32 -> 0 | F102: =F68/$O32 -> 0 | G102: =G68/$O32 -> 0 | H102: =H68/$O32 -> 0 | I102: =I68/$O32 -> 0 | ... Q102: =Q68/$O32 -> 0 | S102: =S68/$O32 -> 1.8472734 | U102: -173.64575 | V102: -638.97869 | W102: 166.4161 | X102: 176.47513 | Y102: -648.84325 | Z102: 0 | AA102: 0 | AB102: 176.47477 | AC102: 0 | AD102: 0 | AE102: 0 | AF102: -173.64592 | AG102: 0 | AH102: 0 | AI102: 0 | AJ102: 0 | AK102: -778.90204 | AL102: 0 | AM102: 0 | AN102: 0 | AO102: 0 | AP102: 0 | AQ102: 0 | AR102: -787.29216 | AS102: 787.29216 | AT102: 0 | AU102: 1165.9703 | AV102: -1165.9703 | AW102: 0 | AX102: 918.83266 | AY102: -918.83266 | AZ102: 0
B103: =B69/$O33 -> 0 | C103: =C69/$O33 -> 0 | D103: =D69/$O33 -> 0 | E103: =E69/$O33 -> 0 | F103: =F69/$O33 -> 0 | G103: =G69/$O33 -> 0 | H103: =H69/$O33 -> 0 | I103: =I69/$O33 -> 0 | ... Q103: =Q69/$O33 -> 320.69217 | S103: =S69/$O33 -> -4.7604092 | U103: 766.93541 | V103: -583.41532 | W103: -832.08051 | X103: 852.96311 | Y103: 551.27284 | Z103: 0 | AA103: 0 | AB103: 852.9614 | AC103: 0 | AD103: 0 | AE103: 0 | AF103: 766.93614 | AG103: 0 | AH103: 0 | AI103: 0 | AJ103: 0 | AK103: -152.72589 | AL103: 0 | AM103: 0 | AN103: 0 | AO103: 0 | AP103: 0 | AQ103: 0 | AR103: -926.63591 | AS103: 926.63591 | AT103: 0 | AU103: 233.19406 | AV103: -233.19406 | AW103: 0 | AX103: -1006.3405 | AY103: 1006.3405 | AZ103: 0
B104: =B70/$O34 -> 0 | C104: =C70/$O34 -> 0 | D104: =D70/$O34 -> 0 | E104: =E70/$O34 -> 0 | F104: =F70/$O34 -> 0 | G104: =G70/$O34 -> 0 | H104: =H70/$O34 -> 542.13363 | I104: =I70/$O34 -> 1161.7149 | ... Q104: =Q70/$O34 -> -320.69217 | S104: =S70/$O34 -> -1.7060801 | U104: 0 | V104: 0 | W104: 0 | X104: -176.47513 | Y104: 0 | Z104: -521.73886 | AA104: -841.4861 | AB104: -176.47477 | AC104: 11.835278 | AD104: 0 | AE104: 0 | AF104: 0 | AG104: -739.63347 | AH104: 0 | AI104: 0 | AJ104: 0 | AK104: 0 | AL104: 0 | AM104: 0 | AN104: 0 | AO104: 0 | AP104: 0 | AQ104: 0 | AR104: 0 | AS104: 246.09904 | AT104: -246.09904 | AU104: -662.98373 | AV104: 0 | AW104: 0 | AX104: 0 | AY104: 0 | AZ104: 0
B105: =B71/$O35 -> 0 | C105: =C71/$O35 -> 0 | D105: =D71/$O35 -> 0 | E105: =E71/$O35 -> 0 | F105: =F71/$O35 -> 0 | G105: =G71/$O35 -> 0 | H105: =H71/$O35 -> -1460.9663 | I105: =I71/$O35 -> -155.37438 | ... Q105: =Q71/$O35 -> 0 | S105: =S71/$O35 -> -1.9582385 | U105: 0 | V105: 0 | W105: 0 | X105: -852.96311 | Y105: 0 | Z105: 695.65181 | AA105: -165.19973 | AB105: -852.9614 | AC105: -757.45776 | AD105: 0 | AE105: 0 | AF105: 0 | AG105: 299.00076 | AH105: 0 | AI105: 0 | AJ105: 0 | AK105: 0 | AL105: 0 | AM105: 0 | AN105: 0 | AO105: 0 | AP105: 0 | AQ105: 0 | AR105: 0 | AS105: -1253.567 | AT105: 1253.567 | AU105: -10.359121 | AV105: 0 | AW105: 0 | AX105: 0 | AY105: 0 | AZ105: 0
B106: =B72/$O36 -> 0 | C106: =C72/$O36 -> 0 | D106: =D72/$O36 -> 0 | E106: =E72/$O36 -> 0 | F106: =F72/$O36 -> 0 | G106: =G72/$O36 -> 0 | H106: =H72/$O36 -> -48.000577 | I106: =I72/$O36 -> -1086.1708 | ... Q106: =Q72/$O36 -> 79.830267 | S106: =S72/$O36 -> 1.4412353 | U106: 0 | V106: 0 | W106: 0 | X106: 0 | Y106: 648.84325 | Z106: 0 | AA106: 841.4861 | AB106: 0 | AC106: 0 | AD106: 0 | AE106: 370.46026 | AF106: 0 | AG106: 0 | AH106: -430.35881 | AI106: 0 | AJ106: 0 | AK106: 0 | AL106: -497.85054 | AM106: 377.87944 | AN106: 0 | AO106: -130.06218 | AP106: 2098.9287 | AQ106: 132.40209 | AR106: -179.54107 | AS106: -1033.3912 | AT106: -888.33636 | AU106: 0 | AV106: 549.75801 | AW106: -549.75801 | AX106: 0 | AY106: 966.83324 | AZ106: -966.83324
B107: =B73/$O37 -> 0 | C107: =C73/$O37 -> 0 | D107: =D73/$O37 -> 0 | E107: =E73/$O37 -> 0 | F107: =F73/$O37 -> 515.86133 | G107: =G73/$O37 -> 1313.1016 | H107: =H73/$O37 -> 450.97191 | I107: =I73/$O37 -> -1233.2713 | ... Q107: =Q73/$O37 -> -79.830267 | S107: =S73/$O37 -> -0.049104255 | U107: 0 | V107: 0 | W107: 0 | X107: 0 | Y107: -551.27284 | Z107: 0 | AA107: 165.19973 | AB107: 0 | AC107: 0 | AD107: 0 | AE107: 771.3693 | AF107: 0 | AG107: 0 | AH107: 759.10513 | AI107: 0 | AJ107: 0 | AK107: 0 | AL107: -665.16097 | AM107: -647.79333 | AN107: 0 | AO107: -1261.708 | AP107: 92.336963 | AQ107: 704.37382 | AR107: 846.80564 | AS107: 326.93109 | AT107: -708.73947 | AU107: 0 | AV107: 320.69217 | AW107: -320.69217 | AX107: 0 | AY107: 79.830267 | AZ107: -79.830267
B109: ATA | R109: ST | V109: ATL
B110: {=MMULT(_xlfn.ANCHORARRAY(U92),B76:Q107)} -> 3781646.9 | C110: -1452438.9 | D110: -2172492.4 | E110: -940496.29 | F110: 0 | G110: 0 | H110: 0 | I110: 0 | J110: 0 | K110: 0 | L110: -60305.753 | M110: 266350.41 | N110: -551394.9 | O110: 1785039.4 | P110: -997453.87 | Q110: 341545.46 | R110: 0 | S110: 0 | T110: 0 | V110: {=MMULT(_xlfn.ANCHORARRAY(U92),S76:S107)} -> -29740.43
B111: -1452438.9 | C111: 2870935.3 | D111: 561691.44 | E111: 368638.03 | F111: 0 | G111: 0 | H111: 0 | I111: 0 | J111: 0 | K111: 0 | L111: 266350.41 | M111: -1176381 | N111: 497030.12 | O111: -1166909.3 | P111: 127366.98 | Q111: -896283.1 | R111: 0 | S111: 0 | T111: 0 | V111: -7768.9245 | Z111: Nr | AA111: X | AB111: Y | AC111: ∆X | AD111: ∆Y | AE111: d^2 | AF111: A | AG111: B
B112: -2172492.4 | C112: 561691.44 | D112: 4685409.6 | E112: 1492344.1 | F112: 1037902.8 | G112: -889687.47 | H112: 0 | I112: 0 | J112: 0 | K112: 0 | L112: 0 | M112: 0 | N112: -547057.67 | O112: 221150.97 | P112: -3003762.3 | Q112: -1385499.1 | R112: 0 | S112: 0 | T112: 0 | V112: 18617.227 | Y112: Początek | Z112: 9 | AA112: =VLOOKUP(Z112,$P$5:$R$13,2,FALSE) -> 314 | AB112: =VLOOKUP(Z112,$P$5:$R$13,3,FALSE) -> 271 | AC112: =AA113-AA112 -> -169 | AD112: =AB113-AB112 -> 289 | AE112: =AC112^2+AD112^2 -> 112082 | AF112: =AD112/AE112*(200/PI()*10000) -> 1641.5046 | AG112: =-AC112/AE112*200/PI()*10000 -> 959.91097
B113: -940496.29 | C113: 368638.03 | D113: 1492344.1 | E113: 2295146.8 | F113: 498233.78 | G113: -1027454.3 | H113: 0 | I113: 0 | J113: 0 | K113: 0 | L113: 0 | M113: 0 | N113: 221150.97 | O113: -89401.457 | P113: -1271232.6 | Q113: -1546929.1 | R113: 0 | S113: 0 | T113: 0 | V113: -2146.0976 | Y113: Koniec | Z113: 6 | AA113: =VLOOKUP(Z113,$P$5:$R$13,2,FALSE) -> 145 | AB113: =VLOOKUP(Z113,$P$5:$R$13,3,FALSE) -> 560
B114: 0 | C114: 0 | D114: 1037902.8 | E114: 498233.78 | F114: 3185003.4 | G114: -71985.691 | H114: -1228679.7 | I114: -445660.11 | J114: 0 | K114: 0 | L114: -606688.38 | M114: -118958.51 | N114: 0 | O114: 0 | P114: -2387538.1 | Q114: 138370.52 | R114: 0 | S114: 0 | T114: 0 | V114: -26162.32
B115: 0 | C115: 0 | D115: -889687.47 | E115: -1027454.3 | F115: -71985.691 | G115: 3650863.6 | H115: 1453151.1 | I115: -1670576.1 | J115: 0 | K115: 0 | L115: -118958.51 | M115: -23325.197 | N115: 0 | O115: 0 | P115: -372519.43 | Q115: -929508.04 | R115: 0 | S115: 0 | T115: 0 | V115: 12896.478
...

Sheet Identyfikacja
B2: ATA Wyjściowy | R2: ST | W2: (ATA)-1 | AM2: ST(-1) | AQ2: X | AR2: m0 | AS2: mx
B3: {=_xlfn.ANCHORARRAY('Wyrównanie wstępne - wyjściowy'!B110)} -> 3529835.6 | C3: -1321072 | D3: -727167.85 | E3: -1704466.7 | F3: 0 | G3: 0 | H3: 0 | I3: 0 | J3: 0 | K3: 0 | L3: -60305.207 | M3: 266348 | N3: -551395.99 | O3: 1785040.8 | P3: -2190966.5 | Q3: 974149.92 | R3: {=TRANSPOSE(B19:Q21)} -> 0 | S3: 0 | T3: 0 | W3: {=MINVERSE(B3:T21)} -> 1.2554878e-06 | X3: 3.0503499e-07 | Y3: 8.0476354e-07 | Z3: 7.1121386e-07 | AA3: 2.9044386e-08 | AB3: 4.5835186e-07 | AC3: 7.5628589e-25 | AD3: 0 | AE3: -5.2969972e-08 | AF3: -2.1385782e-07 | AG3: 1.8340734e-07 | AH3: -1.3557894e-07 | AI3: -1.2827387e-07 | AJ3: -2.2116184e-07 | AK3: 4.9816519e-07 | AL3: 2.3757557e-07 | AM3: 1 | AN3: -6.5960762e-16 | AO3: 0.00058119464 | AQ3: {=-MMULT(W3:AL18,_xlfn.ANCHORARRAY('Wyrównanie wstępne - wyjściowy'!V110))} -> 0.001597367 | AR3: ='Wyrównanie wstępne - wyjściowy'!AB131 -> 0.92409858 | AS3: =SQRT(ROUND(W3,10))*$AR$3 -> 0.0010354441
B4: -1321072 | C4: 2986537.5 | D4: -142881.15 | E4: 556830.31 | F4: 0 | G4: 0 | H4: 0 | I4: 0 | J4: 0 | K4: 0 | L4: 266348 | M4: -1176370.3 | N4: 497031.57 | O4: -1166911.2 | P4: 700573.58 | Q4: -1200086.3 | R4: 0 | S4: 0 | T4: 0 | W4: 3.0503499e-07 | X4: 6.8049576e-07 | Y4: 2.767557e-07 | Z4: 2.8212662e-07 | AA4: -1.3430043e-08 | AB4: 1.7923364e-07 | AC4: -4.9659963e-25 | AD4: 0 | AE4: 6.7850241e-09 | AF4: 1.2180243e-07 | AG4: 6.1089864e-08 | AH4: 2.2813556e-07 | AI4: 1.378884e-07 | AJ4: 2.3773862e-07 | AK4: 8.2062481e-08 | AL4: 2.8615567e-07 | AM4: 4.2940048e-16 | AN4: 1 | AO4: -8.6393798e-05 | AQ4: 0.0010198994 | AS4: =SQRT(ROUND(X4,10))*$AR$3 -> 0.00076231132
B5: -727167.85 | C5: -142881.15 | D5: 1530177.5 | E5: 258472.98 | F5: 147487.77 | G5: 8701.1162 | H5: -206153.72 | I5: 280598.12 | J5: 0 | K5: 0 | L5: 0 | M5: 0 | N5: 0 | O5: 0 | P5: -744343.67 | Q5: -404891.06 | R5: 0 | S5: 0 | T5: 0 | W5: 8.0476354e-07 | X5: 2.767557e-07 | Y5: 1.234531e-06 | Z5: 4.754452e-07 | AA5: 4.2119237e-08 | AB5: 3.4002796e-07 | AC5: -1.6950924e-24 | AD5: 0 | AE5: -3.2546628e-08 | AF5: -1.303087e-07 | AG5: 1.6896215e-07 | AH5: -4.2844472e-08 | AI5: -3.8342344e-08 | AJ5: -6.610749e-08 | AK5: 4.0236917e-07 | AL5: 2.3924857e-07 | AM5: 1 | AN5: -3.9951618e-16 | AO5: 0.0003848451 | AQ5: 5.0089691e-05 | AS5: =SQRT(ROUND(Y5,10))*$AR$3 -> 0.001026748
B6: -1704466.7 | C6: 556830.31 | D6: 258472.98 | E6: 4459685.7 | F6: 1204860.3 | G6: -1467478.2 | H6: 280598.12 | I6: -381925.22 | J6: 0 | K6: 0 | L6: 0 | M6: 0 | N6: 0 | O6: 0 | P6: -39464.619 | Q6: -3167112.6 | R6: 0 | S6: 0 | T6: 0 | W6: 7.1121386e-07 | X6: 2.8212662e-07 | Y6: 4.754452e-07 | Z6: 9.5235436e-07 | AA6: -1.1396677e-07 | AB6: 5.1928925e-07 | AC6: -3.1931846e-25 | AD6: 0 | AE6: -6.8177416e-08 | AF6: -4.3629493e-08 | AG6: 1.4097498e-07 | AH6: 4.0461408e-08 | AI6: 2.2906047e-08 | AJ6: 3.9493185e-08 | AK6: 3.0154083e-07 | AL6: 4.4320726e-07 | AM6: 1.4236539e-15 | AN6: 1 | AO6: 0.00028274334 | AQ6: 0.0013991059 | AS6: =SQRT(ROUND(Z6,10))*$AR$3 -> 0.00090183689
B7: 0 | C7: 0 | D7: 147487.77 | E7: 1204860.3 | F7: 3197552 | G7: -313305.71 | H7: -1228688.4 | I7: -445656.71 | J7: 0 | K7: 0 | L7: -606699.84 | M7: -118960.75 | N7: 0 | O7: 0 | P7: -1509651.6 | Q7: -326937.09 | R7: 0 | S7: 0 | T7: 0 | W7: 2.9044386e-08 | X7: -1.3430043e-08 | Y7: 4.2119237e-08 | Z7: -1.1396677e-07 | AA7: 4.2674811e-07 | AB7: 2.2800094e-08 | AC7: 1.2923634e-25 | AD7: 0 | AE7: 3.1575849e-08 | AF7: -5.1664134e-08 | AG7: 9.1816797e-08 | AH7: -1.4390688e-08 | AI7: 4.5111618e-09 | AJ7: 7.7778652e-09 | AK7: 1.1949721e-07 | AL7: -2.4740349e-08 | AM7: 1 | AN7: 0 | AO7: 8.6393798e-05 | AQ7: 0.00059326847 | AS7: =SQRT(ROUND(AA7,10))*$AR$3 -> 0.00060364224
B8: 0 | C8: 0 | D8: 8701.1162 | E8: -1467478.2 | F8: -313305.71 | G8: 3742624 | H8: 1453154.5 | I8: -1670577.4 | J8: 0 | K8: 0 | L8: -118960.75 | M8: -23325.638 | N8: 0 | O8: 0 | P8: -1029589.2 | Q8: -581242.71 | R8: 0 | S8: 0 | T8: 0 | W8: 4.5835186e-07 | X8: 1.7923364e-07 | Y8: 3.4002796e-07 | Z8: 5.1928925e-07 | AA8: 2.2800094e-08 | AB8: 5.9024536e-07 | AC8: 3.1992334e-24 | AD8: 0 | AE8: -3.0826013e-08 | AF8: -5.1702816e-08 | AG8: 1.3311119e-07 | AH8: 2.1377321e-08 | AI8: 2.0357266e-08 | AJ8: 3.5098734e-08 | AK8: 2.5856024e-07 | AL8: 2.7577385e-07 | AM8: 1.0220788e-15 | AN8: 1 | AO8: 0.00021991149 | AQ8: 0.0007324952 | AS8: =SQRT(ROUND(AB8,10))*$AR$3 -> 0.00070993389
B9: 0 | C9: 0 | D9: -206153.72 | E9: 280598.12 | F9: -1228688.4 | G9: 1453154.5 | H9: 6377052.1 | I9: 60080.069 | J9: -1392391.9 | K9: -1871079.4 | L9: -2467755.6 | M9: 153229.99 | N9: 0 | O9: 0 | P9: -1082062.5 | Q9: -75983.3 | R9: 1 | S9: 0 | T9: -1905.4767 | W9: -4.5691407e-23 | X9: 0 | Y9: 2.2845703e-23 | Z9: 1.8276563e-22 | AA9: -2.8557129e-23 | AB9: 2.2845703e-23 | AC9: -4.2737398e-24 | AD9: 0 | AE9: 2.2845703e-23 | AF9: -4.5691407e-23 | AG9: 4.5691407e-23 | AH9: 3.4268555e-23 | AI9: -9.1382814e-23 | AJ9: -2.0561133e-22 | AK9: 2.2845703e-23 | AL9: -1.0423352e-22 | AM9: 1 | AN9: -5.7968386e-17 | AO9: -5.6141612e-20 | AQ9: 1.7352572e-20 | AS9: =SQRT(ROUND(AC9,10))*$AR$3 -> 0
B10: 0 | C10: 0 | D10: 280598.12 | E10: -381925.22 | F10: -445656.71 | G10: -1670577.4 | H10: 60080.069 | I10: 5042162.5 | J10: 206717.33 | K10: -1289173.1 | L10: 419604.13 | M10: -1351047.3 | N10: 0 | O10: 0 | P10: -521342.94 | Q10: -349439.44 | R10: 0 | S10: 1 | T10: 1105.1765 | W10: -2.9960929e-23 | X10: 6.741209e-23 | Y10: 0 | Z10: -2.9960929e-23 | AA10: -1.4980464e-23 | AB10: 8.9882786e-23 | AC10: 4.2939767e-24 | AD10: 0 | AE10: -1.4980464e-23 | AF10: -1.4980464e-23 | AG10: -7.4902322e-24 | AH10: 2.9960929e-23 | AI10: 0 | AJ10: 0 | AK10: -1.4980464e-23 | AL10: -1.4980464e-23 | AM10: 1.1128048e-17 | AN10: 1 | AO10: 7.0109116e-21 | AQ10: -1.1657132e-19 | AS10: =SQRT(ROUND(AD10,10))*$AR$3 -> 0
B11: 0 | C11: 0 | D11: 0 | E11: 0 | F11: 0 | G11: 0 | H11: -1392391.9 | I11: 206717.33 | J11: 1701793.4 | K11: 7240.326 | L11: -834516.91 | M11: -668089.35 | N11: 333331.82 | O11: 14175.265 | P11: 191783.62 | Q11: 439956.42 | R11: 0 | S11: 0 | T11: 0 | W11: -5.2969972e-08 | X11: 6.7850241e-09 | Y11: -3.2546628e-08 | Z11: -6.8177416e-08 | AA11: 3.1575849e-08 | AB11: -3.0826013e-08 | AC11: 8.7343438e-24 | AD11: 0 | AE11: 6.6033256e-07 | AF11: 1.8384598e-08 | AG11: 7.53799e-08 | AH11: 7.2457265e-08 | AI11: 2.311642e-08 | AJ11: 3.9855897e-08 | AK11: -1.1109107e-08 | AL11: -4.2524288e-08 | AM11: 1 | AN11: 1.2601777e-16 | AO11: -0.00010995574 | AQ11: -1.5341974e-05 | AS11: =SQRT(ROUND(AE11,10))*$AR$3 -> 0.00075091184
B12: 0 | C12: 0 | D12: 0 | E12: 0 | F12: 0 | G12: 0 | H12: -1871079.4 | I12: -1289173.1 | J12: 7240.326 | K12: 3931596.8 | L12: 1048095.1 | M12: -1893001.6 | N12: 156700.7 | O12: -571436.67 | P12: 659043.25 | Q12: -177985.49 | R12: 0 | S12: 0 | T12: 0 | W12: -2.1385782e-07 | X12: 1.2180243e-07 | Y12: -1.303087e-07 | Z12: -4.3629493e-08 | AA12: -5.1664134e-08 | AB12: -5.1702816e-08 | AC12: -1.2669869e-25 | AD12: 0 | AE12: 1.8384598e-08 | AF12: 4.3250519e-07 | AG12: -7.9505397e-08 | AH12: 2.1745467e-07 | AI12: 1.1628424e-07 | AJ12: 2.0049007e-07 | AK12: -1.4671616e-07 | AL12: 7.056791e-08 | AM12: -5.2724016e-16 | AN12: 1 | AO12: -0.00023561945 | AQ12: 0.0010149922 | AS12: =SQRT(ROUND(AF12,10))*$AR$3 -> 0.00060773096
B13: -60305.207 | C13: 266348 | D13: 0 | E13: 0 | F13: -606699.84 | G13: -118960.75 | H13: -2467755.6 | I13: 419604.13 | J13: -834516.91 | K13: 1048095.1 | L13: 7233417.7 | M13: 183839.17 | N13: -641554.04 | O13: -1300053.6 | P13: -2622586.1 | Q13: -498872.06 | R13: 0 | S13: 0 | T13: 0 | W13: 1.8340734e-07 | X13: 6.1089864e-08 | Y13: 1.6896215e-07 | Z13: 1.4097498e-07 | AA13: 9.1816797e-08 | AB13: 1.3311119e-07 | AC13: 3.577432e-24 | AD13: 0 | AE13: 7.53799e-08 | AF13: -7.9505397e-08 | AG13: 2.5189016e-07 | AH13: 9.3777795e-09 | AI13: 3.7897138e-08 | AJ13: 6.5339893e-08 | AK13: 1.7323402e-07 | AL13: 9.5428646e-08 | AM13: 1 | AN13: -1.0772049e-18 | AO13: 0.00016493361 | AQ13: -0.00034235774 | AS13: =SQRT(ROUND(AG13,10))*$AR$3 -> 0.00046380175
B14: 266348 | C14: -1176370.3 | D14: 0 | E14: 0 | F14: -118960.75 | G14: -23325.638 | H14: 153229.99 | I14: -1351047.3 | J14: -668089.35 | K14: -1893001.6 | L14: 183839.17 | M14: 7842926.8 | N14: -227611.34 | O14: -2619099 | P14: 411244.28 | Q14: -780082.94 | R14: 0 | S14: 0 | T14: 0 | W14: -1.3557894e-07 | X14: 2.2813556e-07 | Y14: -4.2844472e-08 | Z14: 4.0461408e-08 | AA14: -1.4390688e-08 | AB14: 2.1377321e-08 | AC14: 2.7540752e-24 | AD14: 0 | AE14: 7.2457265e-08 | AF14: 2.1745467e-07 | AG14: 9.3777795e-09 | AH14: 3.448261e-07 | AI14: 1.6764025e-07 | AJ14: 2.8903491e-07 | AK14: -7.068108e-08 | AL14: 1.5205443e-07 | AM14: -8.3929667e-17 | AN14: 1 | AO14: -0.00018064158 | AQ14: 0.000629695 | AS14: =SQRT(ROUND(AH14,10))*$AR$3 -> 0.00054262766
B15: -551395.99 | C15: 497031.57 | D15: 0 | E15: 0 | F15: 0 | G15: 0 | H15: 0 | I15: 0 | J15: 333331.82 | K15: 156700.7 | L15: -641554.04 | M15: -227611.34 | N15: 1603418.2 | O15: -541984.55 | P15: -743800 | Q15: 115863.62 | R15: 0 | S15: 0 | T15: 1905.4767 | W15: -1.2827387e-07 | X15: 1.378884e-07 | Y15: -3.8342344e-08 | Z15: 2.2906047e-08 | AA15: 4.5111618e-09 | AB15: 2.0357266e-08 | AC15: -3.9483791e-24 | AD15: 0 | AE15: 2.311642e-08 | AF15: 1.1628424e-07 | AG15: 3.7897138e-08 | AH15: 1.6764025e-07 | AI15: 1.6554606e-07 | AJ15: 2.8542424e-07 | AK15: -3.3501923e-08 | AL15: 1.1510355e-07 | AM15: 1 | AN15: 1.4595713e-16 | AO15: 0.00039269908 | AQ15: -0.00018942142 | AS15: =SQRT(ROUND(AI15,10))*$AR$3 -> 0.00037593893
B16: 1785040.8 | C16: -1166911.2 | D16: 0 | E16: 0 | F16: 0 | G16: 0 | H16: 0 | I16: 0 | J16: 14175.265 | K16: -571436.67 | L16: -1300053.6 | M16: -2619099 | N16: -541984.55 | O16: 5683020.4 | P16: 42822.055 | Q16: -1325573.5 | R16: 0 | S16: 0 | T16: -1105.1765 | W16: -2.2116184e-07 | X16: 2.3773862e-07 | Y16: -6.610749e-08 | Z16: 3.9493185e-08 | AA16: 7.7778652e-09 | AB16: 3.5098734e-08 | AC16: -1.9069057e-24 | AD16: 0 | AE16: 3.9855897e-08 | AF16: 2.0049007e-07 | AG16: 6.5339893e-08 | AH16: 2.8903491e-07 | AI16: 2.8542424e-07 | AJ16: 4.9211076e-07 | AK16: -5.7761937e-08 | AL16: 1.984544e-07 | AM16: 4.973061e-17 | AN16: 1 | AO16: -0.00022776547 | AQ16: -0.00032658866 | AS16: =SQRT(ROUND(AJ16,10))*$AR$3 -> 0.00064825367
B17: -2190966.5 | C17: 700573.58 | D17: -744343.67 | E17: -39464.619 | F17: -1509651.6 | G17: -1029589.2 | H17: -1082062.5 | I17: -521342.94 | J17: 191783.62 | K17: 659043.25 | L17: -2622586.1 | M17: 411244.28 | N17: -743800 | O17: 42822.055 | P17: 8701626.8 | Q17: -223286.45 | R17: 0 | S17: 0 | T17: 0 | W17: 4.9816519e-07 | X17: 8.2062481e-08 | Y17: 4.0236917e-07 | Z17: 3.0154083e-07 | AA17: 1.1949721e-07 | AB17: 2.5856024e-07 | AC17: 4.8556681e-25 | AD17: 0 | AE17: -1.1109107e-08 | AF17: -1.4671616e-07 | AG17: 1.7323402e-07 | AH17: -7.068108e-08 | AI17: -3.3501923e-08 | AJ17: -5.7761937e-08 | AK17: 3.8838352e-07 | AL17: 1.2458864e-07 | AM17: 1 | AN17: -3.586757e-16 | AO17: 0.0003424336 | AQ17: -5.8500553e-05 | AS17: =SQRT(ROUND(AK17,10))*$AR$3 -> 0.00057591437
B18: 974149.92 | C18: -1200086.3 | D18: -404891.06 | E18: -3167112.6 | F18: -326937.09 | G18: -581242.71 | H18: -75983.3 | I18: -349439.44 | J18: 439956.42 | K18: -177985.49 | L18: -498872.06 | M18: -780082.94 | N18: 115863.62 | O18: -1325573.5 | P18: -223286.45 | Q18: 7581523 | R18: 0 | S18: 0 | T18: 0 | W18: 2.3757557e-07 | X18: 2.8615567e-07 | Y18: 2.3924857e-07 | Z18: 4.4320726e-07 | AA18: -2.4740349e-08 | AB18: 2.7577385e-07 | AC18: -3.4180089e-24 | AD18: 0 | AE18: -4.2524288e-08 | AF18: 7.056791e-08 | AG18: 9.5428646e-08 | AH18: 1.5205443e-07 | AI18: 1.1510355e-07 | AJ18: 1.984544e-07 | AK18: 1.2458864e-07 | AL18: 4.2732527e-07 | AM18: 7.7571281e-16 | AN18: 1 | AO18: 2.8274334e-05 | AQ18: 0.0010518508 | AS18: =SQRT(ROUND(AL18,10))*$AR$3 -> 0.0006040665
A19: S | B19: =IF(B$22=$B$49,IF(B$23="dx",1,0),0) -> 0 | C19: =IF(C$22=$B$49,IF(C$23="dx",1,0),0) -> 0 | D19: =IF(D$22=$B$49,IF(D$23="dx",1,0),0) -> 0 | E19: =IF(E$22=$B$49,IF(E$23="dx",1,0),0) -> 0 | F19: =IF(F$22=$B$49,IF(F$23="dx",1,0),0) -> 0 | G19: =IF(G$22=$B$49,IF(G$23="dx",1,0),0) -> 0 | H19: =IF(H$22=$B$49,IF(H$23="dx",1,0),0) -> 1 | I19: =IF(I$22=$B$49,IF(I$23="dx",1,0),0) -> 0 | ... Q19: =IF(Q$22=$B$49,IF(Q$23="dx",1,0),0) -> 0 | R19: 0 | S19: 0 | T19: 0 | V19: S(-1) | W19: 1 | X19: 1.4210855e-16 | Y19: 1 | Z19: 8.5265128e-16 | AA19: 1 | AB19: 6.3948846e-16 | AC19: 1 | AD19: 0 | AE19: 1 | AF19: -2.8421709e-16 | AG19: 1 | AH19: 7.1054274e-17 | AI19: 1 | AJ19: 2.1316282e-16 | AK19: 1 | AL19: 4.9737992e-16 | AM19: 1.3969839e-09 | AN19: 8.3673513e-10 | AO19: 3.9025626e-13
B20: =IF(B$22=$B$49,IF(B$23="dy",1,0),0) -> 0 | C20: =IF(C$22=$B$49,IF(C$23="dy",1,0),0) -> 0 | D20: =IF(D$22=$B$49,IF(D$23="dy",1,0),0) -> 0 | E20: =IF(E$22=$B$49,IF(E$23="dy",1,0),0) -> 0 | F20: =IF(F$22=$B$49,IF(F$23="dy",1,0),0) -> 0 | G20: =IF(G$22=$B$49,IF(G$23="dy",1,0),0) -> 0 | H20: =IF(H$22=$B$49,IF(H$23="dy",1,0),0) -> 0 | I20: =IF(I$22=$B$49,IF(I$23="dy",1,0),0) -> 1 | ... Q20: =IF(Q$22=$B$49,IF(Q$23="dy",1,0),0) -> 0 | R20: 0 | S20: 0 | T20: 0 | W20: 4.0112083e-16 | X20: 1 | Y20: 4.2316636e-16 | Z20: 1 | AA20: 1.4018348e-16 | AB20: 1 | AC20: -8.7366628e-33 | AD20: 1 | AE20: 2.0871177e-17 | AF20: 1 | AG20: 9.8292641e-17 | AH20: 1 | AI20: 3.1477145e-16 | AJ20: 1 | AK20: 1.9507306e-16 | AL20: 1 | AM20: 1.1641532e-09 | AN20: 1.7462298e-09 | AO20: -3.035555e-14
B21: =IF(B22=$B$49,IF(B23="dx",$H$49,$I$49),IF($B$50=B22,IF(B23="dx",-$H$49,-$I$49),0)) -> 0 | C21: =IF(C22=$B$49,IF(C23="dx",$H$49,$I$49),IF($B$50=C22,IF(C23="dx",-$H$49,-$I$49),0)) -> 0 | D21: =IF(D22=$B$49,IF(D23="dx",$H$49,$I$49),IF($B$50=D22,IF(D23="dx",-$H$49,-$I$49),0)) -> 0 | E21: =IF(E22=$B$49,IF(E23="dx",$H$49,$I$49),IF($B$50=E22,IF(E23="dx",-$H$49,-$I$49),0)) -> 0 | F21: =IF(F22=$B$49,IF(F23="dx",$H$49,$I$49),IF($B$50=F22,IF(F23="dx",-$H$49,-$I$49),0)) -> 0 | G21: =IF(G22=$B$49,IF(G23="dx",$H$49,$I$49),IF($B$50=G22,IF(G23="dx",-$H$49,-$I$49),0)) -> 0 | H21: =IF(H22=$B$49,IF(H23="dx",$H$49,$I$49),IF($B$50=H22,IF(H23="dx",-$H$49,-$I$49),0)) -> -1905.4767 | I21: =IF(I22=$B$49,IF(I23="dx",$H$49,$I$49),IF($B$50=I22,IF(I23="dx",-$H$49,-$I$49),0)) -> 1105.1765 | ... Q21: =IF(Q22=$B$49,IF(Q23="dx",$H$49,$I$49),IF($B$50=Q22,IF(Q23="dx",-$H$49,-$I$49),0)) -> 0 | R21: 0 | S21: 0 | T21: 0 | W21: 0.00058119464 | X21: -8.6393798e-05 | Y21: 0.0003848451 | Z21: 0.00028274334 | AA21: 8.6393798e-05 | AB21: 0.00021991149 | AC21: -1.0899589e-20 | AD21: 0 | AE21: -0.00010995574 | AF21: -0.00023561945 | AG21: 0.00016493361 | AH21: -0.00018064158 | AI21: 0.00039269908 | AJ21: -0.00022776547 | AK21: 0.0003424336 | AL21: 2.8274334e-05 | AM21: 5.723667e-13 | AN21: -3.1967046e-13 | AO21: 2.1824207e-16
B22: 1 | C22: 1 | D22: 3 | E22: 3 | F22: 4 | G22: 4 | H22: 5 | I22: 5 | J22: 6 | K22: 6 | L22: 7 | M22: 7 | N22: 8 | O22: 8 | P22: 9 | Q22: 9
B23: dx | C23: dy | D23: dx | E23: dy | F23: dx | G23: dy | H23: dx | I23: dy | J23: dx | K23: dy | L23: dx | M23: dy | N23: dx | O23: dy | P23: dx | Q23: dy
B25: ATA Aktualny | R25: ST | W25: (ATA)-1 | AM25: ST(-1) | AQ25: X | AR25: m0 | AS25: mx
B26: {=_xlfn.ANCHORARRAY('Wyrównanie wstępne - aktualny'!B110)} -> 3781646.9 | C26: -1452438.9 | D26: -2172492.4 | E26: -940496.29 | F26: 0 | G26: 0 | H26: 0 | I26: 0 | J26: 0 | K26: 0 | L26: -60305.753 | M26: 266350.41 | N26: -551394.9 | O26: 1785039.4 | P26: -997453.87 | Q26: 341545.46 | R26: {=TRANSPOSE(B42:Q44)} -> 0 | S26: 0 | T26: 0 | W26: {=MINVERSE(B26:T44)} -> 1.0256464e-06 | X26: 3.0064997e-07 | Y26: 6.7088644e-07 | Z26: 4.9658943e-07 | AA26: 1.2676423e-08 | AB26: 4.097723e-07 | AC26: 0 | AD26: 0 | AE26: -4.6481555e-08 | AF26: -1.4248016e-07 | AG26: 1.4675437e-07 | AH26: -7.1980387e-08 | AI26: -7.7016247e-08 | AJ26: -1.3278663e-07 | AK26: 3.8049614e-07 | AL26: 2.4796676e-07 | AM26: 1 | AN26: -1.1698031e-15 | AO26: 0.00058119464 | AQ26: {=-MMULT(W26:AL41,_xlfn.ANCHORARRAY('Wyrównanie wstępne - aktualny'!V110))} -> 0.011161185 | AR26: ='Wyrównanie wstępne - aktualny'!AB131 -> 1.0011058 | AS26: =SQRT(ROUND(W26,10))*$AR$26 -> 0.0010138389
B27: -1452438.9 | C27: 2870935.3 | D27: 561691.44 | E27: 368638.03 | F27: 0 | G27: 0 | H27: 0 | I27: 0 | J27: 0 | K27: 0 | L27: 266350.41 | M27: -1176381 | N27: 497030.12 | O27: -1166909.3 | P27: 127366.98 | Q27: -896283.1 | R27: 0 | S27: 0 | T27: 0 | W27: 3.0064997e-07 | X27: 6.9198013e-07 | Y27: 1.6440885e-07 | Z27: 2.2906754e-07 | AA27: -1.9882289e-08 | AB27: 1.895575e-07 | AC27: 0 | AD27: 0 | AE27: 6.9646894e-09 | AF27: 1.273361e-07 | AG27: 5.9566595e-08 | AH27: 2.346938e-07 | AI27: 1.4220969e-07 | AJ27: 2.4518911e-07 | AK27: 7.7075745e-08 | AL27: 2.9109858e-07 | AM27: 2.4702836e-16 | AN27: 1 | AO27: -8.6393798e-05 | AQ27: 0.0056701107 | AS27: =SQRT(ROUND(X27,10))*AR26 -> 0.00083278521
B28: -2172492.4 | C28: 561691.44 | D28: 4685409.6 | E28: 1492344.1 | F28: 1037902.8 | G28: -889687.47 | H28: 0 | I28: 0 | J28: 0 | K28: 0 | L28: 0 | M28: 0 | N28: -547057.67 | O28: 221150.97 | P28: -3003762.3 | Q28: -1385499.1 | R28: 0 | S28: 0 | T28: 0 | W28: 6.7088644e-07 | X28: 1.6440885e-07 | Y28: 7.8561752e-07 | Z28: 2.4956128e-07 | AA28: -1.0080786e-08 | AB28: 3.6018676e-07 | AC28: 0 | AD28: 0 | AE28: -3.6424523e-08 | AF28: -1.1381465e-07 | AG28: 1.4882207e-07 | AH28: -4.304718e-08 | AI28: -2.7327167e-08 | AJ28: -4.7115805e-08 | AK28: 3.4698772e-07 | AL28: 2.3065135e-07 | AM28: 1 | AN28: -8.7143664e-16 | AO28: 0.00054192473 | AQ28: -0.002989333 | AS28: =SQRT(ROUND(Y28,10))*AR26 -> 0.00088732087
B29: -940496.29 | C29: 368638.03 | D29: 1492344.1 | E29: 2295146.8 | F29: 498233.78 | G29: -1027454.3 | H29: 0 | I29: 0 | J29: 0 | K29: 0 | L29: 0 | M29: 0 | N29: 221150.97 | O29: -89401.457 | P29: -1271232.6 | Q29: -1546929.1 | R29: 0 | S29: 0 | T29: 0 | W29: 4.9658943e-07 | X29: 2.2906754e-07 | Y29: 2.4956128e-07 | Z29: 1.1133599e-06 | AA29: -4.3061833e-08 | AB29: 5.1523618e-07 | AC29: 0 | AD29: 0 | AE29: -5.7524173e-08 | AF29: -1.4466105e-08 | AG29: 1.3845174e-07 | AH29: 6.995759e-08 | AI29: 5.4883488e-08 | AJ29: 9.4626703e-08 | AK29: 2.5445002e-07 | AL29: 4.3604736e-07 | AM29: 1.8330341e-16 | AN29: 1 | AO29: 0.00014137167 | AQ29: 0.0036007983 | AS29: =SQRT(ROUND(Z29,10))*AR26 -> 0.0010563445
B30: 0 | C30: 0 | D30: 1037902.8 | E30: 498233.78 | F30: 3185003.4 | G30: -71985.691 | H30: -1228679.7 | I30: -445660.11 | J30: 0 | K30: 0 | L30: -606688.38 | M30: -118958.51 | N30: 0 | O30: 0 | P30: -2387538.1 | Q30: 138370.52 | R30: 0 | S30: 0 | T30: 0 | W30: 1.2676423e-08 | X30: -1.9882289e-08 | Y30: -1.0080786e-08 | Z30: -4.3061833e-08 | AA30: 4.3273014e-07 | AB30: -2.1286316e-09 | AC30: 0 | AD30: 0 | AE30: 3.4986003e-08 | AF30: -5.4884616e-08 | AG30: 9.1132802e-08 | AH30: -1.8449967e-08 | AI30: 2.4793068e-09 | AJ30: 4.2746668e-09 | AK30: 1.2033015e-07 | AL30: -4.4050076e-08 | AM30: 1 | AN30: -6.9768898e-17 | AO30: 8.6393798e-05 | AQ30: 0.0078724888 | AS30: =SQRT(ROUND(AA30,10))*AR26 -> 0.00065852673
B31: 0 | C31: 0 | D31: -889687.47 | E31: -1027454.3 | F31: -71985.691 | G31: 3650863.6 | H31: 1453151.1 | I31: -1670576.1 | J31: 0 | K31: 0 | L31: -118958.51 | M31: -23325.197 | N31: 0 | O31: 0 | P31: -372519.43 | Q31: -929508.04 | R31: 0 | S31: 0 | T31: 0 | W31: 4.097723e-07 | X31: 1.895575e-07 | Y31: 3.6018676e-07 | Z31: 5.1523618e-07 | AA31: -2.1286316e-09 | AB31: 6.1431091e-07 | AC31: 0 | AD31: 0 | AE31: -3.4882066e-08 | AF31: -2.453699e-08 | AG31: 1.2524251e-07 | AH31: 4.9240926e-08 | AI31: 4.1895989e-08 | AJ31: 7.2234464e-08 | AK31: 2.2670225e-07 | AL31: 3.1477414e-07 | AM31: -5.1174575e-17 | AN31: 1 | AO31: 0.00021991149 | AQ31: -0.0031758414 | AS31: =SQRT(ROUND(AB31,10))*AR26 -> 0.00078463959
B32: 0 | C32: 0 | D32: 0 | E32: 0 | F32: -1228679.7 | G32: 1453151.1 | H32: 6170884.8 | I32: 340680.38 | J32: -1392389.5 | K32: -1871080.5 | L32: -2467753 | M32: 153232.31 | N32: 0 | O32: 0 | P32: -1082062.5 | Q32: -75983.3 | R32: 1 | S32: 0 | T32: -1905.4767 | W32: 4.7938408e-23 | X32: -3.5953806e-23 | Y32: -9.5876816e-23 | Z32: 1.1984602e-22 | AA32: 1.7976903e-23 | AB32: 2.3969204e-23 | AC32: 0 | AD32: 0 | AE32: 4.7938408e-23 | AF32: -4.7938408e-23 | AG32: -1.1984602e-23 | AH32: -5.992301e-23 | AI32: -4.7938408e-23 | AJ32: -3.5953806e-23 | AK32: -9.5876816e-23 | AL32: 1.0037104e-22 | AM32: 1 | AN32: -2.1253294e-16 | AO32: 5.9946501e-21 | AQ32: 7.7202976e-18 | AS32: =SQRT(ROUND(AC32,10))*AR26 -> 0
B33: 0 | C33: 0 | D33: 0 | E33: 0 | F33: -445660.11 | G33: -1670576.1 | H33: 340680.38 | I33: 4660233.3 | J33: 206716.22 | K33: -1289172.6 | L33: 419606.45 | M33: -1351045.2 | N33: 0 | O33: 0 | P33: -521342.94 | Q33: -349439.44 | R33: 0 | S33: 1 | T33: 1105.1765 | W33: 3.0433751e-23 | X33: 1.1412657e-22 | Y33: 3.0433751e-23 | Z33: -5.3259064e-23 | AA33: -2.2825313e-23 | AB33: 0 | AC33: 0 | AD33: 0 | AE33: -2.2825313e-23 | AF33: 4.5650626e-23 | AG33: 0 | AH33: 3.0433751e-23 | AI33: 3.0433751e-23 | AJ33: 6.0867502e-23 | AK33: -3.0433751e-23 | AL33: 1.1032235e-22 | AM33: -1.1206471e-17 | AN33: 1 | AO33: 3.1235731e-21 | AQ33: 1.9874327e-18 | AS33: =SQRT(ROUND(AD33,10))*AR26 -> 0
B34: 0 | C34: 0 | D34: 0 | E34: 0 | F34: 0 | G34: 0 | H34: -1392389.5 | I34: 206716.22 | J34: 1701791.3 | K34: 7241.3595 | L34: -834516.79 | M34: -668089.96 | N34: 333331.82 | O34: 14175.221 | P34: 191783.19 | Q34: 439957.16 | R34: 0 | S34: 0 | T34: 0 | W34: -4.6481555e-08 | X34: 6.9646894e-09 | Y34: -3.6424523e-08 | Z34: -5.7524173e-08 | AA34: 3.4986003e-08 | AB34: -3.4882066e-08 | AC34: 0 | AD34: 0 | AE34: 6.6145568e-07 | AF34: 1.4209578e-08 | AG34: 7.6566223e-08 | AH34: 6.838971e-08 | AI34: 1.994867e-08 | AJ34: 3.4394258e-08 | AK34: -5.9005309e-09 | AL34: -5.0417638e-08 | AM34: 1 | AN34: 2.9870639e-16 | AO34: -0.00010995574 | AQ34: -0.00012223155 | AS34: =SQRT(ROUND(AE34,10))*AR26 -> 0.00081422584
B35: 0 | C35: 0 | D35: 0 | E35: 0 | F35: 0 | G35: 0 | H35: -1871080.5 | I35: -1289172.6 | J35: 7241.3595 | K35: 3931591.7 | L35: 1048094.5 | M35: -1892998.5 | N35: 156700.66 | O35: -571433.89 | P35: 659043.98 | Q35: -177986.75 | R35: 0 | S35: 0 | T35: 0 | W35: -1.4248016e-07 | X35: 1.273361e-07 | Y35: -1.1381465e-07 | Z35: -1.4466105e-08 | AA35: -5.4884616e-08 | AB35: -2.453699e-08 | AC35: 0 | AD35: 0 | AE35: 1.4209578e-08 | AF35: 4.15057e-07 | AG35: -6.8243182e-08 | AH35: 2.032755e-07 | AI35: 1.0449508e-07 | AJ35: 1.8016393e-07 | AK35: -1.1302306e-07 | AL35: 8.173397e-08 | AM35: 3.2420771e-16 | AN35: 1 | AO35: -0.00023561945 | AQ35: -0.00043597981 | AS35: =SQRT(ROUND(AF35,10))*AR26 -> 0.00064499497
B36: -60305.753 | C36: 266350.41 | D36: 0 | E36: 0 | F36: -606688.38 | G36: -118958.51 | H36: -2467753 | I36: 419606.45 | J36: -834516.79 | K36: 1048094.5 | L36: 7233404.8 | M36: 183833.7 | N36: -641554.3 | O36: -1300054.8 | P36: -2622586.5 | Q36: -498871.69 | R36: 0 | S36: 0 | T36: 0 | W36: 1.4675437e-07 | X36: 5.9566595e-08 | Y36: 1.4882207e-07 | Z36: 1.3845174e-07 | AA36: 9.1132802e-08 | AB36: 1.2524251e-07 | AC36: 0 | AD36: 0 | AE36: 7.6566223e-08 | AF36: -6.8243182e-08 | AG36: 2.4568746e-07 | AH36: 1.9069115e-08 | AI36: 4.560969e-08 | AJ36: 7.8637397e-08 | AK36: 1.5356142e-07 | AL36: 9.5909967e-08 | AM36: 1 | AN36: -2.8868985e-16 | AO36: 0.00016493361 | AQ36: -0.002890538 | AS36: =SQRT(ROUND(AG36,10))*AR26 -> 0.00049622945
B37: 266350.41 | C37: -1176381 | D37: 0 | E37: 0 | F37: -118958.51 | G37: -23325.197 | H37: 153232.31 | I37: -1351045.2 | J37: -668089.96 | K37: -1892998.5 | L37: 183833.7 | M37: 7842938.2 | N37: -227612.6 | O37: -2619105.1 | P37: 411244.64 | Q37: -780083.25 | R37: 0 | S37: 0 | T37: 0 | W37: -7.1980387e-08 | X37: 2.346938e-07 | Y37: -4.304718e-08 | Z37: 6.995759e-08 | AA37: -1.8449967e-08 | AB37: 4.9240926e-08 | AC37: 0 | AD37: 0 | AE37: 6.838971e-08 | AF37: 2.032755e-07 | AG37: 1.9069115e-08 | AH37: 3.3365797e-07 | AI37: 1.5807315e-07 | AJ37: 2.7253992e-07 | AK37: -4.2131765e-08 | AL37: 1.6477983e-07 | AM37: 4.4130297e-16 | AN37: 1 | AO37: -0.00018064158 | AQ37: -0.0043591218 | AS37: =SQRT(ROUND(AH37,10))*AR26 -> 0.00057830648
B38: -551394.9 | C38: 497030.12 | D38: -547057.67 | E38: 221150.97 | F38: 0 | G38: 0 | H38: 0 | I38: 0 | J38: 333331.82 | K38: 156700.66 | L38: -641554.3 | M38: -227612.6 | N38: 2150471.8 | O38: -763133.41 | P38: -743796.72 | Q38: 115864.26 | R38: 0 | S38: 0 | T38: 1905.4767 | W38: -7.7016247e-08 | X38: 1.4220969e-07 | Y38: -2.7327167e-08 | Z38: 5.4883488e-08 | AA38: 2.4793068e-09 | AB38: 4.1895989e-08 | AC38: 0 | AD38: 0 | AE38: 1.994867e-08 | AF38: 1.0449508e-07 | AG38: 4.560969e-08 | AH38: 1.5807315e-07 | AI38: 1.5739517e-07 | AJ38: 2.7137099e-07 | AK38: -1.064311e-08 | AL38: 1.2431571e-07 | AM38: 1 | AN38: 1.5566305e-16 | AO38: 0.00039269908 | AQ38: -0.0025122237 | AS38: =SQRT(ROUND(AI38,10))*AR26 -> 0.00039717538
B39: 1785039.4 | C39: -1166909.3 | D39: 221150.97 | E39: -89401.457 | F39: 0 | G39: 0 | H39: 0 | I39: 0 | J39: 14175.221 | K39: -571433.89 | L39: -1300054.8 | M39: -2619105.1 | N39: -763133.41 | O39: 5772423.1 | P39: 42822.699 | Q39: -1325573.4 | R39: 0 | S39: 0 | T39: -1105.1765 | W39: -1.3278663e-07 | X39: 2.4518911e-07 | Y39: -4.7115805e-08 | Z39: 9.4626703e-08 | AA39: 4.2746668e-09 | AB39: 7.2234464e-08 | AC39: 0 | AD39: 0 | AE39: 3.4394258e-08 | AF39: 1.8016393e-07 | AG39: 7.8637397e-08 | AH39: 2.7253992e-07 | AI39: 2.7137099e-07 | AJ39: 4.6788101e-07 | AK39: -1.835019e-08 | AL39: 2.1433742e-07 | AM39: 5.2690942e-16 | AN39: 1 | AO39: -0.00022776547 | AQ39: -0.0043314201 | AS39: =SQRT(ROUND(AJ39,10))*AR26 -> 0.00068478854
B40: -997453.87 | C40: 127366.98 | D40: -3003762.3 | E40: -1271232.6 | F40: -2387538.1 | G40: -372519.43 | H40: -1082062.5 | I40: -521342.94 | J40: 191783.19 | K40: 659043.98 | L40: -2622586.5 | M40: 411244.64 | N40: -743796.72 | O40: 42822.699 | P40: 10645417 | Q40: 924616.66 | R40: 0 | S40: 0 | T40: 0 | W40: 3.8049614e-07 | X40: 7.7075745e-08 | Y40: 3.4698772e-07 | Z40: 2.5445002e-07 | AA40: 1.2033015e-07 | AB40: 2.2670225e-07 | AC40: 0 | AD40: 0 | AE40: -5.9005309e-09 | AF40: -1.1302306e-07 | AG40: 1.5356142e-07 | AH40: -4.2131765e-08 | AI40: -1.064311e-08 | AJ40: -1.835019e-08 | AK40: 3.2753579e-07 | AL40: 1.1786064e-07 | AM40: 1 | AN40: -5.30374e-16 | AO40: 0.0003424336 | AQ40: 5.1064712e-05 | AS40: =SQRT(ROUND(AK40,10))*AR26 -> 0.00057290896
B41: 341545.46 | C41: -896283.1 | D41: -1385499.1 | E41: -1546929.1 | F41: 138370.52 | G41: -929508.04 | H41: -75983.3 | I41: -349439.44 | J41: 439957.16 | K41: -177986.75 | L41: -498871.69 | M41: -780083.25 | N41: 115864.26 | O41: -1325573.4 | P41: 924616.66 | Q41: 6005803.1 | R41: 0 | S41: 0 | T41: 0 | W41: 2.4796676e-07 | X41: 2.9109858e-07 | Y41: 2.3065135e-07 | Z41: 4.3604736e-07 | AA41: -4.4050076e-08 | AB41: 3.1477414e-07 | AC41: 0 | AD41: 0 | AE41: -5.0417638e-08 | AF41: 8.173397e-08 | AG41: 9.5909967e-08 | AH41: 1.6477983e-07 | AI41: 1.2431571e-07 | AJ41: 2.1433742e-07 | AK41: 1.1786064e-07 | AL41: 4.7335135e-07 | AM41: 4.4251234e-16 | AN41: 1 | AO41: 2.8274334e-05 | AQ41: 0.0001308569 | AS41: =SQRT(ROUND(AL41,10))*AR26 -> 0.0006888015
A42: S | B42: =IF(B$45=$B$49,IF(B$46="dx",1,0),0) -> 0 | C42: =IF(C$45=$B$49,IF(C$46="dx",1,0),0) -> 0 | D42: =IF(D$45=$B$49,IF(D$46="dx",1,0),0) -> 0 | E42: =IF(E$45=$B$49,IF(E$46="dx",1,0),0) -> 0 | F42: =IF(F$45=$B$49,IF(F$46="dx",1,0),0) -> 0 | G42: =IF(G$45=$B$49,IF(G$46="dx",1,0),0) -> 0 | H42: =IF(H$45=$B$49,IF(H$46="dx",1,0),0) -> 1 | I42: =IF(I$45=$B$49,IF(I$46="dx",1,0),0) -> 0 | ... Q42: =IF(Q$45=$B$49,IF(Q$46="dx",1,0),0) -> 0 | R42: 0 | S42: 0 | T42: 0 | V42: S(-1) | W42: 1 | X42: -3.3387142e-17 | Y42: 1 | Z42: -9.3483997e-16 | AA42: 1 | AB42: -4.6741998e-16 | AC42: 1 | AD42: 0 | AE42: 1 | AF42: 4.006457e-16 | AG42: 1 | AH42: 4.006457e-16 | AI42: 1 | AJ42: 4.6741998e-16 | AK42: 1 | AL42: -2.0032285e-16 | AM42: -3.085006e-09 | AN42: 3.4924597e-10 | AO42: -6.8885155e-13
B43: =IF(B$45=$B$49,IF(B$46="dy",1,0),0) -> 0 | C43: =IF(C$45=$B$49,IF(C$46="dy",1,0),0) -> 0 | D43: =IF(D$45=$B$49,IF(D$46="dy",1,0),0) -> 0 | E43: =IF(E$45=$B$49,IF(E$46="dy",1,0),0) -> 0 | F43: =IF(F$45=$B$49,IF(F$46="dy",1,0),0) -> 0 | G43: =IF(G$45=$B$49,IF(G$46="dy",1,0),0) -> 0 | H43: =IF(H$45=$B$49,IF(H$46="dy",1,0),0) -> 0 | I43: =IF(I$45=$B$49,IF(I$46="dy",1,0),0) -> 1 | ... Q43: =IF(Q$45=$B$49,IF(Q$46="dy",1,0),0) -> 0 | R43: 0 | S43: 0 | T43: 0 | W43: -7.3717265e-16 | X43: 1 | Y43: -3.6925104e-16 | Z43: 1 | AA43: 3.155828e-17 | AB43: 1 | AC43: 0 | AD43: 1 | AE43: 3.8615315e-16 | AF43: 1 | AG43: 1.2158729e-16 | AH43: 1 | AI43: 5.0389615e-16 | AJ43: 1 | AK43: -2.5588483e-16 | AL43: 1 | AM43: 1.4551915e-09 | AN43: 9.3132257e-10 | AO43: -4.4381277e-13
B44: =IF(B45=$B$49,IF(B46="dx",$H$49,$I$49),IF($B$50=B45,IF(B46="dx",-$H$49,-$I$49),0)) -> 0 | C44: =IF(C45=$B$49,IF(C46="dx",$H$49,$I$49),IF($B$50=C45,IF(C46="dx",-$H$49,-$I$49),0)) -> 0 | D44: =IF(D45=$B$49,IF(D46="dx",$H$49,$I$49),IF($B$50=D45,IF(D46="dx",-$H$49,-$I$49),0)) -> 0 | E44: =IF(E45=$B$49,IF(E46="dx",$H$49,$I$49),IF($B$50=E45,IF(E46="dx",-$H$49,-$I$49),0)) -> 0 | F44: =IF(F45=$B$49,IF(F46="dx",$H$49,$I$49),IF($B$50=F45,IF(F46="dx",-$H$49,-$I$49),0)) -> 0 | G44: =IF(G45=$B$49,IF(G46="dx",$H$49,$I$49),IF($B$50=G45,IF(G46="dx",-$H$49,-$I$49),0)) -> 0 | H44: =IF(H45=$B$49,IF(H46="dx",$H$49,$I$49),IF($B$50=H45,IF(H46="dx",-$H$49,-$I$49),0)) -> -1905.4767 | I44: =IF(I45=$B$49,IF(I46="dx",$H$49,$I$49),IF($B$50=I45,IF(I46="dx",-$H$49,-$I$49),0)) -> 1105.1765 | ... Q44: =IF(Q45=$B$49,IF(Q46="dx",$H$49,$I$49),IF($B$50=Q45,IF(Q46="dx",-$H$49,-$I$49),0)) -> 0 | R44: 0 | S44: 0 | T44: 0 | W44: 0.00058119464 | X44: -8.6393798e-05 | Y44: 0.00054192473 | Z44: 0.00014137167 | AA44: 8.6393798e-05 | AB44: 0.00021991149 | AC44: 0 | AD44: 0 | AE44: -0.00010995574 | AF44: -0.00023561945 | AG44: 0.00016493361 | AH44: -0.00018064158 | AI44: 0.00039269908 | AJ44: -0.00022776547 | AK44: 0.0003424336 | AL44: 2.8274334e-05 | AM44: -6.8254272e-13 | AN44: -6.9991487e-13 | AO44: -1.5676303e-16
B45: 1 | C45: 1 | D45: 3 | E45: 3 | F45: 4 | G45: 4 | H45: 5 | I45: 5 | J45: 6 | K45: 6 | L45: 7 | M45: 7 | N45: 8 | O45: 8 | P45: 9 | Q45: 9
B46: dx | C46: dy | D46: dx | E46: dy | F46: dx | G46: dy | H46: dx | I46: dy | J46: dx | K46: dy | L46: dx | M46: dy | N46: dx | O46: dy | P46: dx | Q46: dy
B48: Nr | C48: X | D48: Y | E48: ∆X | F48: ∆Y | G48: d^2 | H48: A | I48: B
A49: Początek | B49: 5 | C49: =VLOOKUP(B49,'Wyrównanie wstępne - wyjściowy'!P5:R13,2,FALSE) -> 295 | D49: =VLOOKUP(B49,'Wyrównanie wstępne - wyjściowy'!P5:R13,3,FALSE) -> 490 | E49: =C50-C49 -> -145 | F49: =D50-D49 -> -250 | G49: =E49^2+F49^2 -> 83525 | H49: =F49/G49*(200/PI()*10000) -> -1905.4767 | I49: =-E49/G49*200/PI()*10000 -> 1105.1765
A50: Koniec | B50: 8 | C50: =VLOOKUP(B50,'Wyrównanie wstępne - wyjściowy'!P5:R13,2,FALSE) -> 150 | D50: =VLOOKUP(B50,'Wyrównanie wstępne - wyjściowy'!P5:R13,3,FALSE) -> 240
B53: xwyjść | C53: xakt | E53: mxwyjść | F53: mxakt | H53: k
A54: 5 | B54: =AQ9 -> 1.7352572e-20 | C54: =AQ32 -> 7.7202976e-18 | E54: =AS9 -> 0 | F54: =AS32 -> 0 | H54: 2.5
B55: =AQ10 -> -1.1657132e-19 | C55: =AQ33 -> 1.9874327e-18 | E55: =AS10 -> 0 | F55: =AS33 -> 0
A56: 6 | B56: =AQ11 -> -1.5341974e-05 | C56: =AQ34 -> -0.00012223155 | E56: =AS11 -> 0.00075091184 | F56: =AS34 -> 0.00081422584
B57: =AQ12 -> 0.0010149922 | C57: =AQ35 -> -0.00043597981 | E57: =AS12 -> 0.00060773096 | F57: =AS35 -> 0.00064499497
A58: 7 | B58: =AQ13 -> -0.00034235774 | C58: =AQ36 -> -0.002890538 | E58: =AS13 -> 0.00046380175 | F58: =AS36 -> 0.00049622945
B59: =AQ14 -> 0.000629695 | C59: =AQ37 -> -0.0043591218 | E59: =AS14 -> 0.00054262766 | F59: =AS37 -> 0.00057830648
A60: 8 | B60: =AQ15 -> -0.00018942142 | C60: =AQ38 -> -0.0025122237 | E60: =AS15 -> 0.00037593893 | F60: =AS38 -> 0.00039717538
B61: =AQ16 -> -0.00032658866 | C61: =AQ39 -> -0.0043314201 | E61: =AS16 -> 0.00064825367 | F61: =AS39 -> 0.00068478854
A62: 9 | B62: =AQ17 -> -5.8500553e-05 | C62: =AQ40 -> 5.1064712e-05 | E62: =AS17 -> 0.00057591437 | F62: =AS40 -> 0.00057290896
B63: =AQ18 -> 0.0010518508 | C63: =AQ41 -> 0.0001308569 | E63: =AS18 -> 0.0006040665 | F63: =AS41 -> 0.0006888015
A66: kierunek | D66: 5 | E66: 9
A68: Nr | B68: ∆X | C68: σdx | D68: Warunek |ΔX| | E68: ∆Y | F68: σdy | G68: Warunek |ΔY| | H68: warunek
A69: 5 | B69: 5.9841995e-19 | C69: 0 | D69: SPEŁNIA | E69: 4.6627096e-18 | F69: 0 | G69: SPEŁNIA | H69: SPEŁNIONY
A70: 6 | B70: 0.0036436083 | C70: 0.0027691632 | D70: NIESPEŁNIA | E70: 0.0040520989 | F70: 0.0021929492 | G70: NIESPEŁNIA | H70: NIESPEŁNIONY
A71: 7 | B71: -0.0015394506 | C71: 0.0013843438 | D71: NIESPEŁNIA | E71: -5.4594479e-06 | F71: 0.0021046917 | G71: SPEŁNIA | H71: NIESPEŁNIONY
A72: 8 | B72: -0.0035840665 | C72: 0.0027450774 | D72: NIESPEŁNIA | E72: 0.0017532476 | F72: 0.0026223743 | G72: SPEŁNIA | H72: NIESPEŁNIONY
A73: 9 | B73: -0.00022719891 | C73: 0.00018898997 | D73: NIESPEŁNIA | E73: 0.0026187664 | F73: 0.0021834541 | G73: NIESPEŁNIA | H73: NIESPEŁNIONY
A75: kierunek | D75: 6 | E75: 9
A77: Nr | B77: ∆X | C77: σdx | D77: Warunek |ΔX| | E77: ∆Y | F77: σdy | G77: Warunek |ΔY| | H77: warunek
A78: 5 | B78: -0.0027936703 | C78: 0.00225786 | D78: NIESPEŁNIA | E78: -0.0022308031 | F78: 0.002110172 | G78: NIESPEŁNIA | H78: NIESPEŁNIONY
A79: 6 | B79: -2.2914144e-18 | C79: 0 | D79: SPEŁNIA | E79: 1.1510718e-18 | F79: 0 | G79: SPEŁNIA | H79: SPEŁNIONY
A80: 7 | B80: -0.0030582139 | C80: 0.0017886176 | D80: NIESPEŁNIA | E80: -0.0036325893 | F80: 0.0018894849 | G80: NIESPEŁNIA | H80: NIESPEŁNIONY
A81: 8 | B81: -0.0033422438 | C81: 0.0029814071 | D81: NIESPEŁNIA | E81: -0.0022381414 | F81: 0.0023935889 | G81: SPEŁNIA | H81: NIESPEŁNIONY
A82: 9 | B82: -0.00036177738 | C82: 0.0012249399 | D82: SPEŁNIA | E82: 0.00061866073 | F82: 0.0020943712 | G82: SPEŁNIA | H82: SPEŁNIONY
A84: kierunek | D84: 7 | E84: 9
A86: Nr | B86: ∆X | C86: σdx | D86: Warunek |ΔX| | E86: ∆Y | F86: σdy | G86: Warunek |ΔY| | H86: warunek
A87: 5 | B87: 0.0032398419 | C87: 0.00215261 | D87: NIESPEŁNIA | E87: -0.0018568738 | F87: 0.0018506499 | G87: NIESPEŁNIA | H87: NIESPEŁNIONY
A88: 6 | B88: 0.0080170444 | C88: 0.0032343417 | D88: NIESPEŁNIA | E88: 0.0046243554 | F88: 0.0020549473 | G88: NIESPEŁNIA | H88: NIESPEŁNIONY
A89: 7 | B89: 1.6167697e-18 | C89: 0 | D89: SPEŁNIA | E89: 5.6246473e-19 | F89: 0 | G89: SPEŁNIA | H89: SPEŁNIONY
A90: 8 | B90: -0.0043927752 | C90: 0.0029659122 | D90: NIESPEŁNIA | E90: 0.0022445331 | F90: 0.0017997287 | G90: NIESPEŁNIA | H90: NIESPEŁNIONY
A91: 9 | B91: -0.00053388735 | C91: 0.0013128374 | D91: SPEŁNIA | E91: 0.00045420267 | F91: 0.0011168034 | G91: SPEŁNIA | H91: SPEŁNIONY
A93: kierunek | D93: 8 | E93: 9
A95: Nr | B95: ∆X | C95: σdx | D95: Warunek |ΔX| | E95: ∆Y | F95: σdy | G95: Warunek |ΔY| | H95: warunek
A96: 5 | B96: 0.0039240366 | C96: 0.00399423 | D96: SPEŁNIA | E96: -0.0019504302 | F96: 0.0021632822 | G96: SPEŁNIA | H96: SPEŁNIONY
A97: 6 | B97: 0.0076628365 | C97: 0.0052035234 | D97: NIESPEŁNIA | E97: 0.0023056507 | F97: 0.002430389 | G97: SPEŁNIA | H97: NIESPEŁNIONY
A98: 7 | B98: 0.0022417985 | C98: 0.0030590144 | D98: SPEŁNIA | E98: -0.0017995034 | F98: 0.0015782884 | G98: NIESPEŁNIA | H98: NIESPEŁNIONY
A99: 8 | B99: 4.3498301e-18 | C99: 0 | D99: SPEŁNIA | E99: 1.3865302e-18 | F99: 0 | G99: SPEŁNIA | H99: SPEŁNIONY
A100: 9 | B100: 0.0033990239 | C100: 0.0026942955 | D100: NIESPEŁNIA | E100: 0.00064249841 | F100: 0.00050957753 | G100: NIESPEŁNIA | H100: NIESPEŁNIONY
A102: kierunek | D102: 5 | E102: 6
A104: Nr | B104: ∆X | C104: σdx | D104: Warunek |ΔX| | E104: ∆Y | F104: σdy | G104: Warunek |ΔY| | H104: warunek
A105: 5 | B105: 1.5374662e-17 | C105: 0 | D105: SPEŁNIA | E105: -6.0228716e-18 | F105: 0 | G105: SPEŁNIA | H105: SPEŁNIONY
A106: 6 | B106: 0.0014392025 | C106: 0.0023502868 | D106: SPEŁNIA | E106: -0.00067162785 | F106: 0.0010965213 | G106: SPEŁNIA | H106: SPEŁNIONY
A107: 7 | B107: 0.0017671581 | C107: 0.0021012257 | D107: SPEŁNIA | E107: -0.0036269833 | F107: 0.0017121963 | G107: NIESPEŁNIA | H107: NIESPEŁNIONY
A108: 8 | B108: 0.0042888114 | C108: 0.0041876608 | D108: NIESPEŁNIA | E108: -0.0028130216 | F108: 0.0023961585 | G108: NIESPEŁNIA | H108: NIESPEŁNIONY
A109: 9 | B109: 0.0066694421 | C109: 0.0031157534 | D109: NIESPEŁNIA | E109: 0.0032171051 | F109: 0.0022887194 | G109: NIESPEŁNIA | H109: NIESPEŁNIONY
A111: kierunek | D111: 5 | E111: 8
A113: Nr | B113: ∆X | C113: σdx | D113: Warunek |ΔX| | E113: ∆Y | F113: σdy | G113: Warunek |ΔY| | H113: warunek
A114: 5 | B114: 0 | C114: 0 | D114: SPEŁNIA | E114: 0 | F114: 0 | G114: SPEŁNIA | H114: SPEŁNIONY
A115: 6 | B115: -0.0001 | C115: 0.0028 | D115: =IF(ABS(ROUND(B115,8))<=C115,"SPEŁNIA","NIESPEŁNIA") -> SPEŁNIA | E115: -0.0015 | F115: 0.0022 | G115: =IF(ABS(ROUND(E115,8))<=F115,"SPEŁNIA","NIESPEŁNIA") -> SPEŁNIA | H115: =IF(AND(D115="SPEŁNIA",G115="SPEŁNIA"),"SPEŁNIONY","NIESPEŁNIONY") -> SPEŁNIONY
A116: 7 | B116: -0.0025 | C116: 0.0017 | D116: =IF(ABS(ROUND(B116,8))<=C116,"SPEŁNIA","NIESPEŁNIA") -> NIESPEŁNIA | E116: -0.005 | F116: 0.002 | G116: =IF(ABS(ROUND(E116,8))<=F116,"SPEŁNIA","NIESPEŁNIA") -> NIESPEŁNIA | H116: =IF(AND(D116="SPEŁNIA",G116="SPEŁNIA"),"SPEŁNIONY","NIESPEŁNIONY") -> NIESPEŁNIONY
A117: 8 | B117: -0.0023 | C117: 0.0014 | D117: =IF(ABS(ROUND(B117,8))<=C117,"SPEŁNIA","NIESPEŁNIA") -> NIESPEŁNIA | E117: -0.004 | F117: 0.0024 | G117: =IF(ABS(ROUND(E117,8))<=F117,"SPEŁNIA","NIESPEŁNIA") -> NIESPEŁNIA | H117: =IF(AND(D117="SPEŁNIA",G117="SPEŁNIA"),"SPEŁNIONY","NIESPEŁNIONY") -> NIESPEŁNIONY
A118: 9 | B118: 0.0001 | C118: 0.002 | D118: =IF(ABS(ROUND(B118,8))<=C118,"SPEŁNIA","NIESPEŁNIA") -> SPEŁNIA | E118: -0.0009 | F118: 0.0023 | G118: =IF(ABS(ROUND(E118,8))<=F118,"SPEŁNIA","NIESPEŁNIA") -> SPEŁNIA | H118: =IF(AND(D118="SPEŁNIA",G118="SPEŁNIA"),"SPEŁNIONY","NIESPEŁNIONY") -> SPEŁNIONY

Sheet Baza - wyjściowy
B3: c | C3: l | D3: p | E3: L obs [m] | F3: ∆x | G3: ∆y | H3: L przyb [m] | I3: Az [g] | J3: Sin Az | K3: Cos Az | L3: Błąd [m] | M3: l [m] | P3: Współrzedne przybliżone
B4: =Dane!B5 -> 7 | C4: =Dane!C5 -> 1 | D4: =Dane!D5 -> 0 | E4: =Dane!E5 -> 271.7062 | F4: =Dane!M5-Dane!M11 -> 60 | G4: =Dane!N5-Dane!N11 -> -265 | H4: =SQRT(F4^2+G4^2) -> 271.70756 | I4: =IF(ATAN2(F4,G4)*200/PI()<0,ATAN2(F4,G4)*200/PI()+400) -> 314.17504 | J4: =SIN(I4*PI()/200) -> -0.9753133 | K4: =COS(I4*PI()/200) -> 0.22082565 | L4: =0.001+0.000001*E4 -> 0.0012717062 | M4: =H4-E4 -> 0.0013633839 | P4: NR | Q4: Xo | R4: Yo
B5: =Dane!B6 -> 7 | C5: =Dane!C6 -> 5 | D5: =Dane!D6 -> 0 | E5: =Dane!E6 -> 155.7243 | F5: =Dane!M9-Dane!M11 -> 115 | G5: =Dane!N9-Dane!N11 -> 105 | H5: =SQRT(F5^2+G5^2) -> 155.72412 | I5: =IF(ATAN2(F5,G5)*200/PI()<0,ATAN2(F5,G5)*200/PI()+400,ATAN2(F5,G5)*200/PI()) -> 47.108264 | J5: =SIN(I5*PI()/200) -> 0.67426936 | K5: =COS(I5*PI()/200) -> 0.73848549 | L5: =0.001+0.000001*E5 -> 0.0011557243 | M5: =H5-E5 -> -0.00018497603 | P5: 1 | Q5: 240 | R5: 120
B6: =Dane!B7 -> 7 | C6: =Dane!C7 -> 6 | D6: =Dane!D7 -> 0 | E6: =Dane!E7 -> 178.4659 | F6: =Dane!M10-Dane!M11 -> -35 | G6: =Dane!N10-Dane!N11 -> 175 | H6: =SQRT(F6^2+G6^2) -> 178.46568 | I6: =IF(ATAN2(F6,G6)*200/PI()<0,ATAN2(F6,G6)*200/PI()+400,ATAN2(F6,G6)*200/PI()) -> 112.56659 | J6: =SIN(I6*PI()/200) -> 0.98058068 | K6: =COS(I6*PI()/200) -> -0.19611614 | L6: =0.001+0.000001*E6 -> 0.0011784659 | M6: =H6-E6 -> -0.00021702425 | P6: 2 | Q6: 385 | R6: 145
B7: =Dane!B8 -> 7 | C7: =Dane!C8 -> 8 | D7: =Dane!D8 -> 0 | E7: =Dane!E8 -> 148.0717 | F7: =Dane!M12-Dane!M11 -> -30 | G7: =Dane!N12-Dane!N11 -> -145 | H7: =SQRT(F7^2+G7^2) -> 148.07093 | I7: =IF(ATAN2(F7,G7)*200/PI()<0,ATAN2(F7,G7)*200/PI()+400) -> 287.01181 | J7: =SIN(I7*PI()/200) -> -0.97926042 | K7: =COS(I7*PI()/200) -> -0.2026056 | L7: =0.001+0.000001*E7 -> 0.0011480717 | M7: =H7-E7 -> -0.00077105039 | P7: 3 | Q7: 475 | R7: 245
B8: =Dane!B9 -> 7 | C8: =Dane!C9 -> 9 | D8: =Dane!D9 -> 0 | E8: =Dane!E9 -> 174.5226 | F8: =Dane!M13-Dane!M11 -> 133 | G8: =Dane!N13-Dane!N11 -> -113 | H8: =SQRT(F8^2+G8^2) -> 174.5222 | I8: =IF(ATAN2(F8,G8)*200/PI()<0,ATAN2(F8,G8)*200/PI()+400) -> 355.16441 | J8: =SIN(I8*PI()/200) -> -0.64748208 | K8: =COS(I8*PI()/200) -> 0.76208068 | L8: =0.001+0.000001*E8 -> 0.0011745226 | M8: =H8-E8 -> -0.00039510905 | P8: 4 | Q8: 435 | R8: 435
B9: =Dane!B10 -> 8 | C9: =Dane!C10 -> 1 | D9: =Dane!D10 -> 0 | E9: =Dane!E10 -> 149.9983 | F9: =Dane!M5-Dane!M12 -> 90 | G9: =Dane!N5-Dane!N12 -> -120 | H9: =SQRT(F9^2+G9^2) -> 150 | I9: =IF(ATAN2(F9,G9)*200/PI()<0,ATAN2(F9,G9)*200/PI()+400) -> 340.96655 | J9: =SIN(I9*PI()/200) -> -0.8 | K9: =COS(I9*PI()/200) -> 0.6 | L9: =0.001+0.000001*E9 -> 0.0011499983 | M9: =H9-E9 -> 0.0017 | P9: 5 | Q9: 295 | R9: 490
B10: =Dane!B11 -> 8 | C10: =Dane!C11 -> 9 | D10: =Dane!D11 -> 0 | E10: =Dane!E11 -> 166.1118 | F10: =Dane!M13-Dane!M12 -> 163 | G10: =Dane!N13-Dane!N12 -> 32 | H10: =SQRT(F10^2+G10^2) -> 166.11141 | I10: =IF(ATAN2(F10,G10)*200/PI()<0,ATAN2(F10,G10)*200/PI()+400,ATAN2(F10,G10)*200/PI()) -> 12.341107 | J10: =SIN(I10*PI()/200) -> 0.1926418 | K10: =COS(I10*PI()/200) -> 0.98126915 | L10: =0.001+0.000001*E10 -> 0.0011661118 | M10: =H10-E10 -> -0.0003916019 | P10: 6 | Q10: 145 | R10: 560
B11: =Dane!B12 -> 8 | C11: =Dane!C12 -> 7 | D11: =Dane!D12 -> 0 | E11: =Dane!E12 -> 148.0732 | F11: =Dane!M11-Dane!M12 -> 30 | G11: =Dane!N11-Dane!N12 -> 145 | H11: =SQRT(F11^2+G11^2) -> 148.07093 | I11: =IF(ATAN2(F11,G11)*200/PI()<0,ATAN2(F11,G11)*200/PI()+400,ATAN2(F11,G11)*200/PI()) -> 87.011812 | J11: =SIN(I11*PI()/200) -> 0.97926042 | K11: =COS(I11*PI()/200) -> 0.2026056 | L11: =0.001+0.000001*E11 -> 0.0011480732 | M11: =H11-E11 -> -0.0022710504 | P11: 7 | Q11: 180 | R11: 385
B12: =Dane!B13 -> 8 | C12: =Dane!C13 -> 6 | D12: =Dane!D13 -> 0 | E12: =Dane!E13 -> 320.0413 | F12: =Dane!M10-Dane!M12 -> -5 | G12: =Dane!N10-Dane!N12 -> 320 | H12: =SQRT(F12^2+G12^2) -> 320.03906 | I12: =IF(ATAN2(F12,G12)*200/PI()<0,ATAN2(F12,G12)*200/PI()+400,ATAN2(F12,G12)*200/PI()) -> 100.99464 | J12: =SIN(I12*PI()/200) -> 0.99987795 | K12: =COS(I12*PI()/200) -> -0.015623093 | L12: =0.001+0.000001*E12 -> 0.0013200413 | M12: =H12-E12 -> -0.0022398839 | P12: 8 | Q12: 150 | R12: 240
B13: =Dane!B14 -> 1 | C13: =Dane!C14 -> 3 | D13: =Dane!D14 -> 0 | E13: =Dane!E14 -> 266.1756 | F13: =Dane!M7-Dane!M5 -> 235 | G13: =Dane!N7-Dane!N5 -> 125 | H13: =SQRT(F13^2+G13^2) -> 266.17663 | I13: =IF(ATAN2(F13,G13)*200/PI()<0,ATAN2(F13,G13)*200/PI()+400,ATAN2(F13,G13)*200/PI()) -> 31.121307 | J13: =SIN(I13*PI()/200) -> 0.46961297 | K13: =COS(I13*PI()/200) -> 0.88287239 | L13: =0.001+0.000001*E13 -> 0.0012661756 | M13: =H13-E13 -> 0.0010330841 | P13: 9 | Q13: 314 | R13: 271
B14: =Dane!B15 -> 1 | C14: =Dane!C15 -> 9 | D14: =Dane!D15 -> 0 | E14: =Dane!E15 -> 168.6215 | F14: =Dane!M13-Dane!M5 -> 73 | G14: =Dane!N13-Dane!N5 -> 152 | H14: =SQRT(F14^2+G14^2) -> 168.62088 | I14: =IF(ATAN2(F14,G14)*200/PI()<0,ATAN2(F14,G14)*200/PI()+400,ATAN2(F14,G14)*200/PI()) -> 71.496379 | J14: =SIN(I14*PI()/200) -> 0.90143049 | K14: =COS(I14*PI()/200) -> 0.43292386 | L14: =0.001+0.000001*E14 -> 0.0011686215 | M14: =H14-E14 -> -0.00062347518
B15: =Dane!B16 -> 1 | C15: =Dane!C16 -> 7 | D15: =Dane!D16 -> 0 | E15: =Dane!E16 -> 271.7081 | F15: =Dane!M11-Dane!M5 -> -60 | G15: =Dane!N11-Dane!N5 -> 265 | H15: =SQRT(F15^2+G15^2) -> 271.70756 | I15: =IF(ATAN2(F15,G15)*200/PI()<0,ATAN2(F15,G15)*200/PI()+400,ATAN2(F15,G15)*200/PI()) -> 114.17504 | J15: =SIN(I15*PI()/200) -> 0.9753133 | K15: =COS(I15*PI()/200) -> -0.22082565 | L15: =0.001+0.000001*E15 -> 0.0012717081 | M15: =H15-E15 -> -0.00053661613
B16: =Dane!B17 -> 3 | C16: =Dane!C17 -> 5 | D16: =Dane!D17 -> 0 | E16: =Dane!E17 -> 304.0138 | F16: =Dane!M9-Dane!M7 -> -180 | G16: =Dane!N9-Dane!N7 -> 245 | H16: =SQRT(F16^2+G16^2) -> 304.0148 | I16: =IF(ATAN2(F16,G16)*200/PI()<0,ATAN2(F16,G16)*200/PI()+400,ATAN2(F16,G16)*200/PI()) -> 140.33833 | J16: =SIN(I16*PI()/200) -> 0.80588181 | K16: =COS(I16*PI()/200) -> -0.59207643 | L16: =0.001+0.000001*E16 -> 0.0013040138 | M16: =H16-E16 -> 0.0010022712
B17: =Dane!B18 -> 3 | C17: =Dane!C18 -> 9 | D17: =Dane!D18 -> 0 | E17: =Dane!E18 -> 164.2349 | F17: =Dane!M13-Dane!M7 -> -162 | G17: =Dane!N13-Dane!N7 -> 27 | H17: =SQRT(F17^2+G17^2) -> 164.23459 | I17: =IF(ATAN2(F17,G17)*200/PI()<0,ATAN2(F17,G17)*200/PI()+400,ATAN2(F17,G17)*200/PI()) -> 189.48631 | J17: =SIN(I17*PI()/200) -> 0.16439899 | K17: =COS(I17*PI()/200) -> -0.98639392 | L17: =0.001+0.000001*E17 -> 0.0011642349 | M17: =H17-E17 -> -0.00031168195
B18: =Dane!B19 -> 3 | C18: =Dane!C19 -> 4 | D18: =Dane!D19 -> 0 | E18: =Dane!E19 -> 194.1629 | F18: =Dane!M8-Dane!M7 -> -40 | G18: =Dane!N8-Dane!N7 -> 190 | H18: =SQRT(F18^2+G18^2) -> 194.16488 | I18: =IF(ATAN2(F18,G18)*200/PI()<0,ATAN2(F18,G18)*200/PI()+400,ATAN2(F18,G18)*200/PI()) -> 113.20962 | J18: =SIN(I18*PI()/200) -> 0.97854978 | K18: =COS(I18*PI()/200) -> -0.20601048 | L18: =0.001+0.000001*E18 -> 0.0011941629 | M18: =H18-E18 -> 0.0019783895
B19: =Dane!B20 -> 4 | C19: =Dane!C20 -> 5 | D19: =Dane!D20 -> 0 | E19: =Dane!E20 -> 150.4167 | F19: =Dane!M9-Dane!M8 -> -140 | G19: =Dane!N9-Dane!N8 -> 55 | H19: =SQRT(F19^2+G19^2) -> 150.41609 | I19: =IF(ATAN2(F19,G19)*200/PI()<0,ATAN2(F19,G19)*200/PI()+400,ATAN2(F19,G19)*200/PI()) -> 176.16918 | J19: =SIN(I19*PI()/200) -> 0.36565237 | K19: =COS(I19*PI()/200) -> -0.93075149 | L19: =0.001+0.000001*E19 -> 0.0011504167 | M19: =H19-E19 -> -0.00061043509
B20: =Dane!B21 -> 4 | C20: =Dane!C21 -> 7 | D20: =Dane!D21 -> 0 | E20: =Dane!E21 -> 259.8561 | F20: =Dane!M11-Dane!M8 -> -255 | G20: =Dane!N11-Dane!N8 -> -50 | H20: =SQRT(F20^2+G20^2) -> 259.85573 | I20: =IF(ATAN2(F20,G20)*200/PI()<0,ATAN2(F20,G20)*200/PI()+400) -> 212.32636 | J20: =SIN(I20*PI()/200) -> -0.19241446 | K20: =COS(I20*PI()/200) -> -0.98131375 | L20: =0.001+0.000001*E20 -> 0.0012598561 | M20: =H20-E20 -> -0.00037079627
B21: =Dane!B22 -> 4 | C21: =Dane!C22 -> 9 | D21: =Dane!D22 -> 0 | E21: =Dane!E22 -> 203.6004 | F21: =Dane!M13-Dane!M8 -> -122 | G21: =Dane!N13-Dane!N8 -> -163 | H21: =SQRT(F21^2+G21^2) -> 203.6001 | I21: =IF(ATAN2(F21,G21)*200/PI()<0,ATAN2(F21,G21)*200/PI()+400) -> 259.09598 | J21: =SIN(I21*PI()/200) -> -0.800589 | K21: =COS(I21*PI()/200) -> -0.59921386 | L21: =0.001+0.000001*E21 -> 0.0012036004 | M21: =H21-E21 -> -0.0003017682
B22: =Dane!B23 -> 6 | C22: =Dane!C23 -> 9 | D22: =Dane!D23 -> 0 | E22: =Dane!E23 -> 333.4194 | F22: =Dane!M13-Dane!M10 -> 168 | G22: =Dane!N13-Dane!N10 -> -288 | H22: =SQRT(F22^2+G22^2) -> 333.41866 | I22: =IF(ATAN2(F22,G22)*200/PI()<0,ATAN2(F22,G22)*200/PI()+400) -> 333.61826 | J22: =SIN(I22*PI()/200) -> -0.8637789 | K22: =COS(I22*PI()/200) -> 0.50387103 | L22: =0.001+0.000001*E22 -> 0.0013334194 | M22: =H22-E22 -> -0.0007442532
B23: =Dane!B24 -> 6 | C23: =Dane!C24 -> 5 | D23: =Dane!D24 -> 0 | E23: =Dane!E24 -> 165.528 | F23: =Dane!M9-Dane!M10 -> 150 | G23: =Dane!N9-Dane!N10 -> -70 | H23: =SQRT(F23^2+G23^2) -> 165.52945 | I23: =IF(ATAN2(F23,G23)*200/PI()<0,ATAN2(F23,G23)*200/PI()+400) -> 372.20345 | J23: =SIN(I23*PI()/200) -> -0.42288547 | K23: =COS(I23*PI()/200) -> 0.90618314 | L23: =0.001+0.000001*E23 -> 0.001165528 | M23: =H23-E23 -> 0.0014535725
B25: c | C25: l | D25: p | E25: b obs [g] | F25: ∆xcl | G25: ∆ycl | H25: ∆xcp | I25: ∆ycp | J25: d²cl | K25: d²cp | L25: Az cl [g] | M25: Az cp [g] | N25: b przyb [g] | O25: Błąd [cc] | P25: l [g] | Q25: Al. | R25: Bl | S25: Ap | T25: Bp
B26: =Dane!B25 -> 9 | C26: =Dane!C25 -> 1 | D26: =Dane!D25 -> 3 | E26: =Dane!E25 -> 117.9893 | F26: =Dane!M5-Dane!M13 -> -73 | G26: =Dane!N5-Dane!N13 -> -152 | H26: =Dane!M7-Dane!M13 -> 162 | I26: =Dane!N7-Dane!N13 -> -27 | J26: =F26^2+G26^2 -> 28433 | K26: =H26^2+I26^2 -> 26973 | L26: =IF(ATAN2(F26,G26)*200/PI()<0,ATAN2(F26,G26)*200/PI()+400,ATAN2(F26,G26)*200/PI()) -> 271.49638 | M26: =IF(ATAN2(H26,I26)*200/PI()<0,ATAN2(H26,I26)*200/PI()+400,ATAN2(H26,I26)*200/PI()) -> 389.48631 | N26: =IF(M26-L26<0,M26-L26+400,M26-L26) -> 117.98993 | O26: =Dane!$M$15 -> 3 | P26: =N26-E26 -> 0.00062975201 | Q26: =F26/J26*2000000/PI() -> -1634.4826 | R26: =G26/J26*2000000/PI() -> -3403.3062 | S26: =H26/K26*2000000/PI() -> 3823.5422 | T26: =I26/K26*2000000/PI() -> -637.25703
B27: =Dane!B26 -> 9 | C27: =Dane!C26 -> 3 | D27: =Dane!D26 -> 4 | E27: =Dane!E26 -> 69.6093 | F27: =Dane!M7-Dane!M13 -> 162 | G27: =Dane!N7-Dane!N13 -> -27 | H27: =Dane!M8-Dane!M13 -> 122 | I27: =Dane!N8-Dane!N13 -> 163 | J27: =F27^2+G27^2 -> 26973 | K27: =H27^2+I27^2 -> 41453 | L27: =IF(ATAN2(F27,G27)*200/PI()<0,ATAN2(F27,G27)*200/PI()+400,ATAN2(F27,G27)*200/PI()) -> 389.48631 | M27: =IF(ATAN2(H27,I27)*200/PI()<0,ATAN2(H27,I27)*200/PI()+400,ATAN2(H27,I27)*200/PI()) -> 59.095983 | N27: =IF(M27-L27<0,M27-L27+400,M27-L27) -> 69.609675 | O27: =Dane!$M$15 -> 3 | P27: =N27-E27 -> 0.00037470572 | Q27: =F27/J27*2000000/PI() -> 3823.5422 | R27: =G27/J27*2000000/PI() -> -637.25703 | S27: =H27/K27*2000000/PI() -> 1873.6307 | T27: =I27/K27*2000000/PI() -> 2503.2934
B28: =Dane!B27 -> 9 | C28: =Dane!C27 -> 4 | D28: =Dane!D27 -> 5 | E28: =Dane!E27 -> 46.1487 | F28: =Dane!M8-Dane!M13 -> 122 | G28: =Dane!N8-Dane!N13 -> 163 | H28: =Dane!M9-Dane!M13 -> -18 | I28: =Dane!N9-Dane!N13 -> 218 | J28: =F28^2+G28^2 -> 41453 | K28: =H28^2+I28^2 -> 47848 | L28: =IF(ATAN2(F28,G28)*200/PI()<0,ATAN2(F28,G28)*200/PI()+400,ATAN2(F28,G28)*200/PI()) -> 59.095983 | M28: =IF(ATAN2(H28,I28)*200/PI()<0,ATAN2(H28,I28)*200/PI()+400,ATAN2(H28,I28)*200/PI()) -> 105.2446 | N28: =IF(M28-L28<0,M28-L28+400,M28-L28) -> 46.148613 | O28: =Dane!$M$15 -> 3 | P28: =N28-E28 -> -8.6773425e-05 | Q28: =F28/J28*2000000/PI() -> 1873.6307 | R28: =G28/J28*2000000/PI() -> 2503.2934 | S28: =H28/K28*2000000/PI() -> -239.4908 | T28: =I28/K28*2000000/PI() -> 2900.4997
B29: =Dane!B28 -> 9 | C29: =Dane!C28 -> 5 | D29: =Dane!D28 -> 7 | E29: =Dane!E28 -> 49.92 | F29: =Dane!M9-Dane!M13 -> -18 | G29: =Dane!N9-Dane!N13 -> 218 | H29: =Dane!M11-Dane!M13 -> -133 | I29: =Dane!N11-Dane!N13 -> 113 | J29: =F29^2+G29^2 -> 47848 | K29: =H29^2+I29^2 -> 30458 | L29: =IF(ATAN2(F29,G29)*200/PI()<0,ATAN2(F29,G29)*200/PI()+400,ATAN2(F29,G29)*200/PI()) -> 105.2446 | M29: =IF(ATAN2(H29,I29)*200/PI()<0,ATAN2(H29,I29)*200/PI()+400,ATAN2(H29,I29)*200/PI()) -> 155.16441 | N29: =IF(M29-L29<0,M29-L29+400,M29-L29) -> 49.919815 | O29: =Dane!$M$15 -> 3 | P29: =N29-E29 -> -0.00018471073 | Q29: =F29/J29*2000000/PI() -> -239.4908 | R29: =G29/J29*2000000/PI() -> 2900.4997 | S29: =H29/K29*2000000/PI() -> -2779.9077 | T29: =I29/K29*2000000/PI() -> 2361.8765
B30: =Dane!B29 -> 9 | C30: =Dane!C29 -> 7 | D30: =Dane!D29 -> 8 | E30: =Dane!E29 -> 57.1766 | F30: =Dane!M11-Dane!M13 -> -133 | G30: =Dane!N11-Dane!N13 -> 113 | H30: =Dane!M12-Dane!M13 -> -163 | I30: =Dane!N12-Dane!N13 -> -32 | J30: =F30^2+G30^2 -> 30458 | K30: =H30^2+I30^2 -> 27593 | L30: =IF(ATAN2(F30,G30)*200/PI()<0,ATAN2(F30,G30)*200/PI()+400,ATAN2(F30,G30)*200/PI()) -> 155.16441 | M30: =IF(ATAN2(H30,I30)*200/PI()<0,ATAN2(H30,I30)*200/PI()+400,ATAN2(H30,I30)*200/PI()) -> 212.34111 | N30: =IF(M30-L30<0,M30-L30+400,M30-L30) -> 57.176696 | O30: =Dane!$M$15 -> 3 | P30: =N30-E30 -> 9.5539984e-05 | Q30: =F30/J30*2000000/PI() -> -2779.9077 | R30: =G30/J30*2000000/PI() -> 2361.8765 | S30: =H30/K30*2000000/PI() -> -3760.701 | T30: =I30/K30*2000000/PI() -> -738.29713
B31: =Dane!B30 -> 9 | C31: =Dane!C30 -> 8 | D31: =Dane!D30 -> 1 | E31: =Dane!E30 -> 59.1555 | F31: =Dane!M12-Dane!M13 -> -163 | G31: =Dane!N12-Dane!N13 -> -32 | H31: =Dane!M5-Dane!M13 -> -73 | I31: =Dane!N5-Dane!N13 -> -152 | J31: =F31^2+G31^2 -> 27593 | K31: =H31^2+I31^2 -> 28433 | L31: =IF(ATAN2(F31,G31)*200/PI()<0,ATAN2(F31,G31)*200/PI()+400,ATAN2(F31,G31)*200/PI()) -> 212.34111 | M31: =IF(ATAN2(H31,I31)*200/PI()<0,ATAN2(H31,I31)*200/PI()+400,ATAN2(H31,I31)*200/PI()) -> 271.49638 | N31: =IF(M31-L31<0,M31-L31+400,M31-L31) -> 59.155271 | O31: =Dane!$M$15 -> 3 | P31: =N31-E31 -> -0.00022851356 | Q31: =F31/J31*2000000/PI() -> -3760.701 | R31: =G31/J31*2000000/PI() -> -738.29713 | S31: =H31/K31*2000000/PI() -> -1634.4826 | T31: =I31/K31*2000000/PI() -> -3403.3062
B32: =Dane!B31 -> 6 | C32: =Dane!C31 -> 8 | D32: =Dane!D31 -> 7 | E32: =Dane!E31 -> 11.5719 | F32: =Dane!M12-Dane!M10 -> 5 | G32: =Dane!N12-Dane!N10 -> -320 | H32: =Dane!M11-Dane!M10 -> 35 | I32: =Dane!N11-Dane!N10 -> -175 | J32: =F32^2+G32^2 -> 102425 | K32: =H32^2+I32^2 -> 31850 | L32: =IF(ATAN2(F32,G32)*200/PI()<0,ATAN2(F32,G32)*200/PI()+400,ATAN2(F32,G32)*200/PI()) -> 300.99464 | M32: =IF(ATAN2(H32,I32)*200/PI()<0,ATAN2(H32,I32)*200/PI()+400,ATAN2(H32,I32)*200/PI()) -> 312.56659 | N32: =IF(M32-L32<0,M32-L32+400,M32-L32) -> 11.571954 | O32: =Dane!$M$15 -> 3 | P32: =N32-E32 -> 5.418201e-05 | Q32: =F32/J32*2000000/PI() -> 31.077363 | R32: =G32/J32*2000000/PI() -> -1988.9512 | S32: =H32/K32*2000000/PI() -> 699.58217 | T32: =I32/K32*2000000/PI() -> -3497.9108
B33: =Dane!B32 -> 6 | C33: =Dane!C32 -> 7 | D33: =Dane!D32 -> 9 | E33: =Dane!E32 -> 21.0515 | F33: =Dane!M11-Dane!M10 -> 35 | G33: =Dane!N11-Dane!N10 -> -175 | H33: =Dane!M13-Dane!M10 -> 168 | I33: =Dane!N13-Dane!N10 -> -288 | J33: =F33^2+G33^2 -> 31850 | K33: =H33^2+I33^2 -> 111168 | L33: =IF(ATAN2(F33,G33)*200/PI()<0,ATAN2(F33,G33)*200/PI()+400,ATAN2(F33,G33)*200/PI()) -> 312.56659 | M33: =IF(ATAN2(H33,I33)*200/PI()<0,ATAN2(H33,I33)*200/PI()+400,ATAN2(H33,I33)*200/PI()) -> 333.61826 | N33: =IF(M33-L33<0,M33-L33+400,M33-L33) -> 21.051672 | O33: =Dane!$M$15 -> 3 | P33: =N33-E33 -> 0.00017187723 | Q33: =F33/J33*2000000/PI() -> 699.58217 | R33: =G33/J33*2000000/PI() -> -3497.9108 | S33: =H33/K33*2000000/PI() -> 962.07651 | T33: =I33/K33*2000000/PI() -> -1649.274
B34: =Dane!B33 -> 6 | C34: =Dane!C33 -> 9 | D34: =Dane!D33 -> 5 | E34: =Dane!E33 -> 38.5847 | F34: =Dane!M13-Dane!M10 -> 168 | G34: =Dane!N13-Dane!N10 -> -288 | H34: =Dane!M9-Dane!M10 -> 150 | I34: =Dane!N9-Dane!N10 -> -70 | J34: =F34^2+G34^2 -> 111168 | K34: =H34^2+I34^2 -> 27400 | L34: =IF(ATAN2(F34,G34)*200/PI()<0,ATAN2(F34,G34)*200/PI()+400,ATAN2(F34,G34)*200/PI()) -> 333.61826 | M34: =IF(ATAN2(H34,I34)*200/PI()<0,ATAN2(H34,I34)*200/PI()+400,ATAN2(H34,I34)*200/PI()) -> 372.20345 | N34: =IF(M34-L34<0,M34-L34+400,M34-L34) -> 38.585188 | O34: =Dane!$M$15 -> 3 | P34: =N34-E34 -> 0.00048817597 | Q34: =F34/J34*2000000/PI() -> 962.07651 | R34: =G34/J34*2000000/PI() -> -1649.274 | S34: =H34/K34*2000000/PI() -> 3485.1447 | T34: =I34/K34*2000000/PI() -> -1626.4009
B35: =Dane!B34 -> 5 | C35: =Dane!C34 -> 6 | D35: =Dane!D34 -> 7 | E35: =Dane!E34 -> 74.9047 | F35: =Dane!M10-Dane!M9 -> -150 | G35: =Dane!N10-Dane!N9 -> 70 | H35: =Dane!M11-Dane!M9 -> -115 | I35: =Dane!N11-Dane!N9 -> -105 | J35: =F35^2+G35^2 -> 27400 | K35: =H35^2+I35^2 -> 24250 | L35: =IF(ATAN2(F35,G35)*200/PI()<0,ATAN2(F35,G35)*200/PI()+400,ATAN2(F35,G35)*200/PI()) -> 172.20345 | M35: =IF(ATAN2(H35,I35)*200/PI()<0,ATAN2(H35,I35)*200/PI()+400,ATAN2(H35,I35)*200/PI()) -> 247.10826 | N35: =IF(M35-L35<0,M35-L35+400,M35-L35) -> 74.904813 | O35: =Dane!$M$15 -> 3 | P35: =N35-E35 -> 0.00011252844 | Q35: =F35/J35*2000000/PI() -> -3485.1447 | R35: =G35/J35*2000000/PI() -> 1626.4009 | S35: =H35/K35*2000000/PI() -> -3019.0216 | T35: =I35/K35*2000000/PI() -> -2756.498
B36: =Dane!B35 -> 5 | C36: =Dane!C35 -> 7 | D36: =Dane!D35 -> 9 | E36: =Dane!E35 -> 58.1366 | F36: =Dane!M11-Dane!M9 -> -115 | G36: =Dane!N11-Dane!N9 -> -105 | H36: =Dane!M13-Dane!M9 -> 18 | I36: =Dane!N13-Dane!N9 -> -218 | J36: =F36^2+G36^2 -> 24250 | K36: =H36^2+I36^2 -> 47848 | L36: =IF(ATAN2(F36,G36)*200/PI()<0,ATAN2(F36,G36)*200/PI()+400,ATAN2(F36,G36)*200/PI()) -> 247.10826 | M36: =IF(ATAN2(H36,I36)*200/PI()<0,ATAN2(H36,I36)*200/PI()+400,ATAN2(H36,I36)*200/PI()) -> 305.2446 | N36: =IF(M36-L36<0,M36-L36+400,M36-L36) -> 58.136332 | O36: =Dane!$M$15 -> 3 | P36: =N36-E36 -> -0.0002676294 | Q36: =F36/J36*2000000/PI() -> -3019.0216 | R36: =G36/J36*2000000/PI() -> -2756.498 | S36: =H36/K36*2000000/PI() -> 239.4908 | T36: =I36/K36*2000000/PI() -> -2900.4997
B37: =Dane!B36 -> 5 | C37: =Dane!C36 -> 9 | D37: =Dane!D36 -> 4 | E37: =Dane!E36 -> 70.9251 | F37: =Dane!M13-Dane!M9 -> 18 | G37: =Dane!N13-Dane!N9 -> -218 | H37: =Dane!M8-Dane!M9 -> 140 | I37: =Dane!N8-Dane!N9 -> -55 | J37: =F37^2+G37^2 -> 47848 | K37: =H37^2+I37^2 -> 22625 | L37: =IF(ATAN2(F37,G37)*200/PI()<0,ATAN2(F37,G37)*200/PI()+400,ATAN2(F37,G37)*200/PI()) -> 305.2446 | M37: =IF(ATAN2(H37,I37)*200/PI()<0,ATAN2(H37,I37)*200/PI()+400,ATAN2(H37,I37)*200/PI()) -> 376.16918 | N37: =IF(M37-L37<0,M37-L37+400,M37-L37) -> 70.924585 | O37: =Dane!$M$15 -> 3 | P37: =N37-E37 -> -0.00051473128 | Q37: =F37/J37*2000000/PI() -> 239.4908 | R37: =G37/J37*2000000/PI() -> -2900.4997 | S37: =H37/K37*2000000/PI() -> 3939.3047 | T37: =I37/K37*2000000/PI() -> -1547.584
B39: a | S39: l [m/cc]
B40: dx | C40: dy | D40: dx | E40: dy | F40: dx | G40: dy | H40: dx | I40: dy | J40: dx | K40: dy | L40: dx | M40: dy | N40: dx | O40: dy | P40: dx | Q40: dy
B41: 1 | C41: 1 | D41: 3 | E41: 3 | F41: 4 | G41: 4 | H41: 5 | I41: 5 | J41: 6 | K41: 6 | L41: 7 | M41: 7 | N41: 8 | O41: 8 | P41: 9 | Q41: 9
B42: =IF(B$41=$B4,IF(B$40="dx",-$K4,-$J4),IF(B$41=$C4,IF(B$40="dx",$K4,$J4),0)) -> 0.22082565 | C42: =IF(C$41=$B4,IF(C$40="dx",-$K4,-$J4),IF(C$41=$C4,IF(C$40="dx",$K4,$J4),0)) -> -0.9753133 | D42: =IF(D$41=$B4,IF(D$40="dx",-$K4,-$J4),IF(D$41=$C4,IF(D$40="dx",$K4,$J4),0)) -> 0 | E42: =IF(E$41=$B4,IF(E$40="dx",-$K4,-$J4),IF(E$41=$C4,IF(E$40="dx",$K4,$J4),0)) -> 0 | F42: =IF(F$41=$B4,IF(F$40="dx",-$K4,-$J4),IF(F$41=$C4,IF(F$40="dx",$K4,$J4),0)) -> 0 | G42: =IF(G$41=$B4,IF(G$40="dx",-$K4,-$J4),IF(G$41=$C4,IF(G$40="dx",$K4,$J4),0)) -> 0 | H42: =IF(H$41=$B4,IF(H$40="dx",-$K4,-$J4),IF(H$41=$C4,IF(H$40="dx",$K4,$J4),0)) -> 0 | I42: =IF(I$41=$B4,IF(I$40="dx",-$K4,-$J4),IF(I$41=$C4,IF(I$40="dx",$K4,$J4),0)) -> 0 | ... Q42: =IF(Q$41=$B4,IF(Q$40="dx",-$K4,-$J4),IF(Q$41=$C4,IF(Q$40="dx",$K4,$J4),0)) -> 0 | S42: =M4 -> 0.0013633839
B43: =IF(B$41=$B5,IF(B$40="dx",-$K5,-$J5),IF(B$41=$C5,IF(B$40="dx",$K5,$J5),0)) -> 0 | C43: =IF(C$41=$B5,IF(C$40="dx",-$K5,-$J5),IF(C$41=$C5,IF(C$40="dx",$K5,$J5),0)) -> 0 | D43: =IF(D$41=$B5,IF(D$40="dx",-$K5,-$J5),IF(D$41=$C5,IF(D$40="dx",$K5,$J5),0)) -> 0 | E43: =IF(E$41=$B5,IF(E$40="dx",-$K5,-$J5),IF(E$41=$C5,IF(E$40="dx",$K5,$J5),0)) -> 0 | F43: =IF(F$41=$B5,IF(F$40="dx",-$K5,-$J5),IF(F$41=$C5,IF(F$40="dx",$K5,$J5),0)) -> 0 | G43: =IF(G$41=$B5,IF(G$40="dx",-$K5,-$J5),IF(G$41=$C5,IF(G$40="dx",$K5,$J5),0)) -> 0 | H43: =IF(H$41=$B5,IF(H$40="dx",-$K5,-$J5),IF(H$41=$C5,IF(H$40="dx",$K5,$J5),0)) -> 0.73848549 | I43: =IF(I$41=$B5,IF(I$40="dx",-$K5,-$J5),IF(I$41=$C5,IF(I$40="dx",$K5,$J5),0)) -> 0.67426936 | ... Q43: =IF(Q$41=$B5,IF(Q$40="dx",-$K5,-$J5),IF(Q$41=$C5,IF(Q$40="dx",$K5,$J5),0)) -> 0 | S43: =M5 -> -0.00018497603
B44: =IF(B$41=$B6,IF(B$40="dx",-$K6,-$J6),IF(B$41=$C6,IF(B$40="dx",$K6,$J6),0)) -> 0 | C44: =IF(C$41=$B6,IF(C$40="dx",-$K6,-$J6),IF(C$41=$C6,IF(C$40="dx",$K6,$J6),0)) -> 0 | D44: =IF(D$41=$B6,IF(D$40="dx",-$K6,-$J6),IF(D$41=$C6,IF(D$40="dx",$K6,$J6),0)) -> 0 | E44: =IF(E$41=$B6,IF(E$40="dx",-$K6,-$J6),IF(E$41=$C6,IF(E$40="dx",$K6,$J6),0)) -> 0 | F44: =IF(F$41=$B6,IF(F$40="dx",-$K6,-$J6),IF(F$41=$C6,IF(F$40="dx",$K6,$J6),0)) -> 0 | G44: =IF(G$41=$B6,IF(G$40="dx",-$K6,-$J6),IF(G$41=$C6,IF(G$40="dx",$K6,$J6),0)) -> 0 | H44: =IF(H$41=$B6,IF(H$40="dx",-$K6,-$J6),IF(H$41=$C6,IF(H$40="dx",$K6,$J6),0)) -> 0 | I44: =IF(I$41=$B6,IF(I$40="dx",-$K6,-$J6),IF(I$41=$C6,IF(I$40="dx",$K6,$J6),0)) -> 0 | ... Q44: =IF(Q$41=$B6,IF(Q$40="dx",-$K6,-$J6),IF(Q$41=$C6,IF(Q$40="dx",$K6,$J6),0)) -> 0 | S44: =M6 -> -0.00021702425
B45: =IF(B$41=$B7,IF(B$40="dx",-$K7,-$J7),IF(B$41=$C7,IF(B$40="dx",$K7,$J7),0)) -> 0 | C45: =IF(C$41=$B7,IF(C$40="dx",-$K7,-$J7),IF(C$41=$C7,IF(C$40="dx",$K7,$J7),0)) -> 0 | D45: =IF(D$41=$B7,IF(D$40="dx",-$K7,-$J7),IF(D$41=$C7,IF(D$40="dx",$K7,$J7),0)) -> 0 | E45: =IF(E$41=$B7,IF(E$40="dx",-$K7,-$J7),IF(E$41=$C7,IF(E$40="dx",$K7,$J7),0)) -> 0 | F45: =IF(F$41=$B7,IF(F$40="dx",-$K7,-$J7),IF(F$41=$C7,IF(F$40="dx",$K7,$J7),0)) -> 0 | G45: =IF(G$41=$B7,IF(G$40="dx",-$K7,-$J7),IF(G$41=$C7,IF(G$40="dx",$K7,$J7),0)) -> 0 | H45: =IF(H$41=$B7,IF(H$40="dx",-$K7,-$J7),IF(H$41=$C7,IF(H$40="dx",$K7,$J7),0)) -> 0 | I45: =IF(I$41=$B7,IF(I$40="dx",-$K7,-$J7),IF(I$41=$C7,IF(I$40="dx",$K7,$J7),0)) -> 0 | ... Q45: =IF(Q$41=$B7,IF(Q$40="dx",-$K7,-$J7),IF(Q$41=$C7,IF(Q$40="dx",$K7,$J7),0)) -> 0 | S45: =M7 -> -0.00077105039
B46: =IF(B$41=$B8,IF(B$40="dx",-$K8,-$J8),IF(B$41=$C8,IF(B$40="dx",$K8,$J8),0)) -> 0 | C46: =IF(C$41=$B8,IF(C$40="dx",-$K8,-$J8),IF(C$41=$C8,IF(C$40="dx",$K8,$J8),0)) -> 0 | D46: =IF(D$41=$B8,IF(D$40="dx",-$K8,-$J8),IF(D$41=$C8,IF(D$40="dx",$K8,$J8),0)) -> 0 | E46: =IF(E$41=$B8,IF(E$40="dx",-$K8,-$J8),IF(E$41=$C8,IF(E$40="dx",$K8,$J8),0)) -> 0 | F46: =IF(F$41=$B8,IF(F$40="dx",-$K8,-$J8),IF(F$41=$C8,IF(F$40="dx",$K8,$J8),0)) -> 0 | G46: =IF(G$41=$B8,IF(G$40="dx",-$K8,-$J8),IF(G$41=$C8,IF(G$40="dx",$K8,$J8),0)) -> 0 | H46: =IF(H$41=$B8,IF(H$40="dx",-$K8,-$J8),IF(H$41=$C8,IF(H$40="dx",$K8,$J8),0)) -> 0 | I46: =IF(I$41=$B8,IF(I$40="dx",-$K8,-$J8),IF(I$41=$C8,IF(I$40="dx",$K8,$J8),0)) -> 0 | ... Q46: =IF(Q$41=$B8,IF(Q$40="dx",-$K8,-$J8),IF(Q$41=$C8,IF(Q$40="dx",$K8,$J8),0)) -> -0.64748208 | S46: =M8 -> -0.00039510905
B47: =IF(B$41=$B9,IF(B$40="dx",-$K9,-$J9),IF(B$41=$C9,IF(B$40="dx",$K9,$J9),0)) -> 0.6 | C47: =IF(C$41=$B9,IF(C$40="dx",-$K9,-$J9),IF(C$41=$C9,IF(C$40="dx",$K9,$J9),0)) -> -0.8 | D47: =IF(D$41=$B9,IF(D$40="dx",-$K9,-$J9),IF(D$41=$C9,IF(D$40="dx",$K9,$J9),0)) -> 0 | E47: =IF(E$41=$B9,IF(E$40="dx",-$K9,-$J9),IF(E$41=$C9,IF(E$40="dx",$K9,$J9),0)) -> 0 | F47: =IF(F$41=$B9,IF(F$40="dx",-$K9,-$J9),IF(F$41=$C9,IF(F$40="dx",$K9,$J9),0)) -> 0 | G47: =IF(G$41=$B9,IF(G$40="dx",-$K9,-$J9),IF(G$41=$C9,IF(G$40="dx",$K9,$J9),0)) -> 0 | H47: =IF(H$41=$B9,IF(H$40="dx",-$K9,-$J9),IF(H$41=$C9,IF(H$40="dx",$K9,$J9),0)) -> 0 | I47: =IF(I$41=$B9,IF(I$40="dx",-$K9,-$J9),IF(I$41=$C9,IF(I$40="dx",$K9,$J9),0)) -> 0 | ... Q47: =IF(Q$41=$B9,IF(Q$40="dx",-$K9,-$J9),IF(Q$41=$C9,IF(Q$40="dx",$K9,$J9),0)) -> 0 | S47: =M9 -> 0.0017
B48: =IF(B$41=$B10,IF(B$40="dx",-$K10,-$J10),IF(B$41=$C10,IF(B$40="dx",$K10,$J10),0)) -> 0 | C48: =IF(C$41=$B10,IF(C$40="dx",-$K10,-$J10),IF(C$41=$C10,IF(C$40="dx",$K10,$J10),0)) -> 0 | D48: =IF(D$41=$B10,IF(D$40="dx",-$K10,-$J10),IF(D$41=$C10,IF(D$40="dx",$K10,$J10),0)) -> 0 | E48: =IF(E$41=$B10,IF(E$40="dx",-$K10,-$J10),IF(E$41=$C10,IF(E$40="dx",$K10,$J10),0)) -> 0 | F48: =IF(F$41=$B10,IF(F$40="dx",-$K10,-$J10),IF(F$41=$C10,IF(F$40="dx",$K10,$J10),0)) -> 0 | G48: =IF(G$41=$B10,IF(G$40="dx",-$K10,-$J10),IF(G$41=$C10,IF(G$40="dx",$K10,$J10),0)) -> 0 | H48: =IF(H$41=$B10,IF(H$40="dx",-$K10,-$J10),IF(H$41=$C10,IF(H$40="dx",$K10,$J10),0)) -> 0 | I48: =IF(I$41=$B10,IF(I$40="dx",-$K10,-$J10),IF(I$41=$C10,IF(I$40="dx",$K10,$J10),0)) -> 0 | ... Q48: =IF(Q$41=$B10,IF(Q$40="dx",-$K10,-$J10),IF(Q$41=$C10,IF(Q$40="dx",$K10,$J10),0)) -> 0.1926418 | S48: =M10 -> -0.0003916019
B49: =IF(B$41=$B11,IF(B$40="dx",-$K11,-$J11),IF(B$41=$C11,IF(B$40="dx",$K11,$J11),0)) -> 0 | C49: =IF(C$41=$B11,IF(C$40="dx",-$K11,-$J11),IF(C$41=$C11,IF(C$40="dx",$K11,$J11),0)) -> 0 | D49: =IF(D$41=$B11,IF(D$40="dx",-$K11,-$J11),IF(D$41=$C11,IF(D$40="dx",$K11,$J11),0)) -> 0 | E49: =IF(E$41=$B11,IF(E$40="dx",-$K11,-$J11),IF(E$41=$C11,IF(E$40="dx",$K11,$J11),0)) -> 0 | F49: =IF(F$41=$B11,IF(F$40="dx",-$K11,-$J11),IF(F$41=$C11,IF(F$40="dx",$K11,$J11),0)) -> 0 | G49: =IF(G$41=$B11,IF(G$40="dx",-$K11,-$J11),IF(G$41=$C11,IF(G$40="dx",$K11,$J11),0)) -> 0 | H49: =IF(H$41=$B11,IF(H$40="dx",-$K11,-$J11),IF(H$41=$C11,IF(H$40="dx",$K11,$J11),0)) -> 0 | I49: =IF(I$41=$B11,IF(I$40="dx",-$K11,-$J11),IF(I$41=$C11,IF(I$40="dx",$K11,$J11),0)) -> 0 | ... Q49: =IF(Q$41=$B11,IF(Q$40="dx",-$K11,-$J11),IF(Q$41=$C11,IF(Q$40="dx",$K11,$J11),0)) -> 0 | S49: =M11 -> -0.0022710504
B50: =IF(B$41=$B12,IF(B$40="dx",-$K12,-$J12),IF(B$41=$C12,IF(B$40="dx",$K12,$J12),0)) -> 0 | C50: =IF(C$41=$B12,IF(C$40="dx",-$K12,-$J12),IF(C$41=$C12,IF(C$40="dx",$K12,$J12),0)) -> 0 | D50: =IF(D$41=$B12,IF(D$40="dx",-$K12,-$J12),IF(D$41=$C12,IF(D$40="dx",$K12,$J12),0)) -> 0 | E50: =IF(E$41=$B12,IF(E$40="dx",-$K12,-$J12),IF(E$41=$C12,IF(E$40="dx",$K12,$J12),0)) -> 0 | F50: =IF(F$41=$B12,IF(F$40="dx",-$K12,-$J12),IF(F$41=$C12,IF(F$40="dx",$K12,$J12),0)) -> 0 | G50: =IF(G$41=$B12,IF(G$40="dx",-$K12,-$J12),IF(G$41=$C12,IF(G$40="dx",$K12,$J12),0)) -> 0 | H50: =IF(H$41=$B12,IF(H$40="dx",-$K12,-$J12),IF(H$41=$C12,IF(H$40="dx",$K12,$J12),0)) -> 0 | I50: =IF(I$41=$B12,IF(I$40="dx",-$K12,-$J12),IF(I$41=$C12,IF(I$40="dx",$K12,$J12),0)) -> 0 | ... Q50: =IF(Q$41=$B12,IF(Q$40="dx",-$K12,-$J12),IF(Q$41=$C12,IF(Q$40="dx",$K12,$J12),0)) -> 0 | S50: =M12 -> -0.0022398839
B51: =IF(B$41=$B13,IF(B$40="dx",-$K13,-$J13),IF(B$41=$C13,IF(B$40="dx",$K13,$J13),0)) -> -0.88287239 | C51: =IF(C$41=$B13,IF(C$40="dx",-$K13,-$J13),IF(C$41=$C13,IF(C$40="dx",$K13,$J13),0)) -> -0.46961297 | D51: =IF(D$41=$B13,IF(D$40="dx",-$K13,-$J13),IF(D$41=$C13,IF(D$40="dx",$K13,$J13),0)) -> 0.88287239 | E51: =IF(E$41=$B13,IF(E$40="dx",-$K13,-$J13),IF(E$41=$C13,IF(E$40="dx",$K13,$J13),0)) -> 0.46961297 | F51: =IF(F$41=$B13,IF(F$40="dx",-$K13,-$J13),IF(F$41=$C13,IF(F$40="dx",$K13,$J13),0)) -> 0 | G51: =IF(G$41=$B13,IF(G$40="dx",-$K13,-$J13),IF(G$41=$C13,IF(G$40="dx",$K13,$J13),0)) -> 0 | H51: =IF(H$41=$B13,IF(H$40="dx",-$K13,-$J13),IF(H$41=$C13,IF(H$40="dx",$K13,$J13),0)) -> 0 | I51: =IF(I$41=$B13,IF(I$40="dx",-$K13,-$J13),IF(I$41=$C13,IF(I$40="dx",$K13,$J13),0)) -> 0 | ... Q51: =IF(Q$41=$B13,IF(Q$40="dx",-$K13,-$J13),IF(Q$41=$C13,IF(Q$40="dx",$K13,$J13),0)) -> 0 | S51: =M13 -> 0.0010330841
B52: =IF(B$41=$B14,IF(B$40="dx",-$K14,-$J14),IF(B$41=$C14,IF(B$40="dx",$K14,$J14),0)) -> -0.43292386 | C52: =IF(C$41=$B14,IF(C$40="dx",-$K14,-$J14),IF(C$41=$C14,IF(C$40="dx",$K14,$J14),0)) -> -0.90143049 | D52: =IF(D$41=$B14,IF(D$40="dx",-$K14,-$J14),IF(D$41=$C14,IF(D$40="dx",$K14,$J14),0)) -> 0 | E52: =IF(E$41=$B14,IF(E$40="dx",-$K14,-$J14),IF(E$41=$C14,IF(E$40="dx",$K14,$J14),0)) -> 0 | F52: =IF(F$41=$B14,IF(F$40="dx",-$K14,-$J14),IF(F$41=$C14,IF(F$40="dx",$K14,$J14),0)) -> 0 | G52: =IF(G$41=$B14,IF(G$40="dx",-$K14,-$J14),IF(G$41=$C14,IF(G$40="dx",$K14,$J14),0)) -> 0 | H52: =IF(H$41=$B14,IF(H$40="dx",-$K14,-$J14),IF(H$41=$C14,IF(H$40="dx",$K14,$J14),0)) -> 0 | I52: =IF(I$41=$B14,IF(I$40="dx",-$K14,-$J14),IF(I$41=$C14,IF(I$40="dx",$K14,$J14),0)) -> 0 | ... Q52: =IF(Q$41=$B14,IF(Q$40="dx",-$K14,-$J14),IF(Q$41=$C14,IF(Q$40="dx",$K14,$J14),0)) -> 0.90143049 | S52: =M14 -> -0.00062347518
B53: =IF(B$41=$B15,IF(B$40="dx",-$K15,-$J15),IF(B$41=$C15,IF(B$40="dx",$K15,$J15),0)) -> 0.22082565 | C53: =IF(C$41=$B15,IF(C$40="dx",-$K15,-$J15),IF(C$41=$C15,IF(C$40="dx",$K15,$J15),0)) -> -0.9753133 | D53: =IF(D$41=$B15,IF(D$40="dx",-$K15,-$J15),IF(D$41=$C15,IF(D$40="dx",$K15,$J15),0)) -> 0 | E53: =IF(E$41=$B15,IF(E$40="dx",-$K15,-$J15),IF(E$41=$C15,IF(E$40="dx",$K15,$J15),0)) -> 0 | F53: =IF(F$41=$B15,IF(F$40="dx",-$K15,-$J15),IF(F$41=$C15,IF(F$40="dx",$K15,$J15),0)) -> 0 | G53: =IF(G$41=$B15,IF(G$40="dx",-$K15,-$J15),IF(G$41=$C15,IF(G$40="dx",$K15,$J15),0)) -> 0 | H53: =IF(H$41=$B15,IF(H$40="dx",-$K15,-$J15),IF(H$41=$C15,IF(H$40="dx",$K15,$J15),0)) -> 0 | I53: =IF(I$41=$B15,IF(I$40="dx",-$K15,-$J15),IF(I$41=$C15,IF(I$40="dx",$K15,$J15),0)) -> 0 | ... Q53: =IF(Q$41=$B15,IF(Q$40="dx",-$K15,-$J15),IF(Q$41=$C15,IF(Q$40="dx",$K15,$J15),0)) -> 0 | S53: =M15 -> -0.00053661613
... B61: =IF(B$41=$B23,IF(B$40="dx",-$K23,-$J23),IF(B$41=$C23,IF(B$40="dx",$K23,$J23),0)) -> 0 | C61: =IF(C$41=$B23,IF(C$40="dx",-$K23,-$J23),IF(C$41=$C23,IF(C$40="dx",$K23,$J23),0)) -> 0 | D61: =IF(D$41=$B23,IF(D$40="dx",-$K23,-$J23),IF(D$41=$C23,IF(D$40="dx",$K23,$J23),0)) -> 0 | E61: =IF(E$41=$B23,IF(E$40="dx",-$K23,-$J23),IF(E$41=$C23,IF(E$40="dx",$K23,$J23),0)) -> 0 | F61: =IF(F$41=$B23,IF(F$40="dx",-$K23,-$J23),IF(F$41=$C23,IF(F$40="dx",$K23,$J23),0)) -> 0 | G61: =IF(G$41=$B23,IF(G$40="dx",-$K23,-$J23),IF(G$41=$C23,IF(G$40="dx",$K23,$J23),0)) -> 0 | H61: =IF(H$41=$B23,IF(H$40="dx",-$K23,-$J23),IF(H$41=$C23,IF(H$40="dx",$K23,$J23),0)) -> 0.90618314 | I61: =IF(I$41=$B23,IF(I$40="dx",-$K23,-$J23),IF(I$41=$C23,IF(I$40="dx",$K23,$J23),0)) -> -0.42288547 | ... Q61: =IF(Q$41=$B23,IF(Q$40="dx",-$K23,-$J23),IF(Q$41=$C23,IF(Q$40="dx",$K23,$J23),0)) -> 0 | S61: =M23 -> 0.0014535725
B62: =IF(B$41=$C26,IF(B$40="dx",$R26,-$Q26),IF(B$41=$D26,IF(B$40="dx",-$T26,$S26),IF(B$41=$B26,IF(B$40="dx",($T26-$R26),($Q26-$S26)),0))) -> -3403.3062 | C62: =IF(C$41=$C26,IF(C$40="dx",$R26,-$Q26),IF(C$41=$D26,IF(C$40="dx",-$T26,$S26),IF(C$41=$B26,IF(C$40="dx",($T26-$R26),($Q26-$S26)),0))) -> 1634.4826 | D62: =IF(D$41=$C26,IF(D$40="dx",$R26,-$Q26),IF(D$41=$D26,IF(D$40="dx",-$T26,$S26),IF(D$41=$B26,IF(D$40="dx",($T26-$R26),($Q26-$S26)),0))) -> 637.25703 | E62: =IF(E$41=$C26,IF(E$40="dx",$R26,-$Q26),IF(E$41=$D26,IF(E$40="dx",-$T26,$S26),IF(E$41=$B26,IF(E$40="dx",($T26-$R26),($Q26-$S26)),0))) -> 3823.5422 | F62: =IF(F$41=$C26,IF(F$40="dx",$R26,-$Q26),IF(F$41=$D26,IF(F$40="dx",-$T26,$S26),IF(F$41=$B26,IF(F$40="dx",($T26-$R26),($Q26-$S26)),0))) -> 0 | G62: =IF(G$41=$C26,IF(G$40="dx",$R26,-$Q26),IF(G$41=$D26,IF(G$40="dx",-$T26,$S26),IF(G$41=$B26,IF(G$40="dx",($T26-$R26),($Q26-$S26)),0))) -> 0 | H62: =IF(H$41=$C26,IF(H$40="dx",$R26,-$Q26),IF(H$41=$D26,IF(H$40="dx",-$T26,$S26),IF(H$41=$B26,IF(H$40="dx",($T26-$R26),($Q26-$S26)),0))) -> 0 | I62: =IF(I$41=$C26,IF(I$40="dx",$R26,-$Q26),IF(I$41=$D26,IF(I$40="dx",-$T26,$S26),IF(I$41=$B26,IF(I$40="dx",($T26-$R26),($Q26-$S26)),0))) -> 0 | ... Q62: =IF(Q$41=$C26,IF(Q$40="dx",$R26,-$Q26),IF(Q$41=$D26,IF(Q$40="dx",-$T26,$S26),IF(Q$41=$B26,IF(Q$40="dx",($T26-$R26),($Q26-$S26)),0))) -> -5458.0248 | S62: =P26*10000 -> 6.2975201
B63: =IF(B$41=$C27,IF(B$40="dx",$R27,-$Q27),IF(B$41=$D27,IF(B$40="dx",-$T27,$S27),IF(B$41=$B27,IF(B$40="dx",($T27-$R27),($Q27-$S27)),0))) -> 0 | C63: =IF(C$41=$C27,IF(C$40="dx",$R27,-$Q27),IF(C$41=$D27,IF(C$40="dx",-$T27,$S27),IF(C$41=$B27,IF(C$40="dx",($T27-$R27),($Q27-$S27)),0))) -> 0 | D63: =IF(D$41=$C27,IF(D$40="dx",$R27,-$Q27),IF(D$41=$D27,IF(D$40="dx",-$T27,$S27),IF(D$41=$B27,IF(D$40="dx",($T27-$R27),($Q27-$S27)),0))) -> -637.25703 | E63: =IF(E$41=$C27,IF(E$40="dx",$R27,-$Q27),IF(E$41=$D27,IF(E$40="dx",-$T27,$S27),IF(E$41=$B27,IF(E$40="dx",($T27-$R27),($Q27-$S27)),0))) -> -3823.5422 | F63: =IF(F$41=$C27,IF(F$40="dx",$R27,-$Q27),IF(F$41=$D27,IF(F$40="dx",-$T27,$S27),IF(F$41=$B27,IF(F$40="dx",($T27-$R27),($Q27-$S27)),0))) -> -2503.2934 | G63: =IF(G$41=$C27,IF(G$40="dx",$R27,-$Q27),IF(G$41=$D27,IF(G$40="dx",-$T27,$S27),IF(G$41=$B27,IF(G$40="dx",($T27-$R27),($Q27-$S27)),0))) -> 1873.6307 | H63: =IF(H$41=$C27,IF(H$40="dx",$R27,-$Q27),IF(H$41=$D27,IF(H$40="dx",-$T27,$S27),IF(H$41=$B27,IF(H$40="dx",($T27-$R27),($Q27-$S27)),0))) -> 0 | I63: =IF(I$41=$C27,IF(I$40="dx",$R27,-$Q27),IF(I$41=$D27,IF(I$40="dx",-$T27,$S27),IF(I$41=$B27,IF(I$40="dx",($T27-$R27),($Q27-$S27)),0))) -> 0 | ... Q63: =IF(Q$41=$C27,IF(Q$40="dx",$R27,-$Q27),IF(Q$41=$D27,IF(Q$40="dx",-$T27,$S27),IF(Q$41=$B27,IF(Q$40="dx",($T27-$R27),($Q27-$S27)),0))) -> 1949.9115 | S63: =P27*10000 -> 3.7470572
