Workbook

Sheet Dane
B2: ID = 3
B4: Układ obserwacji w pomiarze wyjściowym i aktualnym | I4: Współrzędne przybliżone
B6: p | C6: k | D6: Pomiar wyjściowy | F6: Pomiar aktualny | I6: Nr | J6: Xo | K6: Yo
D7: k [g] | E7: σk [cc] | F7: k' [g] | G7: σk' [cc] | J7: w metrach
B8: St.1 | C8: P1 | D8: 108.01134 | E8: 2 | F8: 108.01716 | G8: 1.5 | I8: P1 | J8: 231.25 | K8: 199.36
B9: St.1 | C9: P2 | D9: 119.7973 | F9: 119.8021 | I9: P2 | J9: 230.99 | K9: 220.77
B10: St.1 | C10: P3 | D10: 130.18516 | F10: 130.17578 | I10: P3 | J10: 231.13 | K10: 253.22
B11: St.2 | C11: K-2,1 | D11: 351.41482 | E11: 2.5 | F11: 168.45464 | G11: 2 | I11: St.1 | J11: 184.51 | K11: 152.15
B12: St.2 | C12: K-2,2 | D12: 327.89606 | F12: 144.93566 | I12: St.2 | J12: 161.07 | K12: 208.17
B13: St.2 | C13: K-2,3 | D13: 287.98024 | F13: 105.02732 | I13: K-2,1 | J13: 71.35 | K13: 106.09
B14: St.2 | C14: K-2,4 | D14: 243.66184 | F14: 60.70744 | I14: K-2,2 | J14: 46.047 | K14: 148.238
B15: St.2 | C15: K-2,5 | D15: 215.42282 | F15: 32.47062 | I15: K-2,3 | J15: 0.408 | K15: 231.906
B16: St.2 | C16: K-2,6 | D16: 169.7481 | F16: 386.79758 | I16: K-2,4 | J16: 57.469 | K16: 324.409
B17: St.2 | C17: P1 | D17: 89.36604 | F17: 306.4245 | I17: K-2,5 | J17: 116.992 | K17: 358.958
B18: St.2 | C18: P2 | D18: 108.67044 | F18: 325.73602 | I18: K-2,6 | J18: 240.304 | K18: 379.551
B19: St.2 | C19: P3 | D19: 133.6999 | F19: 350.75402 | I19: St.3 | J19: 170.41 | K19: 276.097
B20: St.3 | C20: P1 | D20: 131.67682 | E20: 2 | F20: 131.67898 | G20: 2
B21: St.3 | C21: P2 | D21: 141.88194 | F21: 141.88786
B22: St.3 | C22: P3 | D22: 166.06158 | F22: 166.0774
B24: Dane dot. Stanowisk pomiarowych 1 i 3:
B26: Stan. | C26: zs [cc] | D26: ΔX [mm] | E26: ΔY [mm]
B27: 1 | C27: 8.75 | D27: -5.52 | E27: 3.45
B28: 3 | C28: -12.89 | D28: -4.91 | E28: -3.37

Sheet Wyr. wst. i met. analit.-graf.
C2: K | D2: K' | F2: L | H2: σl
B3: K-2,1 | C3: =Dane!D11-Dane!$D$11 -> 0 | D3: =Dane!F11-Dane!$F$11 -> 0 | F3: =D3-C3 -> 0 | H3: =SQRT((Dane!E11/10000)^2+(Dane!G11/10000)^2) -> 0.00032015621
B4: K-2,2 | C4: =Dane!D12-Dane!$D$11+400 -> 376.48124 | D4: =Dane!F12-Dane!$F$11+400 -> 376.48102 | F4: =D4-C4 -> -0.00022
B5: K-2,3 | C5: =Dane!D13-Dane!$D$11+400 -> 336.56542 | D5: =Dane!F13-Dane!$F$11+400 -> 336.57268 | F5: =D5-C5 -> 0.00726
B6: K-2,4 | C6: =Dane!D14-Dane!$D$11+400 -> 292.24702 | D6: =Dane!F14-Dane!$F$11+400 -> 292.2528 | F6: =D6-C6 -> 0.00578
B7: K-2,5 | C7: =Dane!D15-Dane!$D$11+400 -> 264.008 | D7: =Dane!F15-Dane!$F$11+400 -> 264.01598 | F7: =D7-C7 -> 0.00798
B8: K-2,6 | C8: =Dane!D16-Dane!$D$11+400 -> 218.33328 | D8: =Dane!F16-Dane!$F$11 -> 218.34294 | F8: =D8-C8 -> 0.00966
B9: P1 | C9: =Dane!D17-Dane!$D$11+400 -> 137.95122 | D9: =Dane!F17-Dane!$F$11 -> 137.96986 | F9: =D9-C9 -> 0.01864
B10: P2 | C10: =Dane!D18-Dane!$D$11+400 -> 157.25562 | D10: =Dane!F18-Dane!$F$11 -> 157.28138 | F10: =D10-C10 -> 0.02576
B11: P3 | C11: =Dane!D19-Dane!$D$11+400 -> 182.28508 | D11: =Dane!F19-Dane!$F$11 -> 182.29938 | F11: =D11-C11 -> 0.0143
C13: st2-K2,1 | D13: st2-K2,2 | E13: st2-K2,3 | F13: st2-K2,4 | G13: st2-K2,5 | H13: st2-K2,6
B14: ΔX | C14: =Dane!J13-Dane!$J$12 -> -89.72 | D14: =Dane!J14-Dane!$J$12 -> -115.023 | E14: =Dane!J15-Dane!$J$12 -> -160.662 | F14: =Dane!J16-Dane!$J$12 -> -103.601 | G14: =Dane!J17-Dane!$J$12 -> -44.078 | H14: =Dane!J18-Dane!$J$12 -> 79.234
B15: ΔY | C15: =Dane!$K13-Dane!$K$12 -> -102.08 | D15: =Dane!$K14-Dane!$K$12 -> -59.932 | E15: =Dane!$K15-Dane!$K$12 -> 23.736 | F15: =Dane!$K16-Dane!$K$12 -> 116.239 | G15: =Dane!$K17-Dane!$K$12 -> 150.788 | H15: =Dane!$K18-Dane!$K$12 -> 171.381
B16: Dsc | C16: =SQRT(C15^2+C14^2) -> 135.9044 | D16: =SQRT(D15^2+D14^2) -> 129.70017 | E16: =SQRT(E15^2+E14^2) -> 162.4059 | F16: =SQRT(F15^2+F14^2) -> 155.70701 | G16: =SQRT(G15^2+G14^2) -> 157.09835 | H16: =SQRT(H15^2+H14^2) -> 188.81068
B17: a | C17: =C15/C16^2*200/PI() -> -0.35184694 | D17: =D15/D16^2*200/PI() -> -0.22680769 | E17: =E15/E16^2*200/PI() -> 0.057290691 | F17: =F15/F16^2*200/PI() -> 0.30522188 | G17: =G15/G16^2*200/PI() -> 0.38895886 | H17: =H15/H16^2*200/PI() -> 0.30604809
B18: b | C18: =-C14/C16^2*200/PI() -> 0.30924478 | D18: =-D14/D16^2*200/PI() -> 0.43529502 | E18: =-E14/E16^2*200/PI() -> 0.38778383 | F18: =-F14/F16^2*200/PI() -> 0.27203686 | G18: =-G14/G16^2*200/PI() -> 0.11369956 | H18: =-H14/H16^2*200/PI() -> -0.14149418
B19: c | C19: =-C15/C16^2*200/PI() -> 0.35184694 | D19: =-D15/D16^2*200/PI() -> 0.22680769 | E19: =-E15/E16^2*200/PI() -> -0.057290691 | F19: =-F15/F16^2*200/PI() -> -0.30522188 | G19: =-G15/G16^2*200/PI() -> -0.38895886 | H19: =-H15/H16^2*200/PI() -> -0.30604809
B20: d | C20: =C14/C16^2*200/PI() -> -0.30924478 | D20: =D14/D16^2*200/PI() -> -0.43529502 | E20: =E14/E16^2*200/PI() -> -0.38778383 | F20: =F14/F16^2*200/PI() -> -0.27203686 | G20: =G14/G16^2*200/PI() -> -0.11369956 | H20: =H14/H16^2*200/PI() -> 0.14149418
B22: A | F22: AT
B23: Zs | C23: ΔXs | D23: ΔYs | F23: {=TRANSPOSE(B24:D29)} -> -1 | G23: -1 | H23: -1 | I23: -1 | J23: -1 | K23: -1
A24: K-2,1 | B24: -1 | C24: =C17 -> -0.35184694 | D24: =C18 -> 0.30924478 | F24: -0.35184694 | G24: -0.22680769 | H24: 0.057290691 | I24: 0.30522188 | J24: 0.38895886 | K24: 0.30604809
A25: K-2,2 | B25: -1 | C25: =D17 -> -0.22680769 | D25: =D18 -> 0.43529502 | F25: 0.30924478 | G25: 0.43529502 | H25: 0.38778383 | I25: 0.27203686 | J25: 0.11369956 | K25: -0.14149418
A26: K-2,3 | B26: -1 | C26: =E17 -> 0.057290691 | D26: =E18 -> 0.38778383
A27: K-2,4 | B27: -1 | C27: =F17 -> 0.30522188 | D27: =F18 -> 0.27203686 | F27: ATL | H27: X | J27: V
A28: K-2,5 | B28: -1 | C28: =G17 -> 0.38895886 | D28: =G18 -> 0.11369956 | F28: {=MMULT(_xlfn.ANCHORARRAY(F23),F3:F8)} -> -0.03046 | H28: {=MMULT(_xlfn.ANCHORARRAY(B37),_xlfn.ANCHORARRAY(F28))} -> -0.0052283695 | J28: {=MMULT(B24:D29,_xlfn.ANCHORARRAY(H28))-F3:F8} -> 0.0002626277
A29: K-2,6 | B29: -1 | C29: =H17 -> 0.30604809 | D29: =H18 -> -0.14149418 | F29: 0.0082903268 | H29: 0.010363554 | J29: 0.0012406999
F30: 0.0038324074 | H30: -0.0042663844 | J30: -0.0030923302
B31: ATA | J31: 0.0014509391
B32: {=MMULT(_xlfn.ANCHORARRAY(F23),B24:D29)} -> 6 | C32: -0.47886489 | D32: -1.3765659 | F32: VTV | H32: VTL | J32: 0.00079427956
B33: -0.47886489 | C33: 0.51663504 | D33: -0.10136666 | F33: {=MMULT(TRANSPOSE(_xlfn.ANCHORARRAY(J28)),_xlfn.ANCHORARRAY(J28))} -> 1.433754e-05 | H33: {=MMULT(TRANSPOSE(_xlfn.ANCHORARRAY(J28)),F3:F8)} -> -1.433754e-05 | J33: -0.00065621609
B34: -1.3765659 | C34: -0.10136666 | D34: 0.54244263
F35: σ'l | G35: σo | H35: σ'o kryt | I35: kryterium
B36: ATA^-1 | F36: =SQRT(F33/(6-3)) -> 0.0021861335 | G36: =SQRT(F36^2/H3^2) -> 6.828334 | H36: =SQRT(CHIINV(0.05,3)/(6-3)) -> 1.6139731 | I36: =IF(G36^2<=H36^2,TRUE,FALSE) -> FALSE
B37: {=MINVERSE(_xlfn.ANCHORARRAY(B32))} -> 0.70524811 | C37: 1.0430867 | D37: 1.9846425
B38: 1.0430867 | C38: 3.5520342 | D38: 3.31083
B39: 1.9846425 | C39: 3.31083 | D39: 7.498671
B42: p | C42: k | D42: alfa [g] | E42: alfa' [g] | F42: Δ alfa [g] | G42: a [m] | H42: b [m] | I42: c [m] | J42: p [m] | K42: w skali 1:1000
B43: St.2 | C43: K-2,1 | D43: =Dane!D11-Dane!D12 -> 23.51876 | E43: =Dane!F11-Dane!F12 -> 23.51898 | F43: =E43-D43 -> 0.00022 | G43: =C16 -> 135.9044 | H43: =G45 -> 129.70017 | I43: =SQRT((Dane!J14-Dane!J13)^2+(Dane!K14-Dane!K13)^2) -> 49.159899 | J43: =F43*PI()/200*G43*H43/I43 -> 0.0012390979 | K43: =J43*1000 -> 1.2390979
C44: K-2,2
C45: K-2,2 | D45: =Dane!D12-Dane!D13 -> 39.91582 | E45: =Dane!F12-Dane!F13 -> 39.90834 | F45: =E45-D45 -> -0.00748 | G45: =D16 -> 129.70017 | H45: =G47 -> 162.4059 | I45: =SQRT((Dane!J15-Dane!J14)^2+(Dane!K15-Dane!K14)^2) -> 95.306099 | J45: =F45*PI()/200*G45*H45/I45 -> -0.025968277 | K45: =J45*1000 -> -25.968277
C46: K-2,3
C47: K-2,3 | D47: =Dane!D13-Dane!D14 -> 44.3184 | E47: =Dane!F13-Dane!F14 -> 44.31988 | F47: =E47-D47 -> 0.00148 | G47: =E16 -> 162.4059 | H47: =G49 -> 155.70701 | I47: =SQRT((Dane!J16-Dane!J15)^2+(Dane!K16-Dane!K15)^2) -> 108.68653 | J47: =F47*PI()/200*G47*H47/I47 -> 0.0054089854 | K47: =J47*1000 -> 5.4089854
C48: K-2,4
C49: K-2,4 | D49: =Dane!D14-Dane!D15 -> 28.23902 | E49: =Dane!F14-Dane!F15 -> 28.23682 | F49: =E49-D49 -> -0.0022 | G49: =F16 -> 155.70701 | H49: =G51 -> 157.09835 | I49: =SQRT((Dane!J17-Dane!J16)^2+(Dane!K17-Dane!K16)^2) -> 68.823113 | J49: =F49*PI()/200*G49*H49/I49 -> -0.012282535 | K49: =J49*1000 -> -12.282535
C50: K-2,5
C51: K-2,5 | D51: =Dane!D15-Dane!D16 -> 45.67472 | E51: =Dane!F15-Dane!F16+400 -> 45.67304 | F51: =E51-D51 -> -0.00168 | G51: =G16 -> 157.09835 | H51: =G53 -> 188.81068 | I51: =SQRT((Dane!J18-Dane!J17)^2+(Dane!K18-Dane!K17)^2) -> 125.01968 | J51: =F51*PI()/200*G51*H51/I51 -> -0.0062610756 | K51: =J51*1000 -> -6.2610756
C52: K-2,6
C53: K-2,6 | D53: =Dane!D16-Dane!D11+400 -> 218.33328 | E53: =Dane!F16-Dane!F11 -> 218.34294 | F53: =E53-D53 -> 0.00966 | G53: =H16 -> 188.81068 | H53: =G43 -> 135.9044 | I53: =SQRT((Dane!J13-Dane!J18)^2+(Dane!K13-Dane!K18)^2) -> 321.4442 | J53: =F53*PI()/200*G53*H53/I53 -> 0.012112993 | K53: =J53*1000 -> 12.112993
C54: K-2,1
C55: K-2,1 | D55: =Dane!D11-Dane!D13 -> 63.43458 | E55: =Dane!F11-Dane!F13 -> 63.42732 | F55: =E55-D55 -> -0.00726 | G55: =C16 -> 135.9044 | H55: =H45 -> 162.4059 | I55: =SQRT((Dane!J15-Dane!J13)^2+(Dane!K15-Dane!K13)^2) -> 144.43834 | J55: =F55*PI()/200*G55*H55/I55 -> -0.017426466 | K55: =J55*1000 -> -17.426466
C56: K-2,3
C57: K-2,1 | D57: =Dane!D11-Dane!D14 -> 107.75298 | E57: =Dane!F11-Dane!F14 -> 107.7472 | F57: =E57-D57 -> -0.00578 | G57: =C16 -> 135.9044 | H57: =H47 -> 155.70701 | I57: =SQRT((Dane!J16-Dane!J13)^2+(Dane!K16-Dane!K13)^2) -> 218.75984 | J57: =F57*PI()/200*G57*H57/I57 -> -0.0087825732 | K57: =J57*1000 -> -8.7825732
C58: K-2,4
C59: K-2,1 | D59: =Dane!D11-Dane!D15 -> 135.992 | E59: =Dane!F11-Dane!F15 -> 135.98402 | F59: =E59-D59 -> -0.00798 | G59: =C16 -> 135.9044 | H59: =H49 -> 157.09835 | I59: =SQRT((Dane!J17-Dane!J13)^2+(Dane!K17-Dane!K13)^2) -> 256.95412 | J59: =F59*PI()/200*G59*H59/I59 -> -0.010415313 | K59: =J59*1000 -> -10.415313
C60: K-2,5
C61: K-2,2 | D61: =Dane!D12-Dane!D14 -> 84.23422 | E61: =Dane!F12-Dane!F14 -> 84.22822 | F61: =E61-D61 -> -0.006 | G61: =D16 -> 129.70017 | H61: =H57 -> 155.70701 | I61: =SQRT((Dane!J16-Dane!J14)^2+(Dane!K16-Dane!K14)^2) -> 176.54088 | J61: =F61*PI()/200*G61*H61/I61 -> -0.010781385 | K61: =J61*1000 -> -10.781385
C62: K-2,4
C63: K-2,2 | D63: =Dane!D12-Dane!D15 -> 112.47324 | E63: =Dane!F12-Dane!F15 -> 112.46504 | F63: =E63-D63 -> -0.0082 | G63: =D16 -> 129.70017 | H63: =H59 -> 157.09835 | I63: =SQRT((Dane!J17-Dane!J14)^2+(Dane!K17-Dane!K14)^2) -> 222.34233 | J63: =F63*PI()/200*G63*H63/I63 -> -0.011803852 | K63: =J63*1000 -> -11.803852
C64: K-2,5
C65: K-2,2 | D65: =Dane!D12-Dane!D16 -> 158.14796 | E65: =Dane!F12-Dane!F16+400 -> 158.13808 | F65: =E65-D65 -> -0.00988 | G65: =D16 -> 129.70017 | H65: =H51 -> 188.81068 | I65: =SQRT((Dane!J18-Dane!J14)^2+(Dane!K18-Dane!K14)^2) -> 302.06206 | J65: =F65*PI()/200*G65*H65/I65 -> -0.012581945 | K65: =J65*1000 -> -12.581945
C66: K-2,6
C67: K-2,3 | D67: =Dane!D13-Dane!D15 -> 72.55742 | E67: =Dane!F13-Dane!F15 -> 72.5567 | F67: =E67-D67 -> -0.00072 | G67: =E16 -> 162.4059 | H67: =H63 -> 157.09835 | I67: =SQRT((Dane!J17-Dane!J15)^2+(Dane!K17-Dane!K15)^2) -> 172.43561 | J67: =F67*PI()/200*G67*H67/I67 -> -0.0016733964 | K67: =J67*1000 -> -1.6733964
C68: K-2,5
C69: K-2,3 | D69: =Dane!D13-Dane!D16 -> 118.23214 | E69: =Dane!F13-Dane!F16+400 -> 118.22974 | F69: =E69-D69 -> -0.0024 | G69: =E16 -> 162.4059 | H69: =H65 -> 188.81068 | I69: =SQRT((Dane!J18-Dane!J15)^2+(Dane!K18-Dane!K15)^2) -> 281.68979 | J69: =F69*PI()/200*G69*H69/I69 -> -0.0041038207 | K69: =J69*1000 -> -4.1038207
C70: K-2,6
C71: K-2,4 | D71: =Dane!D14-Dane!D16 -> 73.91374 | E71: =Dane!F14-Dane!F16+400 -> 73.90986 | F71: =E71-D71 -> -0.00388 | G71: =F16 -> 155.70701 | H71: =H69 -> 188.81068 | I71: =SQRT((Dane!J18-Dane!J16)^2+(Dane!K18-Dane!K16)^2) -> 190.96931 | J71: =F71*PI()/200*G71*H71/I71 -> -0.0093825901 | K71: =J71*1000 -> -9.3825901
C72: K-2,6

Sheet Metoda analityczna
A2: Stałe | B2: wartość | C2: jedn. | E2: Wniosek z grafiki | F2: K-2,3 podejrzany | I2: Dane St.2 i współczynniki A
A3: σk | B3: 2.5 | C3: cc | E3: k | F3: 2.5 | I3: Pkt | J3: X | K3: Y | L3: k [g] | M3: k' [g] | N3: l [cc] | O3: a | P3: b | Q3: status | R3: uwagi
A4: σk' | B4: 2 | C4: cc | E4: σl | F4: 3.201562 | G4: cc
I5: K-2,1 | J5: 71.35 | K5: 106.09 | L5: 351.41482 | M5: 168.45464 | N5: 0 | O5: -0.351847 | P5: 0.309245 | Q5: stały/kontrolny
I6: K-2,2 | J6: 46.047 | K6: 148.238 | L6: 327.89606 | M6: 144.93566 | N6: -2.2 | O6: -0.226808 | P6: 0.435295 | Q6: stały/kontrolny
I7: K-2,3 | J7: 0.408 | K7: 231.906 | L7: 287.98024 | M7: 105.02732 | N7: 72.6 | O7: 0.057291 | P7: 0.387784 | Q7: podejrzany | R7: z grafiki
I8: K-2,4 | J8: 57.469 | K8: 324.409 | L8: 243.66184 | M8: 60.70744 | N8: 57.8 | O8: 0.305222 | P8: 0.272037 | Q8: stały/kontrolny
I9: K-2,5 | J9: 116.992 | K9: 358.958 | L9: 215.42282 | M9: 32.47062 | N9: 79.8 | O9: 0.388959 | P9: 0.1137 | Q9: stały/kontrolny
I10: K-2,6 | J10: 240.304 | K10: 379.551 | L10: 169.7481 | M10: 386.79758 | N10: 96.6 | O10: 0.306048 | P10: -0.141494 | Q10: stały/kontrolny
A11: Identyfikacja
A12: Nr | B12: Punkt | C12: A: -1 | D12: A: a | E12: A: b | G12: Aᵀ r1 | H12: Aᵀ r2 | I12: Aᵀ r3 | K12: AᵀA 1 | L12: AᵀA 2 | M12: AᵀA 3 | O12: det(AᵀA) | P12: ocena
A13: 1 | B13: K-2,1 | C13: -1 | D13: -0.351847 | E13: 0.309245 | G13: -1 | H13: -1 | I13: -1 | K13: 3 | L13: 0.521364 | M13: -1.132324
B14: K-2,2 | C14: -1 | D14: -0.226808 | E14: 0.435295 | G14: -0.351847 | H14: -0.226808 | I14: 0.057291 | K14: 0.521364 | L14: 0.17852 | M14: -0.185319 | O14: 0.001743 | P14: zawiera K-2,3
B15: K-2,3 | C15: -1 | D15: 0.057291 | E15: 0.387784 | G15: 0.309245 | H15: 0.435295 | I15: 0.387784 | K15: -1.132324 | L15: -0.185319 | M15: 0.435491
A16: 2 | B16: K-2,1 | C16: -1 | D16: -0.351847 | E16: 0.309245 | G16: -1 | H16: -1 | I16: -1 | K16: 3 | L16: 0.273433 | M16: -1.016577
B17: K-2,2 | C17: -1 | D17: -0.226808 | E17: 0.435295 | G17: -0.351847 | H17: -0.226808 | I17: 0.305222 | K17: 0.273433 | L17: 0.268399 | M17: -0.124504 | O17: 0.007652 | P17: bez K-2,3
B18: K-2,4 | C18: -1 | D18: 0.305222 | E18: 0.272037 | G18: 0.309245 | H18: 0.435295 | I18: 0.272037 | K18: -1.016577 | L18: -0.124504 | M18: 0.359118
A19: 3 | B19: K-2,1 | C19: -1 | D19: -0.351847 | E19: 0.309245 | G19: -1 | H19: -1 | I19: -1 | K19: 3 | L19: 0.189696 | M19: -0.85824
B20: K-2,2 | C20: -1 | D20: -0.226808 | E20: 0.435295 | G20: -0.351847 | H20: -0.226808 | I20: 0.388959 | K20: 0.189696 | L20: 0.326527 | M20: -0.163311 | O20: 0.013884 | P20: bez K-2,3
B21: K-2,5 | C21: -1 | D21: 0.388959 | E21: 0.1137 | G21: 0.309245 | H21: 0.435295 | I21: 0.1137 | K21: -0.85824 | L21: -0.163311 | M21: 0.298042
A22: 4 | B22: K-2,1 | C22: -1 | D22: -0.351847 | E22: 0.309245 | G22: -1 | H22: -1 | I22: -1 | K22: 3 | L22: 0.272607 | M22: -0.603046
B23: K-2,2 | C23: -1 | D23: -0.226808 | E23: 0.435295 | G23: -0.351847 | H23: -0.226808 | I23: 0.306048 | K23: 0.272607 | L23: 0.268904 | M23: -0.250839 | O23: 0.019401 | P23: bez K-2,3
B24: K-2,6 | C24: -1 | D24: 0.306048 | E24: -0.141494 | G24: 0.309245 | H24: 0.435295 | I24: -0.141494 | K24: -0.603046 | L24: -0.250839 | M24: 0.305135
A25: 5 | B25: K-2,1 | C25: -1 | D25: -0.351847 | E25: 0.309245 | G25: -1 | H25: -1 | I25: -1 | K25: 3 | L25: -0.010666 | M25: -0.969066
B26: K-2,3 | C26: -1 | D26: 0.057291 | E26: 0.387784 | G26: -0.351847 | H26: 0.057291 | I26: 0.305222 | K26: -0.010666 | L26: 0.220239 | M26: -0.003559 | O26: 0.004466 | P26: zawiera K-2,3
B27: K-2,4 | C27: -1 | D27: 0.305222 | E27: 0.272037 | G27: 0.309245 | H27: 0.387784 | I27: 0.272037 | K27: -0.969066 | L27: -0.003559 | M27: 0.320013
A28: 6 | B28: K-2,1 | C28: -1 | D28: -0.351847 | E28: 0.309245 | G28: -1 | H28: -1 | I28: -1 | K28: 3 | L28: -0.094403 | M28: -0.810728
B29: K-2,3 | C29: -1 | D29: 0.057291 | E29: 0.387784 | G29: -0.351847 | H29: 0.057291 | I29: 0.388959 | K29: -0.094403 | L29: 0.278368 | M29: -0.042366 | O29: 0.019096 | P29: zawiera K-2,3
B30: K-2,5 | C30: -1 | D30: 0.388959 | E30: 0.1137 | G30: 0.309245 | H30: 0.387784 | I30: 0.1137 | K30: -0.810728 | L30: -0.042366 | M30: 0.258936
A31: 7 | B31: K-2,1 | C31: -1 | D31: -0.351847 | E31: 0.309245 | G31: -1 | H31: -1 | I31: -1 | K31: 3 | L31: -0.011492 | M31: -0.555535
B32: K-2,3 | C32: -1 | D32: 0.057291 | E32: 0.387784 | G32: -0.351847 | H32: 0.057291 | I32: 0.306048 | K32: -0.011492 | L32: 0.220744 | M32: -0.129895 | O32: 0.055736 | P32: zawiera K-2,3
B33: K-2,6 | C33: -1 | D33: 0.306048 | E33: -0.141494 | G33: 0.309245 | H33: 0.387784 | I33: -0.141494 | K33: -0.555535 | L33: -0.129895 | M33: 0.266029
A34: 8 | B34: K-2,1 | C34: -1 | D34: -0.351847 | E34: 0.309245 | G34: -1 | H34: -1 | I34: -1 | K34: 3 | L34: -0.342334 | M34: -0.694981
B35: K-2,4 | C35: -1 | D35: 0.305222 | E35: 0.272037 | G35: -0.351847 | H35: 0.305222 | I35: 0.388959 | K35: -0.342334 | L35: 0.368246 | M35: 0.018449 | O35: 0.010185 | P35: bez K-2,3
B36: K-2,5 | C36: -1 | D36: 0.388959 | E36: 0.1137 | G36: 0.309245 | H36: 0.272037 | I36: 0.1137 | K36: -0.694981 | L36: 0.018449 | M36: 0.182564
A37: 9 | B37: K-2,1 | C37: -1 | D37: -0.351847 | E37: 0.309245 | G37: -1 | H37: -1 | I37: -1 | K37: 3 | L37: -0.259423 | M37: -0.439788
B38: K-2,4 | C38: -1 | D38: 0.305222 | E38: 0.272037 | G38: -0.351847 | H38: 0.305222 | I38: 0.306048 | K38: -0.259423 | L38: 0.310622 | M38: -0.069079 | O38: 0.073814 | P38: bez K-2,3
B39: K-2,6 | C39: -1 | D39: 0.306048 | E39: -0.141494 | G39: 0.309245 | H39: 0.272037 | I39: -0.141494 | K39: -0.439788 | L39: -0.069079 | M39: 0.189657
A40: 10 | B40: K-2,1 | C40: -1 | D40: -0.351847 | E40: 0.309245 | G40: -1 | H40: -1 | I40: -1 | K40: 3 | L40: -0.34316 | M40: -0.28145
B41: K-2,5 | C41: -1 | D41: 0.388959 | E41: 0.1137 | G41: -0.351847 | H41: 0.388959 | I41: 0.306048 | K41: -0.34316 | L41: 0.368751 | M41: -0.107886 | O41: 0.042132 | P41: bez K-2,3
B42: K-2,6 | C42: -1 | D42: 0.306048 | E42: -0.141494 | G42: 0.309245 | H42: 0.1137 | I42: -0.141494 | K42: -0.28145 | L42: -0.107886 | M42: 0.128581
A43: 11 | B43: K-2,2 | C43: -1 | D43: -0.226808 | E43: 0.435295 | G43: -1 | H43: -1 | I43: -1 | K43: 3 | L43: -0.135705 | M43: -1.095116
B44: K-2,3 | C44: -1 | D44: 0.057291 | E44: 0.387784 | G44: -0.226808 | H44: 0.057291 | I44: 0.305222 | K44: -0.135705 | L44: 0.147884 | M44: 0.00652 | O44: 0.000445 | P44: zawiera K-2,3
B45: K-2,4 | C45: -1 | D45: 0.305222 | E45: 0.272037 | G45: 0.435295 | H45: 0.387784 | I45: 0.272037 | K45: -1.095116 | L45: 0.00652 | M45: 0.413862
A46: 12 | B46: K-2,2 | C46: -1 | D46: -0.226808 | E46: 0.435295 | G46: -1 | H46: -1 | I46: -1 | K46: 3 | L46: -0.219442 | M46: -0.936779
B47: K-2,3 | C47: -1 | D47: 0.057291 | E47: 0.387784 | G47: -0.226808 | H47: 0.057291 | I47: 0.388959 | K47: -0.219442 | L47: 0.206013 | M47: -0.032287 | O47: 0.003858 | P47: zawiera K-2,3
B48: K-2,5 | C48: -1 | D48: 0.388959 | E48: 0.1137 | G48: 0.435295 | H48: 0.387784 | I48: 0.1137 | K48: -0.936779 | L48: -0.032287 | M48: 0.352786
A49: 13 | B49: K-2,2 | C49: -1 | D49: -0.226808 | E49: 0.435295 | G49: -1 | H49: -1 | I49: -1 | K49: 3 | L49: -0.136531 | M49: -0.681585
B50: K-2,3 | C50: -1 | D50: 0.057291 | E50: 0.387784 | G50: -0.226808 | H50: 0.057291 | I50: 0.306048 | K50: -0.136531 | L50: 0.148389 | M50: -0.119816 | O50: 0.019196 | P50: zawiera K-2,3
B51: K-2,6 | C51: -1 | D51: 0.306048 | E51: -0.141494 | G51: 0.435295 | H51: 0.387784 | I51: -0.141494 | K51: -0.681585 | L51: -0.119816 | M51: 0.359879
A52: 14 | B52: K-2,2 | C52: -1 | D52: -0.226808 | E52: 0.435295 | G52: -1 | H52: -1 | I52: -1 | K52: 3 | L52: -0.467373 | M52: -0.821032
B53: K-2,4 | C53: -1 | D53: 0.305222 | E53: 0.272037 | G53: -0.226808 | H53: 0.305222 | I53: 0.388959 | K53: -0.467373 | L53: 0.295891 | M53: 0.028528 | O53: 0.00498 | P53: bez K-2,3
B54: K-2,5 | C54: -1 | D54: 0.388959 | E54: 0.1137 | G54: 0.435295 | H54: 0.272037 | I54: 0.1137 | K54: -0.821032 | L54: 0.028528 | M54: 0.276414
A55: 15 | B55: K-2,2 | C55: -1 | D55: -0.226808 | E55: 0.435295 | G55: -1 | H55: -1 | I55: -1 | K55: 3 | L55: -0.384462 | M55: -0.565838
B56: K-2,4 | C56: -1 | D56: 0.305222 | E56: 0.272037 | G56: -0.226808 | H56: 0.305222 | I56: 0.306048 | K56: -0.384462 | L56: 0.238268 | M56: -0.059001 | O56: 0.048345 | P56: bez K-2,3
B57: K-2,6 | C57: -1 | D57: 0.306048 | E57: -0.141494 | G57: 0.435295 | H57: 0.272037 | I57: -0.141494 | K57: -0.565838 | L57: -0.059001 | M57: 0.283507
A58: 16 | B58: K-2,2 | C58: -1 | D58: -0.226808 | E58: 0.435295 | G58: -1 | H58: -1 | I58: -1 | K58: 3 | L58: -0.468199 | M58: -0.407501
B59: K-2,5 | C59: -1 | D59: 0.388959 | E59: 0.1137 | G59: -0.226808 | H59: 0.388959 | I59: 0.306048 | K59: -0.468199 | L59: 0.296396 | M59: -0.097808 | O59: 0.033784 | P59: bez K-2,3
B60: K-2,6 | C60: -1 | D60: 0.306048 | E60: -0.141494 | G60: 0.435295 | H60: 0.1137 | I60: -0.141494 | K60: -0.407501 | L60: -0.097808 | M60: 0.22243
A61: 17 | B61: K-2,3 | C61: -1 | D61: 0.057291 | E61: 0.387784 | G61: -1 | H61: -1 | I61: -1 | K61: 3 | L61: -0.751472 | M61: -0.773521
B62: K-2,4 | C62: -1 | D62: 0.305222 | E62: 0.272037 | G62: 0.057291 | H62: 0.305222 | I62: 0.388959 | K62: -0.751472 | L62: 0.247732 | M62: 0.149473 | O62: 0.000874 | P62: zawiera K-2,3
B63: K-2,5 | C63: -1 | D63: 0.388959 | E63: 0.1137 | G63: 0.387784 | H63: 0.272037 | I63: 0.1137 | K63: -0.773521 | L63: 0.149473 | M63: 0.237308
A64: 18 | B64: K-2,3 | C64: -1 | D64: 0.057291 | E64: 0.387784 | G64: -1 | H64: -1 | I64: -1 | K64: 3 | L64: -0.668561 | M64: -0.518327
B65: K-2,4 | C65: -1 | D65: 0.305222 | E65: 0.272037 | G65: 0.057291 | H65: 0.305222 | I65: 0.306048 | K65: -0.668561 | L65: 0.190108 | M65: 0.061944 | O65: 0.010492 | P65: zawiera K-2,3
B66: K-2,6 | C66: -1 | D66: 0.306048 | E66: -0.141494 | G66: 0.387784 | H66: 0.272037 | I66: -0.141494 | K66: -0.518327 | L66: 0.061944 | M66: 0.244401
A67: 19 | B67: K-2,3 | C67: -1 | D67: 0.057291 | E67: 0.387784 | G67: -1 | H67: -1 | I67: -1 | K67: 3 | L67: -0.752298 | M67: -0.359989
B68: K-2,5 | C68: -1 | D68: 0.388959 | E68: 0.1137 | G68: 0.057291 | H68: 0.388959 | I68: 0.306048 | K68: -0.752298 | L68: 0.248237 | M68: 0.023137 | O68: 0.011527 | P68: zawiera K-2,3
B69: K-2,6 | C69: -1 | D69: 0.306048 | E69: -0.141494 | G69: 0.387784 | H69: 0.1137 | I69: -0.141494 | K69: -0.359989 | L69: 0.023137 | M69: 0.183325
A70: 20 | B70: K-2,4 | C70: -1 | D70: 0.305222 | E70: 0.272037 | G70: -1 | H70: -1 | I70: -1 | K70: 3 | L70: -1.000229 | M70: -0.244242
B71: K-2,5 | C71: -1 | D71: 0.388959 | E71: 0.1137 | G71: 0.305222 | H71: 0.388959 | I71: 0.306048 | K71: -1.000229 | L71: 0.338115 | M71: 0.083952 | O71: 0.00119 | P71: bez K-2,3
B72: K-2,6 | C72: -1 | D72: 0.306048 | E72: -0.141494 | G72: 0.272037 | H72: 0.1137 | I72: -0.141494 | K72: -0.244242 | L72: 0.083952 | M72: 0.106952
A74: OPRACOWANIE WYBRANEJ BAZY ROBOCZEJ
A75: Baza robocza | B75: K-2,1; K-2,4; K-2,6 | E75: det(AᵀA) | F75: 0.073814
A76: Punkt kontrolny | B76: Zs [cc] | C76: a | D76: b | E76: l [cc] | F76: ε [cc] | G76: Δlie | H76: Δεie | I76: q | J76: δq | K76: KRYT |q|/(kσ) | L76: speł. kryt. | N76: Aᵀ | Q76: AᵀA
A77: K-2,1 | B77: -1 | C77: -0.351847 | D77: 0.309245 | E77: 0 | F77: -58.048767 | G77: X | H77: X | I77: X | J77: X | K77: X | L77: X | N77: -1 | O77: -1 | P77: -1 | R77: 3 | S77: -0.259423
A78: K-2,4 | B78: -1 | C78: 0.305222 | D78: 0.272037 | E78: 57.8 | F78: -0.248767 | G78: X | H78: X | I78: X | J78: X | K78: X | L78: X | N78: -0.351847 | O78: 0.305222 | P78: 0.306048 | R78: -0.259423 | S78: 0.310622
A79: K-2,6 | B79: -1 | C79: 0.306048 | D79: -0.141494 | E79: 96.6 | F79: 38.551233 | G79: X | H79: X | I79: X | J79: X | K79: X | L79: X | N79: 0.309245 | O79: 0.272037 | P79: -0.141494 | R79: -0.439788 | S79: -0.069079
A80: K-2,2 | B80: -1 | C80: -0.226808 | D80: 0.435295 | E80: -2.2 | F80: -59.51867 | I80: 0.730097 | J80: 4.551924 | K80: 0.064157 | L80: SPEŁNIA
A81: K-2,3 | B81: -1 | C81: 0.057291 | D81: 0.387784 | E81: 72.6 | F81: -31.584394 | I81: -46.135627 | J81: 4.479595 | K81: 4.119625 | L81: NIE SPEŁNIA
A82: K-2,5 | B82: -1 | C82: 0.388959 | D82: 0.1137 | E82: 79.8 | F82: 21.503176 | I82: -0.248057 | J82: 4.204786 | K82: 0.023598 | L82: SPEŁNIA
A84: Parametry z bazy roboczej | B84: Zs [cc] | C84: -58.048767 | D84: ΔXs | E84: 82.662653 | F84: ΔYs | G84: -93.660901
A86: Przyjęte punkty stałe | B86: K-2,1, K-2,2, K-2,4, K-2,5, K-2,6 | C86: Punkt pominięty | D86: K-2,3
A87: zs [cc] | B87: ΔXs | C87: ΔYs | D87: vTv | E87: f | F87: σ0 | G87: (σ0/σl)^2 | H87: χ²/f | I87: wynik
A88: -58.037372 | B88: 83.040279 | C88: -94.25179 | D88: 0.31899 | E88: 2 | F88: 0.399368 | G88: 0.015561 | H88: 2.995732 | I88: SPEŁNIA
A89: Poprawki v [cc] | B89: K-2,1: -0.327 | C89: K-2,2: 0.376 | D89: K-2,4: -0.057 | E89: K-2,5: -0.180 | F89: K-2,6: 0.188
A91: WNIOSEK | B91: Metoda analityczna potwierdza wniosek z metody graficznej: K-2,3 nie spełnia kryterium. Po jego pominięciu test globalny dla bazy właściwej jest spełniony.

Sheet Wartości przemieszczeń
B1: WARTOŚCI PRZEMIESZCZEŃ – NASZE DANE / FORMUŁY
C2: Współrzędne przybliżone | E2: Stała orientacyjna przemieszczenia | H2: Różnice kierunków l | K2: Błąd średni
B3: St | C3: Xs [m] | D3: Ys [m] | E3: Zs [g] | F3: ∆Xs [m] | G3: ∆Ys [m] | H3: l1 | I3: l2 | J3: l3 | K3: σlq [g]
B4: 1 | C4: =Dane!J11 -> 184.51 | D4: =Dane!K11 -> 152.15 | E4: =Dane!C27/10000 -> 0.000875 | F4: =Dane!D27/1000 -> -0.00552 | G4: =Dane!E27/1000 -> 0.00345 | H4: =Dane!F8-Dane!D8 -> 0.00582 | I4: =Dane!F9-Dane!D9 -> 0.0048 | J4: =Dane!F10-Dane!D10 -> -0.00938 | K4: =SQRT(Dane!E8^2+Dane!G8^2)/10000 -> 0.00025
B5: 2 | C5: =Dane!J12 -> 161.07 | D5: =Dane!K12 -> 208.17 | E5: ='Metoda analityczna'!A93 -> 0 | F5: ='Metoda analityczna'!B93 -> 0 | G5: ='Metoda analityczna'!C93 -> 0 | H5: ='Wyr. wst. i met. analit.-graf.'!F9 -> 0.01864 | I5: ='Wyr. wst. i met. analit.-graf.'!F10 -> 0.02576 | J5: ='Wyr. wst. i met. analit.-graf.'!F11 -> 0.0143 | K5: =SQRT(Dane!E11^2+Dane!G11^2)/10000 -> 0.00032015621 | L5: S2: Metoda analityczna - nasze, wiersz 98 (K-2,3 pominięty)
B6: 3 | C6: =Dane!J19 -> 170.41 | D6: =Dane!K19 -> 276.097 | E6: =Dane!C28/10000 -> -0.001289 | F6: =Dane!D28/1000 -> -0.00491 | G6: =Dane!E28/1000 -> -0.00337 | H6: =Dane!F20-Dane!D20 -> 0.00216 | I6: =Dane!F21-Dane!D21 -> 0.00592 | J6: =Dane!F22-Dane!D22 -> 0.01582 | K6: =SQRT(Dane!E20^2+Dane!G20^2)/10000 -> 0.00028284271
C8: Współrzędne przybliżone | F8: Współczynnik c | K8: Współczynnik d
C9: X | D9: Y | F9: St\Pkt | G9: P1 | H9: P2 | I9: P3 | K9: St\Pkt | L9: P1 | M9: P2 | N9: P3
B10: P1 | C10: =Dane!J8 -> 231.25 | D10: =Dane!K8 -> 199.36 | F10: 1 | G10: =-((D$10-D4)/((C$10-C4)^2+(D$10-D4)^2))*200/PI() -> -0.68098835 | H10: =-((D$11-D4)/((C$11-C4)^2+(D$11-D4)^2))*200/PI() -> -0.63596223 | I10: =-((D$12-D4)/((C$12-C4)^2+(D$12-D4)^2))*200/PI() -> -0.51937523 | K10: 1 | L10: =((C$10-C4)/((C$10-C4)^2+(D$10-D4)^2))*200/PI() -> 0.67420876 | M10: =((C$11-C4)/((C$11-C4)^2+(D$11-D4)^2))*200/PI() -> 0.43077127 | N10: =((C$12-C4)/((C$12-C4)^2+(D$12-D4)^2))*200/PI() -> 0.23956934
B11: P2 | C11: =Dane!J9 -> 230.99 | D11: =Dane!K9 -> 220.77 | F11: 2 | G11: =-((D$10-D5)/((C$10-C5)^2+(D$10-D5)^2))*200/PI() -> 0.11210854 | H11: =-((D$11-D5)/((C$11-C5)^2+(D$11-D5)^2))*200/PI() -> -0.15891637 | I11: =-((D$12-D5)/((C$12-C5)^2+(D$12-D5)^2))*200/PI() -> -0.41337718 | K11: 2 | L11: =((C$10-C5)/((C$10-C5)^2+(D$10-D5)^2))*200/PI() -> 0.89305074 | M11: =((C$11-C5)/((C$11-C5)^2+(D$11-D5)^2))*200/PI() -> 0.88185971 | N11: =((C$12-C5)/((C$12-C5)^2+(D$12-D5)^2))*200/PI() -> 0.64286804
B12: P3 | C12: =Dane!J10 -> 231.13 | D12: =Dane!K10 -> 253.22 | F12: 3 | G12: =-((D$10-D6)/((C$10-C6)^2+(D$10-D6)^2))*200/PI() -> 0.5094048 | H12: =-((D$11-D6)/((C$11-C6)^2+(D$11-D6)^2))*200/PI() -> 0.5232832 | I12: =-((D$12-D6)/((C$12-C6)^2+(D$12-D6)^2))*200/PI() -> 0.34591443 | K12: 3 | L12: =((C$10-C6)/((C$10-C6)^2+(D$10-D6)^2))*200/PI() -> 0.40387542 | M12: =((C$11-C6)/((C$11-C6)^2+(D$11-D6)^2))*200/PI() -> 0.57296612 | N12: =((C$12-C6)/((C$12-C6)^2+(D$12-D6)^2))*200/PI() -> 0.91812406
D20: Macierz a
D21: ΔXP1 | E21: ΔYP1 | F21: ΔXP2 | G21: ΔYP2 | H21: ΔXP3 | I21: ΔYP3 | J21: -Zs+ε [g] | K21: K'- K [g] | L21: K'-K-Zs+ε [g] | M21: σlq [g] | N21: p
B22: P1 | C22: St 1 | D22: =G10 -> -0.68098835 | E22: =L10 -> 0.67420876 | F22: 0 | G22: 0 | H22: 0 | I22: 0 | J22: =-E4-G10*F4-L10*G4 -> -0.0069600759 | K22: =H4 -> 0.00582 | L22: =K22-J22 -> 0.012780076 | M22: =K4 -> 0.00025 | N22: =SQRT(1/M22^2) -> 4000
C23: St 2 | D23: =G11 -> 0.11210854 | E23: =L11 -> 0.89305074 | F23: 0 | G23: 0 | H23: 0 | I23: 0 | J23: =-E5-G11*F5-L11*G5 -> 0 | K23: =H5 -> 0.01864 | L23: =K23-J23 -> 0.01864 | M23: =K5 -> 0.00032015621 | N23: =SQRT(1/M23^2) -> 3123.4752
C24: St 3 | D24: =G12 -> 0.5094048 | E24: =L12 -> 0.40387542 | F24: 0 | G24: 0 | H24: 0 | I24: 0 | J24: =-E6-G12*F6-L12*G6 -> 0.0051512378 | K24: =H6 -> 0.00216 | L24: =K24-J24 -> -0.0029912378 | M24: =K6 -> 0.00028284271 | N24: =SQRT(1/M24^2) -> 3535.5339
B25: P2 | C25: St 1 | D25: 0 | E25: 0 | F25: =H10 -> -0.63596223 | G25: =M10 -> 0.43077127 | H25: 0 | I25: 0 | J25: =-E4-H10*F4-M10*G4 -> -0.0058716724 | K25: =I4 -> 0.0048 | L25: =K25-J25 -> 0.010671672 | M25: =K4 -> 0.00025 | N25: =SQRT(1/M25^2) -> 4000
C26: St 2 | D26: 0 | E26: 0 | F26: =H11 -> -0.15891637 | G26: =M11 -> 0.88185971 | H26: 0 | I26: 0 | J26: =-E5-H11*F5-M11*G5 -> 0 | K26: =I5 -> 0.02576 | L26: =K26-J26 -> 0.02576 | M26: =K5 -> 0.00032015621 | N26: =SQRT(1/M26^2) -> 3123.4752
C27: St 3 | D27: 0 | E27: 0 | F27: =H12 -> 0.5232832 | G27: =M12 -> 0.57296612 | H27: 0 | I27: 0 | J27: =-E6-H12*F6-M12*G6 -> 0.0057892163 | K27: =I6 -> 0.00592 | L27: =K27-J27 -> 0.00013078365 | M27: =K6 -> 0.00028284271 | N27: =SQRT(1/M27^2) -> 3535.5339
B28: P3 | C28: St 1 | D28: 0 | E28: 0 | F28: 0 | G28: 0 | H28: =I10 -> -0.51937523 | I28: =N10 -> 0.23956934 | J28: =-E4-I10*F4-N10*G4 -> -0.0045684655 | K28: =J4 -> -0.00938 | L28: =K28-J28 -> -0.0048115345 | M28: =K4 -> 0.00025 | N28: =SQRT(1/M28^2) -> 4000
C29: St 2 | D29: 0 | E29: 0 | F29: 0 | G29: 0 | H29: =I11 -> -0.41337718 | I29: =N11 -> 0.64286804 | J29: =-E5-I11*F5-N11*G5 -> 0 | K29: =J5 -> 0.0143 | L29: =K29-J29 -> 0.0143 | M29: =K5 -> 0.00032015621 | N29: =SQRT(1/M29^2) -> 3123.4752
C30: St 3 | D30: 0 | E30: 0 | F30: 0 | G30: 0 | H30: =I12 -> 0.34591443 | I30: =N12 -> 0.91812406 | J30: =-E6-I12*F6-N12*G6 -> 0.0060815179 | K30: =J6 -> 0.01582 | L30: =K30-J30 -> 0.0097384821 | M30: =K6 -> 0.00028284271 | N30: =SQRT(1/M30^2) -> 3535.5339
B32: A | I32: L | K32: AT
B33: ΔXP1 | C33: ΔYP1 | D33: ΔXP2 | E33: ΔYP2 | F33: ΔXP3 | G33: ΔYP3 | K33: =INDEX($B$34:$G$42,1,1) -> -2723.9534 | L33: =INDEX($B$34:$G$42,2,1) -> 350.16824 | M33: =INDEX($B$34:$G$42,3,1) -> 1801.018 | N33: =INDEX($B$34:$G$42,4,1) -> 0 | O33: =INDEX($B$34:$G$42,5,1) -> 0 | P33: =INDEX($B$34:$G$42,6,1) -> 0 | Q33: =INDEX($B$34:$G$42,7,1) -> 0 | R33: =INDEX($B$34:$G$42,8,1) -> 0 | S33: =INDEX($B$34:$G$42,9,1) -> 0
B34: =D22*N22 -> -2723.9534 | C34: =E22*N22 -> 2696.835 | D34: 0 | E34: 0 | F34: 0 | G34: 0 | I34: =L22*N22 -> 51.120304 | K34: =INDEX($B$34:$G$42,1,2) -> 2696.835 | L34: =INDEX($B$34:$G$42,2,2) -> 2789.4219 | M34: =INDEX($B$34:$G$42,3,2) -> 1427.9153 | N34: =INDEX($B$34:$G$42,4,2) -> 0 | O34: =INDEX($B$34:$G$42,5,2) -> 0 | P34: =INDEX($B$34:$G$42,6,2) -> 0 | Q34: =INDEX($B$34:$G$42,7,2) -> 0 | R34: =INDEX($B$34:$G$42,8,2) -> 0 | S34: =INDEX($B$34:$G$42,9,2) -> 0
B35: =D23*N23 -> 350.16824 | C35: =E23*N23 -> 2789.4219 | D35: 0 | E35: 0 | F35: 0 | G35: 0 | I35: =L23*N23 -> 58.221578 | K35: =INDEX($B$34:$G$42,1,3) -> 0 | L35: =INDEX($B$34:$G$42,2,3) -> 0 | M35: =INDEX($B$34:$G$42,3,3) -> 0 | N35: =INDEX($B$34:$G$42,4,3) -> -2543.8489 | O35: =INDEX($B$34:$G$42,5,3) -> -496.37134 | P35: =INDEX($B$34:$G$42,6,3) -> 1850.0855 | Q35: =INDEX($B$34:$G$42,7,3) -> 0 | R35: =INDEX($B$34:$G$42,8,3) -> 0 | S35: =INDEX($B$34:$G$42,9,3) -> 0
B36: =D24*N24 -> 1801.018 | C36: =E24*N24 -> 1427.9153 | D36: 0 | E36: 0 | F36: 0 | G36: 0 | I36: =L24*N24 -> -10.575623 | K36: =INDEX($B$34:$G$42,1,4) -> 0 | L36: =INDEX($B$34:$G$42,2,4) -> 0 | M36: =INDEX($B$34:$G$42,3,4) -> 0 | N36: =INDEX($B$34:$G$42,4,4) -> 1723.0851 | O36: =INDEX($B$34:$G$42,5,4) -> 2754.467 | P36: =INDEX($B$34:$G$42,6,4) -> 2025.7411 | Q36: =INDEX($B$34:$G$42,7,4) -> 0 | R36: =INDEX($B$34:$G$42,8,4) -> 0 | S36: =INDEX($B$34:$G$42,9,4) -> 0
B37: 0 | C37: 0 | D37: =F25*N25 -> -2543.8489 | E37: =G25*N25 -> 1723.0851 | F37: 0 | G37: 0 | I37: =L25*N25 -> 42.68669 | K37: =INDEX($B$34:$G$42,1,5) -> 0 | L37: =INDEX($B$34:$G$42,2,5) -> 0 | M37: =INDEX($B$34:$G$42,3,5) -> 0 | N37: =INDEX($B$34:$G$42,4,5) -> 0 | O37: =INDEX($B$34:$G$42,5,5) -> 0 | P37: =INDEX($B$34:$G$42,6,5) -> 0 | Q37: =INDEX($B$34:$G$42,7,5) -> -2077.5009 | R37: =INDEX($B$34:$G$42,8,5) -> -1291.1734 | S37: =INDEX($B$34:$G$42,9,5) -> 1222.9922
B38: 0 | C38: 0 | D38: =F26*N26 -> -496.37134 | E38: =G26*N26 -> 2754.467 | F38: 0 | G38: 0 | I38: =L26*N26 -> 80.460722 | K38: =INDEX($B$34:$G$42,1,6) -> 0 | L38: =INDEX($B$34:$G$42,2,6) -> 0 | M38: =INDEX($B$34:$G$42,3,6) -> 0 | N38: =INDEX($B$34:$G$42,4,6) -> 0 | O38: =INDEX($B$34:$G$42,5,6) -> 0 | P38: =INDEX($B$34:$G$42,6,6) -> 0 | Q38: =INDEX($B$34:$G$42,7,6) -> 958.27736 | R38: =INDEX($B$34:$G$42,8,6) -> 2007.9824 | S38: =INDEX($B$34:$G$42,9,6) -> 3246.0587
B39: 0 | C39: 0 | D39: =F27*N27 -> 1850.0855 | E39: =G27*N27 -> 2025.7411 | F39: 0 | G39: 0 | I39: =L27*N27 -> 0.46239004
B40: 0 | C40: 0 | D40: 0 | E40: 0 | F40: =H28*N28 -> -2077.5009 | G40: =I28*N28 -> 958.27736 | I40: =L28*N28 -> -19.246138
B41: 0 | C41: 0 | D41: 0 | E41: 0 | F41: =H29*N29 -> -1291.1734 | G41: =I29*N29 -> 2007.9824 | I41: =L29*N29 -> 44.665696
B42: 0 | C42: 0 | D42: 0 | E42: 0 | F42: =H30*N30 -> 1222.9922 | G42: =I30*N30 -> 3246.0587 | I42: =L30*N30 -> 34.430734 | K42: ATA | R42: ATL
K43: =K33*B34+L33*B35+M33*B36+N33*B37+O33*B38+P33*B39+Q33*B40+R33*B41+S33*B42 -> 10786206 | L43: =K33*C34+L33*C35+M33*C36+N33*C37+O33*C38+P33*C39+Q33*C40+R33*C41+S33*C42 -> -3797585 | M43: =K33*D34+L33*D35+M33*D36+N33*D37+O33*D38+P33*D39+Q33*D40+R33*D41+S33*D42 -> 0 | N43: =K33*E34+L33*E35+M33*E36+N33*E37+O33*E38+P33*E39+Q33*E40+R33*E41+S33*E42 -> 0 | O43: =K33*F34+L33*F35+M33*F36+N33*F37+O33*F38+P33*F39+Q33*F40+R33*F41+S33*F42 -> 0 | P43: =K33*G34+L33*G35+M33*G36+N33*G37+O33*G38+P33*G39+Q33*G40+R33*G41+S33*G42 -> 0 | R43: =K33*I34+L33*I35+M33*I36+N33*I37+O33*I38+P33*I39+Q33*I40+R33*I41+S33*I42 -> -137908.86
K44: =K34*B34+L34*B35+M34*B36+N34*B37+O34*B38+P34*B39+Q34*B40+R34*B41+S34*B42 -> -3797585 | L44: =K34*C34+L34*C35+M34*C36+N34*C37+O34*C38+P34*C39+Q34*C40+R34*C41+S34*C42 -> 17092736 | M44: =K34*D34+L34*D35+M34*D36+N34*D37+O34*D38+P34*D39+Q34*D40+R34*D41+S34*D42 -> 0 | N44: =K34*E34+L34*E35+M34*E36+N34*E37+O34*E38+P34*E39+Q34*E40+R34*E41+S34*E42 -> 0 | O44: =K34*F34+L34*F35+M34*F36+N34*F37+O34*F38+P34*F39+Q34*F40+R34*F41+S34*F42 -> 0 | P44: =K34*G34+L34*G35+M34*G36+N34*G37+O34*G38+P34*G39+Q34*G40+R34*G41+S34*G42 -> 0 | R44: =K34*I34+L34*I35+M34*I36+N34*I37+O34*I38+P34*I39+Q34*I40+R34*I41+S34*I42 -> 285166.48
K45: =K35*B34+L35*B35+M35*B36+N35*B37+O35*B38+P35*B39+Q35*B40+R35*B41+S35*B42 -> 0 | L45: =K35*C34+L35*C35+M35*C36+N35*C37+O35*C38+P35*C39+Q35*C40+R35*C41+S35*C42 -> 0 | M45: =K35*D34+L35*D35+M35*D36+N35*D37+O35*D38+P35*D39+Q35*D40+R35*D41+S35*D42 -> 10140368 | N45: =K35*E34+L35*E35+M35*E36+N35*E37+O35*E38+P35*E39+Q35*E40+R35*E41+S35*E42 -> -2002712.3 | O45: =K35*F34+L35*F35+M35*F36+N35*F37+O35*F38+P35*F39+Q35*F40+R35*F41+S35*F42 -> 0 | P45: =K35*G34+L35*G35+M35*G36+N35*G37+O35*G38+P35*G39+Q35*G40+R35*G41+S35*G42 -> 0 | R45: =K35*I34+L35*I35+M35*I36+N35*I37+O35*I38+P35*I39+Q35*I40+R35*I41+S35*I42 -> -147671.43
B46: (ATA)^-1 | K46: =K36*B34+L36*B35+M36*B36+N36*B37+O36*B38+P36*B39+Q36*B40+R36*B41+S36*B42 -> 0 | L46: =K36*C34+L36*C35+M36*C36+N36*C37+O36*C38+P36*C39+Q36*C40+R36*C41+S36*C42 -> 0 | M46: =K36*D34+L36*D35+M36*D36+N36*D37+O36*D38+P36*D39+Q36*D40+R36*D41+S36*D42 -> -2002712.3 | N46: =K36*E34+L36*E35+M36*E36+N36*E37+O36*E38+P36*E39+Q36*E40+R36*E41+S36*E42 -> 14659738 | O46: =K36*F34+L36*F35+M36*F36+N36*F37+O36*F38+P36*F39+Q36*F40+R36*F41+S36*F42 -> 0 | P46: =K36*G34+L36*G35+M36*G36+N36*G37+O36*G38+P36*G39+Q36*G40+R36*G41+S36*G42 -> 0 | R46: =K36*I34+L36*I35+M36*I36+N36*I37+O36*I38+P36*I39+Q36*I40+R36*I41+S36*I42 -> 296115.88
B47: =INDEX(MINVERSE($K$43:$P$48),1,1) -> 1.0057857e-07 | C47: =INDEX(MINVERSE($K$43:$P$48),1,2) -> 2.2346082e-08 | D47: =INDEX(MINVERSE($K$43:$P$48),1,3) -> 0 | E47: =INDEX(MINVERSE($K$43:$P$48),1,4) -> 0 | F47: =INDEX(MINVERSE($K$43:$P$48),1,5) -> 0 | G47: =INDEX(MINVERSE($K$43:$P$48),1,6) -> 0 | K47: =K37*B34+L37*B35+M37*B36+N37*B37+O37*B38+P37*B39+Q37*B40+R37*B41+S37*B42 -> 0 | L47: =K37*C34+L37*C35+M37*C36+N37*C37+O37*C38+P37*C39+Q37*C40+R37*C41+S37*C42 -> 0 | M47: =K37*D34+L37*D35+M37*D36+N37*D37+O37*D38+P37*D39+Q37*D40+R37*D41+S37*D42 -> 0 | N47: =K37*E34+L37*E35+M37*E36+N37*E37+O37*E38+P37*E39+Q37*E40+R37*E41+S37*E42 -> 0 | O47: =K37*F34+L37*F35+M37*F36+N37*F37+O37*F38+P37*F39+Q37*F40+R37*F41+S37*F42 -> 7478848.7 | P47: =K37*G34+L37*G35+M37*G36+N37*G37+O37*G38+P37*G39+Q37*G40+R37*G41+S37*G42 -> -613571.09 | R47: =K37*I34+L37*I35+M37*I36+N37*I37+O37*I38+P37*I39+Q37*I40+R37*I41+S37*I42 -> 24421.23
B48: =INDEX(MINVERSE($K$43:$P$48),2,1) -> 2.2346082e-08 | C48: =INDEX(MINVERSE($K$43:$P$48),2,2) -> 6.3469135e-08 | D48: =INDEX(MINVERSE($K$43:$P$48),2,3) -> 0 | E48: =INDEX(MINVERSE($K$43:$P$48),2,4) -> 0 | F48: =INDEX(MINVERSE($K$43:$P$48),2,5) -> 0 | G48: =INDEX(MINVERSE($K$43:$P$48),2,6) -> 0 | K48: =K38*B34+L38*B35+M38*B36+N38*B37+O38*B38+P38*B39+Q38*B40+R38*B41+S38*B42 -> 0 | L48: =K38*C34+L38*C35+M38*C36+N38*C37+O38*C38+P38*C39+Q38*C40+R38*C41+S38*C42 -> 0 | M48: =K38*D34+L38*D35+M38*D36+N38*D37+O38*D38+P38*D39+Q38*D40+R38*D41+S38*D42 -> 0 | N48: =K38*E34+L38*E35+M38*E36+N38*E37+O38*E38+P38*E39+Q38*E40+R38*E41+S38*E42 -> 0 | O48: =K38*F34+L38*F35+M38*F36+N38*F37+O38*F38+P38*F39+Q38*F40+R38*F41+S38*F42 -> -613571.09 | P48: =K38*G34+L38*G35+M38*G36+N38*G37+O38*G38+P38*G39+Q38*G40+R38*G41+S38*G42 -> 15487186 | R48: =K38*I34+L38*I35+M38*I36+N38*I37+O38*I38+P38*I39+Q38*I40+R38*I41+S38*I42 -> 183008.98
B49: =INDEX(MINVERSE($K$43:$P$48),3,1) -> 0 | C49: =INDEX(MINVERSE($K$43:$P$48),3,2) -> 0 | D49: =INDEX(MINVERSE($K$43:$P$48),3,3) -> 1.0135027e-07 | E49: =INDEX(MINVERSE($K$43:$P$48),3,4) -> 1.3845776e-08 | F49: =INDEX(MINVERSE($K$43:$P$48),3,5) -> 0 | G49: =INDEX(MINVERSE($K$43:$P$48),3,6) -> 0
B50: =INDEX(MINVERSE($K$43:$P$48),4,1) -> 0 | C50: =INDEX(MINVERSE($K$43:$P$48),4,2) -> 0 | D50: =INDEX(MINVERSE($K$43:$P$48),4,3) -> 1.3845776e-08 | E50: =INDEX(MINVERSE($K$43:$P$48),4,4) -> 7.0105559e-08 | F50: =INDEX(MINVERSE($K$43:$P$48),4,5) -> 0 | G50: =INDEX(MINVERSE($K$43:$P$48),4,6) -> 0
B51: =INDEX(MINVERSE($K$43:$P$48),5,1) -> 0 | C51: =INDEX(MINVERSE($K$43:$P$48),5,2) -> 0 | D51: =INDEX(MINVERSE($K$43:$P$48),5,3) -> 0 | E51: =INDEX(MINVERSE($K$43:$P$48),5,4) -> 0 | F51: =INDEX(MINVERSE($K$43:$P$48),5,5) -> 1.3414643e-07 | G51: =INDEX(MINVERSE($K$43:$P$48),5,6) -> 5.3146112e-09
B52: =INDEX(MINVERSE($K$43:$P$48),6,1) -> 0 | C52: =INDEX(MINVERSE($K$43:$P$48),6,2) -> 0 | D52: =INDEX(MINVERSE($K$43:$P$48),6,3) -> 0 | E52: =INDEX(MINVERSE($K$43:$P$48),6,4) -> 0 | F52: =INDEX(MINVERSE($K$43:$P$48),6,5) -> 5.3146112e-09 | G52: =INDEX(MINVERSE($K$43:$P$48),6,6) -> 6.4780062e-08
T56: kontrola AᵀV
M57: Macierz a | T57: A | U57: =B34*C60+B35*C61+B36*C62+B37*C63+B38*C64+B39*C65+B40*C66+B41*C67+B42*C68 -> 7.2759576e-12
M58: ΔXP1 | N58: ΔYP1 | O58: ΔXP2 | P58: ΔYP2 | Q58: ΔXP3 | R58: ΔYP3 | S58: -Zs+ε [g] | U58: =C34*C60+C35*C61+C36*C62+C37*C63+C38*C64+C39*C65+C40*C66+C41*C67+C42*C68 -> 2.5465852e-11 | V58: σlq [g] | W58: v [cc]
C59: V | D59: V [cc] | K59: P1 | L59: St 1 | M59: =D22 -> -0.68098835 | N59: =E22 -> 0.67420876 | O59: =F22 -> 0 | P59: =G22 -> 0 | Q59: =H22 -> 0 | R59: =I22 -> 0 | S59: =J22 -> -0.0069600759 | U59: =D34*C60+D35*C61+D36*C62+D37*C63+D38*C64+D39*C65+D40*C66+D41*C67+D42*C68 -> -4.7293724e-11 | V59: =M22*10000 -> 2.5 | W59: =D60*10000 -> 24.511563
C60: =B34*I62+C34*I63+D34*I64+E34*I65+F34*I66+G34*I67-I34 -> 9.8046253 | D60: =C60*M22 -> 0.0024511563 | L60: St 2 | M60: =D23 -> 0.11210854 | N60: =E23 -> 0.89305074 | O60: =F23 -> 0 | P60: =G23 -> 0 | Q60: =H23 -> 0 | R60: =I23 -> 0 | S60: =J23 -> 0 | U60: =E34*C60+E35*C61+E36*C62+E37*C63+E38*C64+E39*C65+E40*C66+E41*C67+E42*C68 -> -2.1827873e-11 | V60: =M23*10000 -> 3.2015621 | W60: =D61*10000 -> -60.691946
C61: =B35*I62+C35*I63+D35*I64+E35*I65+F35*I66+G35*I67-I35 -> -18.956979 | D61: =C61*M23 -> -0.0060691946 | I61: X | L61: St 3 | M61: =D24 -> 0.5094048 | N61: =E24 -> 0.40387542 | O61: =F24 -> 0 | P61: =G24 -> 0 | Q61: =H24 -> 0 | R61: =I24 -> 0 | S61: =J24 -> 0.0051512378 | U61: =F34*C60+F35*C61+F36*C62+F37*C63+F38*C64+F39*C65+F40*C66+F41*C67+F42*C68 -> 0 | V61: =M24*10000 -> 2.8284271 | W61: =D62*10000 -> 52.367742
C62: =B36*I62+C36*I63+D36*I64+E36*I65+F36*I66+G36*I67-I36 -> 18.514793 | D62: =C62*M24 -> 0.0052367742 | I62: =B47*R43+C47*R44+D47*R45+E47*R46+F47*R47+G47*R48 -> -0.0074983229 | K62: P2 | L62: St 1 | M62: =D25 -> 0 | N62: =E25 -> 0 | O62: =F25 -> -0.63596223 | P62: =G25 -> 0.43077127 | Q62: =H25 -> 0 | R62: =I25 -> 0 | S62: =J25 -> -0.0058716724 | U62: =G34*C60+G35*C61+G36*C62+G37*C63+G38*C64+G39*C65+G40*C66+G41*C67+G42*C68 -> 0 | V62: =M25*10000 -> 2.5 | W62: =D63*10000 -> 43.008395
C63: =B37*I62+C37*I63+D37*I64+E37*I65+F37*I66+G37*I67-I37 -> 17.203358 | D63: =C63*M25 -> 0.0043008395 | I63: =B48*R43+C48*R44+D48*R45+E48*R46+F48*R47+G48*R48 -> 0.015017547 | L63: St 2 | M63: =D26 -> 0 | N63: =E26 -> 0 | O63: =F26 -> -0.15891637 | P63: =G26 -> 0.88185971 | Q63: =H26 -> 0 | R63: =I26 -> 0 | S63: =J26 -> 0 | T63: =K26 -> 0.02576 | U63: =L26*10000 -> 257.6 | V63: =M26*10000 -> 3.2015621 | W63: =D64*10000 -> -75.29343
C64: =B38*I62+C38*I63+D38*I64+E38*I65+F38*I66+G38*I67-I38 -> -23.517716 | D64: =C64*M26 -> -0.007529343 | I64: =B49*R43+C49*R44+D49*R45+E49*R46+F49*R47+G49*R48 -> -0.010866585 | L64: St 3 | M64: =D27 -> 0 | N64: =E27 -> 0 | O64: =F27 -> 0.5232832 | P64: =G27 -> 0.57296612 | Q64: =H27 -> 0 | R64: =I27 -> 0 | S64: =J27 -> 0.0057892163 | T64: =K27 -> 0.00592 | U64: =L27*10000 -> 1.3078365 | V64: =M27*10000 -> 2.8284271 | W64: =D65*10000 -> 49.05829
C65: =B39*I62+C39*I63+D39*I64+E39*I65+F39*I66+G39*I67-I39 -> 17.344725 | D65: =C65*M27 -> 0.004905829 | I65: =B50*R43+C50*R44+D50*R45+E50*R46+F50*R47+G50*R48 -> 0.018714744 | K65: P3 | L65: St 1 | M65: =D28 -> 0 | N65: =E28 -> 0 | O65: =F28 -> 0 | P65: =G28 -> 0 | Q65: =H28 -> -0.51937523 | R65: =I28 -> 0.23956934 | S65: =J28 -> -0.0045684655 | T65: =K28 -> -0.00938 | U65: =L28*10000 -> -48.115345 | V65: =M28*10000 -> 2.5 | W65: =D66*10000 -> 54.761627
C66: =B40*I62+C40*I63+D40*I64+E40*I65+F40*I66+G40*I67-I40 -> 21.904651 | D66: =C66*M28 -> 0.0054761627 | I66: =B51*R43+C51*R44+D51*R45+E51*R46+F51*R47+G51*R48 -> 0.0042486425 | L66: St 2 | M66: =D29 -> 0 | N66: =E29 -> 0 | O66: =F29 -> 0 | P66: =G29 -> 0 | Q66: =H29 -> -0.41337718 | R66: =I29 -> 0.64286804 | S66: =J29 -> 0 | T66: =K29 -> 0.0143 | U66: =L29*10000 -> 143 | V66: =M29*10000 -> 3.2015621 | W66: =D67*10000 -> -83.514397
C67: =B41*I62+C41*I63+D41*I64+E41*I65+F41*I66+G41*I67-I41 -> -26.085515 | D67: =C67*M29 -> -0.0083514397 | I67: =B52*R43+C52*R44+D52*R45+E52*R46+F52*R47+G52*R48 -> 0.011985122 | L67: St 3 | M67: =D30 -> 0 | N67: =E30 -> 0 | O67: =F30 -> 0 | P67: =G30 -> 0 | Q67: =H30 -> 0.34591443 | R67: =I30 -> 0.91812406 | S67: =J30 -> 0.0060815179 | T67: =K30 -> 0.01582 | U67: =L30*10000 -> 97.384821 | V67: =M30*10000 -> 2.8284271 | W67: =D68*10000 -> 27.350138
C68: =B42*I62+C42*I63+D42*I64+E42*I65+F42*I66+G42*I67-I42 -> 9.669734 | D68: =C68*M30 -> 0.0027350138
L69: Punkty kontrolowane | M69: Przemieszczenie składowe [mm]
C70: VTV stand. | D70: VTV [cc²] | M70: ΔX [mm] | O70: ΔY [mm]
C71: =C60^2+C61^2+C62^2+C63^2+C64^2+C65^2+C66^2+C67^2+C68^2 -> 3201.9448 | D71: =W59^2+W60^2+W61^2+W62^2+W63^2+W64^2+W65^2+W66^2+W67^2 -> 27673.768 | L71: P1 | M71: =I62*1000 -> -7.4983229 | O71: =I63*1000 -> 15.017547
L72: P2 | M72: =I64*1000 -> -10.866585 | O72: =I65*1000 -> 18.714744
C73: σ0 stand. [-] | D73: σ0 [cc] | L73: P3 | M73: =I66*1000 -> 4.2486425 | O73: =I67*1000 -> 11.985122
C74: =SQRT(C71/3) -> 32.669786 | D74: =SQRT(D71/3) -> 96.044726
