Workbook

Sheet Dane
A4: Wyniki pomiaru wyjściowego | F4: Wyniki pomiaru aktualnego | J4: Numer ID | K4: 3
A5: c | B5: l | C5: p | D5: Lobs. | E5: c | F5: l | G5: p | H5: Lobs. | J5: σβ | K5: 3 | L5: cc
A6: 7 | B6: 1 | C6: 0 | D6: 271.7062 | E6: 7 | F6: 1 | G6: 0 | H6: 271.702 | J6: σd | K6: 0,001+10-6d | L6: [m]
A7: 7 | B7: 5 | C7: 0 | D7: 155.7243 | E7: 7 | F7: 5 | G7: 0 | H7: 155.7279
A8: 7 | B8: 6 | C8: 0 | D8: 178.4659 | E8: 7 | F8: 6 | G8: 0 | H8: 178.4685 | J8: ρcc | K8: 636619.77
A9: 7 | B9: 8 | C9: 0 | D9: 148.0717 | E9: 7 | F9: 8 | G9: 0 | H9: 148.0689
A10: 7 | B10: 9 | C10: 0 | D10: 174.5226 | E10: 7 | F10: 9 | G10: 0 | H10: 174.522 | J10: n (obserwacje) | K10: 32
A11: 8 | B11: 1 | C11: 0 | D11: 149.9983 | E11: 8 | F11: 1 | G11: 0 | H11: 150.0006 | J11: u (niewiadome) | K11: 16
A12: 8 | B12: 9 | C12: 0 | D12: 166.1118 | E12: 8 | F12: 9 | G12: 0 | H12: 166.1145 | J12: d (defekt) | K12: 3
A13: 8 | B13: 7 | C13: 0 | D13: 148.0732 | E13: 8 | F13: 7 | G13: 0 | H13: 148.0712
A14: 8 | B14: 6 | C14: 0 | D14: 320.0413 | E14: 8 | F14: 6 | G14: 0 | H14: 320.0445
A15: 1 | B15: 3 | C15: 0 | D15: 266.1756 | E15: 1 | F15: 2 | G15: 0 | H15: 147.1241
A16: 1 | B16: 9 | C16: 0 | D16: 168.6215 | E16: 1 | F16: 9 | G16: 0 | H16: 168.6108 | J16: Współrzędne przybliżone
A17: 1 | B17: 7 | C17: 0 | D17: 271.7081 | E17: 1 | F17: 7 | G17: 0 | H17: 271.7008 | J17: Nr | K17: X0 | L17: Y0
A18: 3 | B18: 5 | C18: 0 | D18: 304.0138 | E18: 2 | F18: 8 | G18: 0 | H18: 253.4723 | J18: 1 | K18: 240 | L18: 120
A19: 3 | B19: 9 | C19: 0 | D19: 164.2349 | E19: 2 | F19: 9 | G19: 0 | H19: 145.9865 | J19: 2 | K19: 385 | L19: 145
A20: 3 | B20: 4 | C20: 0 | D20: 194.1629 | E20: 2 | F20: 4 | G20: 0 | H20: 294.2725 | J20: 3 | K20: 475 | L20: 245
A21: 4 | B21: 5 | C21: 0 | D21: 150.4167 | E21: 4 | F21: 5 | G21: 0 | H21: 150.4243 | J21: 4 | K21: 435 | L21: 435
A22: 4 | B22: 7 | C22: 0 | D22: 259.8561 | E22: 4 | F22: 7 | G22: 0 | H22: 259.868 | J22: 5 | K22: 295 | L22: 490
A23: 4 | B23: 9 | C23: 0 | D23: 203.6004 | E23: 4 | F23: 9 | G23: 0 | H23: 203.6019 | J23: 6 | K23: 145 | L23: 560
A24: 6 | B24: 9 | C24: 0 | D24: 333.4194 | E24: 6 | F24: 9 | G24: 0 | H24: 333.4174 | J24: 7 | K24: 180 | L24: 385
A25: 6 | B25: 5 | C25: 0 | D25: 165.528 | E25: 6 | F25: 5 | G25: 0 | H25: 165.5303 | J25: 8 | K25: 150 | L25: 240
A26: 9 | B26: 1 | C26: 3 | D26: 117.9893 | E26: 9 | F26: 1 | G26: 2 | H26: 61.3342 | J26: 9 | K26: 313 | L26: 272
A27: 9 | B27: 3 | C27: 4 | D27: 69.6093 | E27: 9 | F27: 2 | G27: 4 | H27: 126.2606
A28: 9 | B28: 4 | C28: 5 | D28: 46.1487 | E28: 9 | F28: 4 | G28: 5 | H28: 46.1513
A29: 9 | B29: 5 | C29: 7 | D29: 49.92 | E29: 9 | F29: 5 | G29: 7 | H29: 49.9219
A30: 9 | B30: 7 | C30: 8 | D30: 57.1766 | E30: 9 | F30: 7 | G30: 8 | H30: 57.1764
A31: 9 | B31: 8 | C31: 1 | D31: 59.1555 | E31: 9 | F31: 8 | G31: 1 | H31: 59.1567
A32: 6 | B32: 8 | C32: 7 | D32: 11.5719 | E32: 6 | F32: 8 | G32: 7 | H32: 11.5714
A33: 6 | B33: 7 | C33: 9 | D33: 21.0515 | E33: 6 | F33: 7 | G33: 9 | H33: 21.0531
A34: 6 | B34: 9 | C34: 5 | D34: 38.5847 | E34: 6 | F34: 9 | G34: 5 | H34: 38.5857
A35: 5 | B35: 6 | C35: 7 | D35: 74.9047 | E35: 5 | F35: 6 | G35: 7 | H35: 74.9054
A36: 5 | B36: 7 | C36: 9 | D36: 58.1366 | E36: 5 | F36: 7 | G36: 9 | H36: 58.1359
A37: 5 | B37: 9 | C37: 4 | D37: 70.9251 | E37: 5 | F37: 9 | G37: 4 | H37: 70.9246

Sheet Wstepnewyjsciowy
B2: Wyniki pomiaru wyjściowego | P2: Współrzędne przybliżone | S2: Współrzędne wyrównane
B3: c | C3: l | D3: p | E3: L obs [m] | F3: ∆x | G3: ∆y | H3: L przyb [m] | I3: Az [g] | J3: Sin Az | K3: Cos Az | L3: Błąd [m] | M3: l [m] | N3: li [m] | P3: Współrzedne przybliżone | Q3: X0 | R3: Y0 | S3: X | T3: Y | U3: mx | V3: my
B4: ='_calc_Dane'!B5 | C4: ='_calc_Dane'!C5 | D4: ='_calc_Dane'!D5 | E4: ='_calc_Dane'!E5 | F4: ='_calc_Dane'!M5-'_calc_Dane'!M11 | G4: ='_calc_Dane'!N5-'_calc_Dane'!N11 | H4: =SQRT(F4^2+G4^2) | I4: =IF(ATAN2(F4,G4)*200/PI()<0,ATAN2(F4,G4)*200/PI()+400) | J4: =SIN(I4*PI()/200) | K4: =COS(I4*PI()/200) | L4: =0.001+0.000001*E4 | M4: =H4-E4 | N4: =H4-E4 | P4: NR | Q4: Xo | R4: Yo | S4: =Q4+U140 | T4: =R4+U141 | U4: =V140 | V4: =V141
B5: ='_calc_Dane'!B6 | C5: ='_calc_Dane'!C6 | D5: ='_calc_Dane'!D6 | E5: ='_calc_Dane'!E6 | F5: ='_calc_Dane'!M9-'_calc_Dane'!M11 | G5: ='_calc_Dane'!N9-'_calc_Dane'!N11 | H5: =SQRT(F5^2+G5^2) | I5: =IF(ATAN2(F5,G5)*200/PI()<0,ATAN2(F5,G5)*200/PI()+400,ATAN2(F5,G5)*200/PI()) | J5: =SIN(I5*PI()/200) | K5: =COS(I5*PI()/200) | L5: =0.001+0.000001*E5 | M5: =H5-E5 | N5: =H5-E5 | P5: 1 | Q5: 240 | R5: 120 | S5: =Q5 | T5: =R5 | U5: 0 | V5: 0
B6: ='_calc_Dane'!B7 | C6: ='_calc_Dane'!C7 | D6: ='_calc_Dane'!D7 | E6: ='_calc_Dane'!E7 | F6: ='_calc_Dane'!M10-'_calc_Dane'!M11 | G6: ='_calc_Dane'!N10-'_calc_Dane'!N11 | H6: =SQRT(F6^2+G6^2) | I6: =IF(ATAN2(F6,G6)*200/PI()<0,ATAN2(F6,G6)*200/PI()+400,ATAN2(F6,G6)*200/PI()) | J6: =SIN(I6*PI()/200) | K6: =COS(I6*PI()/200) | L6: =0.001+0.000001*E6 | M6: =H6-E6 | N6: =H6-E6 | P6: 2 | Q6: 385 | R6: 145 | S6: =Q6+U142 | T6: =R6+U143 | U6: =V142 | V6: =V143
B7: ='_calc_Dane'!B8 | C7: ='_calc_Dane'!C8 | D7: ='_calc_Dane'!D8 | E7: ='_calc_Dane'!E8 | F7: ='_calc_Dane'!M12-'_calc_Dane'!M11 | G7: ='_calc_Dane'!N12-'_calc_Dane'!N11 | H7: =SQRT(F7^2+G7^2) | I7: =IF(ATAN2(F7,G7)*200/PI()<0,ATAN2(F7,G7)*200/PI()+400) | J7: =SIN(I7*PI()/200) | K7: =COS(I7*PI()/200) | L7: =0.001+0.000001*E7 | M7: =H7-E7 | N7: =H7-E7 | P7: 3 | Q7: 475 | R7: 245 | S7: =Q7+U144 | T7: =R7+U145 | U7: =V144 | V7: =V145
B8: ='_calc_Dane'!B9 | C8: ='_calc_Dane'!C9 | D8: ='_calc_Dane'!D9 | E8: ='_calc_Dane'!E9 | F8: ='_calc_Dane'!M13-'_calc_Dane'!M11 | G8: ='_calc_Dane'!N13-'_calc_Dane'!N11 | H8: =SQRT(F8^2+G8^2) | I8: =IF(ATAN2(F8,G8)*200/PI()<0,ATAN2(F8,G8)*200/PI()+400) | J8: =SIN(I8*PI()/200) | K8: =COS(I8*PI()/200) | L8: =0.001+0.000001*E8 | M8: =H8-E8 | N8: =H8-E8 | P8: 4 | Q8: 435 | R8: 435 | S8: =Q8+U146 | T8: =R8+U147 | U8: =V146 | V8: =V147
B9: ='_calc_Dane'!B10 | C9: ='_calc_Dane'!C10 | D9: ='_calc_Dane'!D10 | E9: ='_calc_Dane'!E10 | F9: ='_calc_Dane'!M5-'_calc_Dane'!M12 | G9: ='_calc_Dane'!N5-'_calc_Dane'!N12 | H9: =SQRT(F9^2+G9^2) | I9: =IF(ATAN2(F9,G9)*200/PI()<0,ATAN2(F9,G9)*200/PI()+400) | J9: =SIN(I9*PI()/200) | K9: =COS(I9*PI()/200) | L9: =0.001+0.000001*E9 | M9: =H9-E9 | N9: =H9-E9 | P9: 5 | Q9: 295 | R9: 490 | S9: =Q9+U148 | T9: =R9+U149 | U9: =V148 | V9: =V149
B10: ='_calc_Dane'!B11 | C10: ='_calc_Dane'!C11 | D10: ='_calc_Dane'!D11 | E10: ='_calc_Dane'!E11 | F10: ='_calc_Dane'!M13-'_calc_Dane'!M12 | G10: ='_calc_Dane'!N13-'_calc_Dane'!N12 | H10: =SQRT(F10^2+G10^2) | I10: =IF(ATAN2(F10,G10)*200/PI()<0,ATAN2(F10,G10)*200/PI()+400,ATAN2(F10,G10)*200/PI()) | J10: =SIN(I10*PI()/200) | K10: =COS(I10*PI()/200) | L10: =0.001+0.000001*E10 | M10: =H10-E10 | N10: =H10-E10 | P10: 6 | Q10: 145 | R10: 560 | S10: =Q10+U150 | T10: =R10+U151 | U10: =V150 | V10: =V151
B11: ='_calc_Dane'!B12 | C11: ='_calc_Dane'!C12 | D11: ='_calc_Dane'!D12 | E11: ='_calc_Dane'!E12 | F11: ='_calc_Dane'!M11-'_calc_Dane'!M12 | G11: ='_calc_Dane'!N11-'_calc_Dane'!N12 | H11: =SQRT(F11^2+G11^2) | I11: =IF(ATAN2(F11,G11)*200/PI()<0,ATAN2(F11,G11)*200/PI()+400,ATAN2(F11,G11)*200/PI()) | J11: =SIN(I11*PI()/200) | K11: =COS(I11*PI()/200) | L11: =0.001+0.000001*E11 | M11: =H11-E11 | N11: =H11-E11 | P11: 7 | Q11: 180 | R11: 385 | S11: =Q11+U152 | T11: =R11+U153 | U11: =V152 | V11: =V153
B12: ='_calc_Dane'!B13 | C12: ='_calc_Dane'!C13 | D12: ='_calc_Dane'!D13 | E12: ='_calc_Dane'!E13 | F12: ='_calc_Dane'!M10-'_calc_Dane'!M12 | G12: ='_calc_Dane'!N10-'_calc_Dane'!N12 | H12: =SQRT(F12^2+G12^2) | I12: =IF(ATAN2(F12,G12)*200/PI()<0,ATAN2(F12,G12)*200/PI()+400,ATAN2(F12,G12)*200/PI()) | J12: =SIN(I12*PI()/200) | K12: =COS(I12*PI()/200) | L12: =0.001+0.000001*E12 | M12: =H12-E12 | N12: =H12-E12 | P12: 8 | Q12: 150 | R12: 240 | S12: =Q12+U154 | T12: =R12+U155 | U12: =V154 | V12: =V155
B13: ='_calc_Dane'!B14 | C13: ='_calc_Dane'!C14 | D13: ='_calc_Dane'!D14 | E13: ='_calc_Dane'!E14 | F13: ='_calc_Dane'!M7-'_calc_Dane'!M5 | G13: ='_calc_Dane'!N7-'_calc_Dane'!N5 | H13: =SQRT(F13^2+G13^2) | I13: =IF(ATAN2(F13,G13)*200/PI()<0,ATAN2(F13,G13)*200/PI()+400,ATAN2(F13,G13)*200/PI()) | J13: =SIN(I13*PI()/200) | K13: =COS(I13*PI()/200) | L13: =0.001+0.000001*E13 | M13: =H13-E13 | N13: =H13-E13 | P13: 9 | Q13: 314 | R13: 271
B14: ='_calc_Dane'!B15 | C14: ='_calc_Dane'!C15 | D14: ='_calc_Dane'!D15 | E14: ='_calc_Dane'!E15 | F14: ='_calc_Dane'!M13-'_calc_Dane'!M5 | G14: ='_calc_Dane'!N13-'_calc_Dane'!N5 | H14: =SQRT(F14^2+G14^2) | I14: =IF(ATAN2(F14,G14)*200/PI()<0,ATAN2(F14,G14)*200/PI()+400,ATAN2(F14,G14)*200/PI()) | J14: =SIN(I14*PI()/200) | K14: =COS(I14*PI()/200) | L14: =0.001+0.000001*E14 | M14: =H14-E14 | N14: =H14-E14 | P14: Numer ID | Q14: =Dane!K4 | T14: n (obserwacje) | U14: =Dane!K10 | V14: m0 | W14: =SQRT(W15/(U14-U15+U16))
B15: ='_calc_Dane'!B16 | C15: ='_calc_Dane'!C16 | D15: ='_calc_Dane'!D16 | E15: ='_calc_Dane'!E16 | F15: ='_calc_Dane'!M11-'_calc_Dane'!M5 | G15: ='_calc_Dane'!N11-'_calc_Dane'!N5 | H15: =SQRT(F15^2+G15^2) | I15: =IF(ATAN2(F15,G15)*200/PI()<0,ATAN2(F15,G15)*200/PI()+400,ATAN2(F15,G15)*200/PI()) | J15: =SIN(I15*PI()/200) | K15: =COS(I15*PI()/200) | L15: =0.001+0.000001*E15 | M15: =H15-E15 | N15: =H15-E15 | P15: σβ | Q15: =Dane!K5 | R15: =Dane!L5 | T15: u (niewiadome) | U15: =Dane!K11 | V15: VTV | W15: {=(MMULT(TRANSPOSE(T80:T111),T80:T111))}
B16: ='_calc_Dane'!B17 | C16: ='_calc_Dane'!C17 | D16: ='_calc_Dane'!D17 | E16: ='_calc_Dane'!E17 | F16: ='_calc_Dane'!M9-'_calc_Dane'!M7 | G16: ='_calc_Dane'!N9-'_calc_Dane'!N7 | H16: =SQRT(F16^2+G16^2) | I16: =IF(ATAN2(F16,G16)*200/PI()<0,ATAN2(F16,G16)*200/PI()+400,ATAN2(F16,G16)*200/PI()) | J16: =SIN(I16*PI()/200) | K16: =COS(I16*PI()/200) | L16: =0.001+0.000001*E16 | M16: =H16-E16 | N16: =H16-E16 | P16: σd | Q16: =Dane!K6 | R16: =Dane!L6 | T16: d (defekt) | U16: =Dane!K12
B17: ='_calc_Dane'!B18 | C17: ='_calc_Dane'!C18 | D17: ='_calc_Dane'!D18 | E17: ='_calc_Dane'!E18 | F17: ='_calc_Dane'!M13-'_calc_Dane'!M7 | G17: ='_calc_Dane'!N13-'_calc_Dane'!N7 | H17: =SQRT(F17^2+G17^2) | I17: =IF(ATAN2(F17,G17)*200/PI()<0,ATAN2(F17,G17)*200/PI()+400,ATAN2(F17,G17)*200/PI()) | J17: =SIN(I17*PI()/200) | K17: =COS(I17*PI()/200) | L17: =0.001+0.000001*E17 | M17: =H17-E17 | N17: =H17-E17
B18: ='_calc_Dane'!B19 | C18: ='_calc_Dane'!C19 | D18: ='_calc_Dane'!D19 | E18: ='_calc_Dane'!E19 | F18: ='_calc_Dane'!M8-'_calc_Dane'!M7 | G18: ='_calc_Dane'!N8-'_calc_Dane'!N7 | H18: =SQRT(F18^2+G18^2) | I18: =IF(ATAN2(F18,G18)*200/PI()<0,ATAN2(F18,G18)*200/PI()+400,ATAN2(F18,G18)*200/PI()) | J18: =SIN(I18*PI()/200) | K18: =COS(I18*PI()/200) | L18: =0.001+0.000001*E18 | M18: =H18-E18 | N18: =H18-E18 | P18: ρcc | Q18: =200/PI()*10000
B19: ='_calc_Dane'!B20 | C19: ='_calc_Dane'!C20 | D19: ='_calc_Dane'!D20 | E19: ='_calc_Dane'!E20 | F19: ='_calc_Dane'!M9-'_calc_Dane'!M8 | G19: ='_calc_Dane'!N9-'_calc_Dane'!N8 | H19: =SQRT(F19^2+G19^2) | I19: =IF(ATAN2(F19,G19)*200/PI()<0,ATAN2(F19,G19)*200/PI()+400,ATAN2(F19,G19)*200/PI()) | J19: =SIN(I19*PI()/200) | K19: =COS(I19*PI()/200) | L19: =0.001+0.000001*E19 | M19: =H19-E19 | N19: =H19-E19
B20: ='_calc_Dane'!B21 | C20: ='_calc_Dane'!C21 | D20: ='_calc_Dane'!D21 | E20: ='_calc_Dane'!E21 | F20: ='_calc_Dane'!M11-'_calc_Dane'!M8 | G20: ='_calc_Dane'!N11-'_calc_Dane'!N8 | H20: =SQRT(F20^2+G20^2) | I20: =IF(ATAN2(F20,G20)*200/PI()<0,ATAN2(F20,G20)*200/PI()+400) | J20: =SIN(I20*PI()/200) | K20: =COS(I20*PI()/200) | L20: =0.001+0.000001*E20 | M20: =H20-E20 | N20: =H20-E20
B21: ='_calc_Dane'!B22 | C21: ='_calc_Dane'!C22 | D21: ='_calc_Dane'!D22 | E21: ='_calc_Dane'!E22 | F21: ='_calc_Dane'!M13-'_calc_Dane'!M8 | G21: ='_calc_Dane'!N13-'_calc_Dane'!N8 | H21: =SQRT(F21^2+G21^2) | I21: =IF(ATAN2(F21,G21)*200/PI()<0,ATAN2(F21,G21)*200/PI()+400) | J21: =SIN(I21*PI()/200) | K21: =COS(I21*PI()/200) | L21: =0.001+0.000001*E21 | M21: =H21-E21 | N21: =H21-E21
B22: ='_calc_Dane'!B23 | C22: ='_calc_Dane'!C23 | D22: ='_calc_Dane'!D23 | E22: ='_calc_Dane'!E23 | F22: ='_calc_Dane'!M13-'_calc_Dane'!M10 | G22: ='_calc_Dane'!N13-'_calc_Dane'!N10 | H22: =SQRT(F22^2+G22^2) | I22: =IF(ATAN2(F22,G22)*200/PI()<0,ATAN2(F22,G22)*200/PI()+400) | J22: =SIN(I22*PI()/200) | K22: =COS(I22*PI()/200) | L22: =0.001+0.000001*E22 | M22: =H22-E22 | N22: =H22-E22
B23: ='_calc_Dane'!B24 | C23: ='_calc_Dane'!C24 | D23: ='_calc_Dane'!D24 | E23: ='_calc_Dane'!E24 | F23: ='_calc_Dane'!M9-'_calc_Dane'!M10 | G23: ='_calc_Dane'!N9-'_calc_Dane'!N10 | H23: =SQRT(F23^2+G23^2) | I23: =IF(ATAN2(F23,G23)*200/PI()<0,ATAN2(F23,G23)*200/PI()+400) | J23: =SIN(I23*PI()/200) | K23: =COS(I23*PI()/200) | L23: =0.001+0.000001*E23 | M23: =H23-E23 | N23: =H23-E23
B24: c | C24: l | D24: p | E24: βobs [g] | F24: Dxcl | G24: Dycl | H24: Dxcp | I24: Dycp | J24: d2cl | K24: d2cp | L24: Acl [rad] | M24: Acp [rad] | N24: βprzyb [g] | O24: błąd [cc] | P24: li [cc] | Q24: Acl | R24: Bcl | S24: Acp | T24: Bcp | U24: Dxcl | V24: Dycl | W24: Dxcp | X24: Dycp | Y24: Acl [rad] | Z24: Acp [rad] | AA24: βprzyb [g]
B25: c | C25: l | D25: p | E25: b obs [g] | F25: ∆xcl | G25: ∆ycl | H25: ∆xcp | I25: ∆ycp | J25: d²cl | K25: d²cp | L25: Az cl [g] | M25: Az cp [g] | N25: b przyb [g] | O25: Błąd [cc] | P25: l [g] | Q25: Al. | R25: Bl | S25: Ap | T25: Bp | U25: =VLOOKUP(C25,$P$4:$V$12,4,FALSE)-VLOOKUP(B25,$P$4:$V$12,4,FALSE) | V25: =VLOOKUP(C25,$P$4:$V$12,5,FALSE)-VLOOKUP(B25,$P$4:$V$12,5,FALSE) | W25: =VLOOKUP(D25,$P$4:$V$12,4,FALSE)-VLOOKUP(B25,$P$4:$V$12,4,FALSE) | X25: =VLOOKUP(D25,$P$4:$V$12,5,FALSE)-VLOOKUP(B25,$P$4:$V$12,5,FALSE) | Y25: =IF(U25>0,IF(V25>0,ATAN(V25/U25),ATAN(V25/U25)+2*PI()),ATAN(V25/U25)+PI()) | Z25: =IF(W25>0,IF(X25>0,ATAN(X25/W25),ATAN(X25/W25)+2*PI()),ATAN(X25/W25)+PI()) | AA25: =IF((Z25-Y25)*200/PI()>0,(Z25-Y25)*200/PI(),(Z25-Y25)*200/PI()+400)
B26: ='_calc_Dane'!B25 | C26: ='_calc_Dane'!C25 | D26: ='_calc_Dane'!D25 | E26: ='_calc_Dane'!E25 | F26: ='_calc_Dane'!M5-'_calc_Dane'!M13 | G26: ='_calc_Dane'!N5-'_calc_Dane'!N13 | H26: ='_calc_Dane'!M7-'_calc_Dane'!M13 | I26: ='_calc_Dane'!N7-'_calc_Dane'!N13 | J26: =F26^2+G26^2 | K26: =H26^2+I26^2 | L26: =IF(ATAN2(F26,G26)*200/PI()<0,ATAN2(F26,G26)*200/PI()+400,ATAN2(F26,G26)*200/PI()) | M26: =IF(ATAN2(H26,I26)*200/PI()<0,ATAN2(H26,I26)*200/PI()+400,ATAN2(H26,I26)*200/PI()) | N26: =IF(M26-L26<0,M26-L26+400,M26-L26) | O26: ='_calc_Dane'!$M$15 | P26: =N26-E26 | Q26: =F26/J26*2000000/PI() | R26: =G26/J26*2000000/PI() | S26: =H26/K26*2000000/PI() | T26: =I26/K26*2000000/PI() | U26: =VLOOKUP(C26,$P$4:$V$12,4,FALSE)-VLOOKUP(B26,$P$4:$V$12,4,FALSE) | V26: =VLOOKUP(C26,$P$4:$V$12,5,FALSE)-VLOOKUP(B26,$P$4:$V$12,5,FALSE) | W26: =VLOOKUP(D26,$P$4:$V$12,4,FALSE)-VLOOKUP(B26,$P$4:$V$12,4,FALSE) | X26: =VLOOKUP(D26,$P$4:$V$12,5,FALSE)-VLOOKUP(B26,$P$4:$V$12,5,FALSE) | Y26: =IF(U26>0,IF(V26>0,ATAN(V26/U26),ATAN(V26/U26)+2*PI()),ATAN(V26/U26)+PI()) | Z26: =IF(W26>0,IF(X26>0,ATAN(X26/W26),ATAN(X26/W26)+2*PI()),ATAN(X26/W26)+PI()) | AA26: =IF((Z26-Y26)*200/PI()>0,(Z26-Y26)*200/PI(),(Z26-Y26)*200/PI()+400)
B27: ='_calc_Dane'!B26 | C27: ='_calc_Dane'!C26 | D27: ='_calc_Dane'!D26 | E27: ='_calc_Dane'!E26 | F27: ='_calc_Dane'!M7-'_calc_Dane'!M13 | G27: ='_calc_Dane'!N7-'_calc_Dane'!N13 | H27: ='_calc_Dane'!M8-'_calc_Dane'!M13 | I27: ='_calc_Dane'!N8-'_calc_Dane'!N13 | J27: =F27^2+G27^2 | K27: =H27^2+I27^2 | L27: =IF(ATAN2(F27,G27)*200/PI()<0,ATAN2(F27,G27)*200/PI()+400,ATAN2(F27,G27)*200/PI()) | M27: =IF(ATAN2(H27,I27)*200/PI()<0,ATAN2(H27,I27)*200/PI()+400,ATAN2(H27,I27)*200/PI()) | N27: =IF(M27-L27<0,M27-L27+400,M27-L27) | O27: ='_calc_Dane'!$M$15 | P27: =N27-E27 | Q27: =F27/J27*2000000/PI() | R27: =G27/J27*2000000/PI() | S27: =H27/K27*2000000/PI() | T27: =I27/K27*2000000/PI() | U27: =VLOOKUP(C27,$P$4:$V$12,4,FALSE)-VLOOKUP(B27,$P$4:$V$12,4,FALSE) | V27: =VLOOKUP(C27,$P$4:$V$12,5,FALSE)-VLOOKUP(B27,$P$4:$V$12,5,FALSE) | W27: =VLOOKUP(D27,$P$4:$V$12,4,FALSE)-VLOOKUP(B27,$P$4:$V$12,4,FALSE) | X27: =VLOOKUP(D27,$P$4:$V$12,5,FALSE)-VLOOKUP(B27,$P$4:$V$12,5,FALSE) | Y27: =IF(U27>0,IF(V27>0,ATAN(V27/U27),ATAN(V27/U27)+2*PI()),ATAN(V27/U27)+PI()) | Z27: =IF(W27>0,IF(X27>0,ATAN(X27/W27),ATAN(X27/W27)+2*PI()),ATAN(X27/W27)+PI()) | AA27: =IF((Z27-Y27)*200/PI()>0,(Z27-Y27)*200/PI(),(Z27-Y27)*200/PI()+400)
B28: ='_calc_Dane'!B27 | C28: ='_calc_Dane'!C27 | D28: ='_calc_Dane'!D27 | E28: ='_calc_Dane'!E27 | F28: ='_calc_Dane'!M8-'_calc_Dane'!M13 | G28: ='_calc_Dane'!N8-'_calc_Dane'!N13 | H28: ='_calc_Dane'!M9-'_calc_Dane'!M13 | I28: ='_calc_Dane'!N9-'_calc_Dane'!N13 | J28: =F28^2+G28^2 | K28: =H28^2+I28^2 | L28: =IF(ATAN2(F28,G28)*200/PI()<0,ATAN2(F28,G28)*200/PI()+400,ATAN2(F28,G28)*200/PI()) | M28: =IF(ATAN2(H28,I28)*200/PI()<0,ATAN2(H28,I28)*200/PI()+400,ATAN2(H28,I28)*200/PI()) | N28: =IF(M28-L28<0,M28-L28+400,M28-L28) | O28: ='_calc_Dane'!$M$15 | P28: =N28-E28 | Q28: =F28/J28*2000000/PI() | R28: =G28/J28*2000000/PI() | S28: =H28/K28*2000000/PI() | T28: =I28/K28*2000000/PI() | U28: =VLOOKUP(C28,$P$4:$V$12,4,FALSE)-VLOOKUP(B28,$P$4:$V$12,4,FALSE) | V28: =VLOOKUP(C28,$P$4:$V$12,5,FALSE)-VLOOKUP(B28,$P$4:$V$12,5,FALSE) | W28: =VLOOKUP(D28,$P$4:$V$12,4,FALSE)-VLOOKUP(B28,$P$4:$V$12,4,FALSE) | X28: =VLOOKUP(D28,$P$4:$V$12,5,FALSE)-VLOOKUP(B28,$P$4:$V$12,5,FALSE) | Y28: =IF(U28>0,IF(V28>0,ATAN(V28/U28),ATAN(V28/U28)+2*PI()),ATAN(V28/U28)+PI()) | Z28: =IF(W28>0,IF(X28>0,ATAN(X28/W28),ATAN(X28/W28)+2*PI()),ATAN(X28/W28)+PI()) | AA28: =IF((Z28-Y28)*200/PI()>0,(Z28-Y28)*200/PI(),(Z28-Y28)*200/PI()+400)
B29: ='_calc_Dane'!B28 | C29: ='_calc_Dane'!C28 | D29: ='_calc_Dane'!D28 | E29: ='_calc_Dane'!E28 | F29: ='_calc_Dane'!M9-'_calc_Dane'!M13 | G29: ='_calc_Dane'!N9-'_calc_Dane'!N13 | H29: ='_calc_Dane'!M11-'_calc_Dane'!M13 | I29: ='_calc_Dane'!N11-'_calc_Dane'!N13 | J29: =F29^2+G29^2 | K29: =H29^2+I29^2 | L29: =IF(ATAN2(F29,G29)*200/PI()<0,ATAN2(F29,G29)*200/PI()+400,ATAN2(F29,G29)*200/PI()) | M29: =IF(ATAN2(H29,I29)*200/PI()<0,ATAN2(H29,I29)*200/PI()+400,ATAN2(H29,I29)*200/PI()) | N29: =IF(M29-L29<0,M29-L29+400,M29-L29) | O29: ='_calc_Dane'!$M$15 | P29: =N29-E29 | Q29: =F29/J29*2000000/PI() | R29: =G29/J29*2000000/PI() | S29: =H29/K29*2000000/PI() | T29: =I29/K29*2000000/PI() | U29: =VLOOKUP(C29,$P$4:$V$12,4,FALSE)-VLOOKUP(B29,$P$4:$V$12,4,FALSE) | V29: =VLOOKUP(C29,$P$4:$V$12,5,FALSE)-VLOOKUP(B29,$P$4:$V$12,5,FALSE) | W29: =VLOOKUP(D29,$P$4:$V$12,4,FALSE)-VLOOKUP(B29,$P$4:$V$12,4,FALSE) | X29: =VLOOKUP(D29,$P$4:$V$12,5,FALSE)-VLOOKUP(B29,$P$4:$V$12,5,FALSE) | Y29: =IF(U29>0,IF(V29>0,ATAN(V29/U29),ATAN(V29/U29)+2*PI()),ATAN(V29/U29)+PI()) | Z29: =IF(W29>0,IF(X29>0,ATAN(X29/W29),ATAN(X29/W29)+2*PI()),ATAN(X29/W29)+PI()) | AA29: =IF((Z29-Y29)*200/PI()>0,(Z29-Y29)*200/PI(),(Z29-Y29)*200/PI()+400)
B30: ='_calc_Dane'!B29 | C30: ='_calc_Dane'!C29 | D30: ='_calc_Dane'!D29 | E30: ='_calc_Dane'!E29 | F30: ='_calc_Dane'!M11-'_calc_Dane'!M13 | G30: ='_calc_Dane'!N11-'_calc_Dane'!N13 | H30: ='_calc_Dane'!M12-'_calc_Dane'!M13 | I30: ='_calc_Dane'!N12-'_calc_Dane'!N13 | J30: =F30^2+G30^2 | K30: =H30^2+I30^2 | L30: =IF(ATAN2(F30,G30)*200/PI()<0,ATAN2(F30,G30)*200/PI()+400,ATAN2(F30,G30)*200/PI()) | M30: =IF(ATAN2(H30,I30)*200/PI()<0,ATAN2(H30,I30)*200/PI()+400,ATAN2(H30,I30)*200/PI()) | N30: =IF(M30-L30<0,M30-L30+400,M30-L30) | O30: ='_calc_Dane'!$M$15 | P30: =N30-E30 | Q30: =F30/J30*2000000/PI() | R30: =G30/J30*2000000/PI() | S30: =H30/K30*2000000/PI() | T30: =I30/K30*2000000/PI() | U30: =VLOOKUP(C30,$P$4:$V$12,4,FALSE)-VLOOKUP(B30,$P$4:$V$12,4,FALSE) | V30: =VLOOKUP(C30,$P$4:$V$12,5,FALSE)-VLOOKUP(B30,$P$4:$V$12,5,FALSE) | W30: =VLOOKUP(D30,$P$4:$V$12,4,FALSE)-VLOOKUP(B30,$P$4:$V$12,4,FALSE) | X30: =VLOOKUP(D30,$P$4:$V$12,5,FALSE)-VLOOKUP(B30,$P$4:$V$12,5,FALSE) | Y30: =IF(U30>0,IF(V30>0,ATAN(V30/U30),ATAN(V30/U30)+2*PI()),ATAN(V30/U30)+PI()) | Z30: =IF(W30>0,IF(X30>0,ATAN(X30/W30),ATAN(X30/W30)+2*PI()),ATAN(X30/W30)+PI()) | AA30: =IF((Z30-Y30)*200/PI()>0,(Z30-Y30)*200/PI(),(Z30-Y30)*200/PI()+400)
B31: ='_calc_Dane'!B30 | C31: ='_calc_Dane'!C30 | D31: ='_calc_Dane'!D30 | E31: ='_calc_Dane'!E30 | F31: ='_calc_Dane'!M12-'_calc_Dane'!M13 | G31: ='_calc_Dane'!N12-'_calc_Dane'!N13 | H31: ='_calc_Dane'!M5-'_calc_Dane'!M13 | I31: ='_calc_Dane'!N5-'_calc_Dane'!N13 | J31: =F31^2+G31^2 | K31: =H31^2+I31^2 | L31: =IF(ATAN2(F31,G31)*200/PI()<0,ATAN2(F31,G31)*200/PI()+400,ATAN2(F31,G31)*200/PI()) | M31: =IF(ATAN2(H31,I31)*200/PI()<0,ATAN2(H31,I31)*200/PI()+400,ATAN2(H31,I31)*200/PI()) | N31: =IF(M31-L31<0,M31-L31+400,M31-L31) | O31: ='_calc_Dane'!$M$15 | P31: =N31-E31 | Q31: =F31/J31*2000000/PI() | R31: =G31/J31*2000000/PI() | S31: =H31/K31*2000000/PI() | T31: =I31/K31*2000000/PI() | U31: =VLOOKUP(C31,$P$4:$V$12,4,FALSE)-VLOOKUP(B31,$P$4:$V$12,4,FALSE) | V31: =VLOOKUP(C31,$P$4:$V$12,5,FALSE)-VLOOKUP(B31,$P$4:$V$12,5,FALSE) | W31: =VLOOKUP(D31,$P$4:$V$12,4,FALSE)-VLOOKUP(B31,$P$4:$V$12,4,FALSE) | X31: =VLOOKUP(D31,$P$4:$V$12,5,FALSE)-VLOOKUP(B31,$P$4:$V$12,5,FALSE) | Y31: =IF(U31>0,IF(V31>0,ATAN(V31/U31),ATAN(V31/U31)+2*PI()),ATAN(V31/U31)+PI()) | Z31: =IF(W31>0,IF(X31>0,ATAN(X31/W31),ATAN(X31/W31)+2*PI()),ATAN(X31/W31)+PI()) | AA31: =IF((Z31-Y31)*200/PI()>0,(Z31-Y31)*200/PI(),(Z31-Y31)*200/PI()+400)
B32: ='_calc_Dane'!B31 | C32: ='_calc_Dane'!C31 | D32: ='_calc_Dane'!D31 | E32: ='_calc_Dane'!E31 | F32: ='_calc_Dane'!M12-'_calc_Dane'!M10 | G32: ='_calc_Dane'!N12-'_calc_Dane'!N10 | H32: ='_calc_Dane'!M11-'_calc_Dane'!M10 | I32: ='_calc_Dane'!N11-'_calc_Dane'!N10 | J32: =F32^2+G32^2 | K32: =H32^2+I32^2 | L32: =IF(ATAN2(F32,G32)*200/PI()<0,ATAN2(F32,G32)*200/PI()+400,ATAN2(F32,G32)*200/PI()) | M32: =IF(ATAN2(H32,I32)*200/PI()<0,ATAN2(H32,I32)*200/PI()+400,ATAN2(H32,I32)*200/PI()) | N32: =IF(M32-L32<0,M32-L32+400,M32-L32) | O32: ='_calc_Dane'!$M$15 | P32: =N32-E32 | Q32: =F32/J32*2000000/PI() | R32: =G32/J32*2000000/PI() | S32: =H32/K32*2000000/PI() | T32: =I32/K32*2000000/PI() | U32: =VLOOKUP(C32,$P$4:$V$12,4,FALSE)-VLOOKUP(B32,$P$4:$V$12,4,FALSE) | V32: =VLOOKUP(C32,$P$4:$V$12,5,FALSE)-VLOOKUP(B32,$P$4:$V$12,5,FALSE) | W32: =VLOOKUP(D32,$P$4:$V$12,4,FALSE)-VLOOKUP(B32,$P$4:$V$12,4,FALSE) | X32: =VLOOKUP(D32,$P$4:$V$12,5,FALSE)-VLOOKUP(B32,$P$4:$V$12,5,FALSE) | Y32: =IF(U32>0,IF(V32>0,ATAN(V32/U32),ATAN(V32/U32)+2*PI()),ATAN(V32/U32)+PI()) | Z32: =IF(W32>0,IF(X32>0,ATAN(X32/W32),ATAN(X32/W32)+2*PI()),ATAN(X32/W32)+PI()) | AA32: =IF((Z32-Y32)*200/PI()>0,(Z32-Y32)*200/PI(),(Z32-Y32)*200/PI()+400)
B33: ='_calc_Dane'!B32 | C33: ='_calc_Dane'!C32 | D33: ='_calc_Dane'!D32 | E33: ='_calc_Dane'!E32 | F33: ='_calc_Dane'!M11-'_calc_Dane'!M10 | G33: ='_calc_Dane'!N11-'_calc_Dane'!N10 | H33: ='_calc_Dane'!M13-'_calc_Dane'!M10 | I33: ='_calc_Dane'!N13-'_calc_Dane'!N10 | J33: =F33^2+G33^2 | K33: =H33^2+I33^2 | L33: =IF(ATAN2(F33,G33)*200/PI()<0,ATAN2(F33,G33)*200/PI()+400,ATAN2(F33,G33)*200/PI()) | M33: =IF(ATAN2(H33,I33)*200/PI()<0,ATAN2(H33,I33)*200/PI()+400,ATAN2(H33,I33)*200/PI()) | N33: =IF(M33-L33<0,M33-L33+400,M33-L33) | O33: ='_calc_Dane'!$M$15 | P33: =N33-E33 | Q33: =F33/J33*2000000/PI() | R33: =G33/J33*2000000/PI() | S33: =H33/K33*2000000/PI() | T33: =I33/K33*2000000/PI() | U33: =VLOOKUP(C33,$P$4:$V$12,4,FALSE)-VLOOKUP(B33,$P$4:$V$12,4,FALSE) | V33: =VLOOKUP(C33,$P$4:$V$12,5,FALSE)-VLOOKUP(B33,$P$4:$V$12,5,FALSE) | W33: =VLOOKUP(D33,$P$4:$V$12,4,FALSE)-VLOOKUP(B33,$P$4:$V$12,4,FALSE) | X33: =VLOOKUP(D33,$P$4:$V$12,5,FALSE)-VLOOKUP(B33,$P$4:$V$12,5,FALSE) | Y33: =IF(U33>0,IF(V33>0,ATAN(V33/U33),ATAN(V33/U33)+2*PI()),ATAN(V33/U33)+PI()) | Z33: =IF(W33>0,IF(X33>0,ATAN(X33/W33),ATAN(X33/W33)+2*PI()),ATAN(X33/W33)+PI()) | AA33: =IF((Z33-Y33)*200/PI()>0,(Z33-Y33)*200/PI(),(Z33-Y33)*200/PI()+400)
B34: ='_calc_Dane'!B33 | C34: ='_calc_Dane'!C33 | D34: ='_calc_Dane'!D33 | E34: ='_calc_Dane'!E33 | F34: ='_calc_Dane'!M13-'_calc_Dane'!M10 | G34: ='_calc_Dane'!N13-'_calc_Dane'!N10 | H34: ='_calc_Dane'!M9-'_calc_Dane'!M10 | I34: ='_calc_Dane'!N9-'_calc_Dane'!N10 | J34: =F34^2+G34^2 | K34: =H34^2+I34^2 | L34: =IF(ATAN2(F34,G34)*200/PI()<0,ATAN2(F34,G34)*200/PI()+400,ATAN2(F34,G34)*200/PI()) | M34: =IF(ATAN2(H34,I34)*200/PI()<0,ATAN2(H34,I34)*200/PI()+400,ATAN2(H34,I34)*200/PI()) | N34: =IF(M34-L34<0,M34-L34+400,M34-L34) | O34: ='_calc_Dane'!$M$15 | P34: =N34-E34 | Q34: =F34/J34*2000000/PI() | R34: =G34/J34*2000000/PI() | S34: =H34/K34*2000000/PI() | T34: =I34/K34*2000000/PI() | U34: =VLOOKUP(C34,$P$4:$V$12,4,FALSE)-VLOOKUP(B34,$P$4:$V$12,4,FALSE) | V34: =VLOOKUP(C34,$P$4:$V$12,5,FALSE)-VLOOKUP(B34,$P$4:$V$12,5,FALSE) | W34: =VLOOKUP(D34,$P$4:$V$12,4,FALSE)-VLOOKUP(B34,$P$4:$V$12,4,FALSE) | X34: =VLOOKUP(D34,$P$4:$V$12,5,FALSE)-VLOOKUP(B34,$P$4:$V$12,5,FALSE) | Y34: =IF(U34>0,IF(V34>0,ATAN(V34/U34),ATAN(V34/U34)+2*PI()),ATAN(V34/U34)+PI()) | Z34: =IF(W34>0,IF(X34>0,ATAN(X34/W34),ATAN(X34/W34)+2*PI()),ATAN(X34/W34)+PI()) | AA34: =IF((Z34-Y34)*200/PI()>0,(Z34-Y34)*200/PI(),(Z34-Y34)*200/PI()+400)
B35: ='_calc_Dane'!B34 | C35: ='_calc_Dane'!C34 | D35: ='_calc_Dane'!D34 | E35: ='_calc_Dane'!E34 | F35: ='_calc_Dane'!M10-'_calc_Dane'!M9 | G35: ='_calc_Dane'!N10-'_calc_Dane'!N9 | H35: ='_calc_Dane'!M11-'_calc_Dane'!M9 | I35: ='_calc_Dane'!N11-'_calc_Dane'!N9 | J35: =F35^2+G35^2 | K35: =H35^2+I35^2 | L35: =IF(ATAN2(F35,G35)*200/PI()<0,ATAN2(F35,G35)*200/PI()+400,ATAN2(F35,G35)*200/PI()) | M35: =IF(ATAN2(H35,I35)*200/PI()<0,ATAN2(H35,I35)*200/PI()+400,ATAN2(H35,I35)*200/PI()) | N35: =IF(M35-L35<0,M35-L35+400,M35-L35) | O35: ='_calc_Dane'!$M$15 | P35: =N35-E35 | Q35: =F35/J35*2000000/PI() | R35: =G35/J35*2000000/PI() | S35: =H35/K35*2000000/PI() | T35: =I35/K35*2000000/PI() | U35: =VLOOKUP(C35,$P$4:$V$12,4,FALSE)-VLOOKUP(B35,$P$4:$V$12,4,FALSE) | V35: =VLOOKUP(C35,$P$4:$V$12,5,FALSE)-VLOOKUP(B35,$P$4:$V$12,5,FALSE) | W35: =VLOOKUP(D35,$P$4:$V$12,4,FALSE)-VLOOKUP(B35,$P$4:$V$12,4,FALSE) | X35: =VLOOKUP(D35,$P$4:$V$12,5,FALSE)-VLOOKUP(B35,$P$4:$V$12,5,FALSE) | Y35: =IF(U35>0,IF(V35>0,ATAN(V35/U35),ATAN(V35/U35)+2*PI()),ATAN(V35/U35)+PI()) | Z35: =IF(W35>0,IF(X35>0,ATAN(X35/W35),ATAN(X35/W35)+2*PI()),ATAN(X35/W35)+PI()) | AA35: =IF((Z35-Y35)*200/PI()>0,(Z35-Y35)*200/PI(),(Z35-Y35)*200/PI()+400)
B36: ='_calc_Dane'!B35 | C36: ='_calc_Dane'!C35 | D36: ='_calc_Dane'!D35 | E36: ='_calc_Dane'!E35 | F36: ='_calc_Dane'!M11-'_calc_Dane'!M9 | G36: ='_calc_Dane'!N11-'_calc_Dane'!N9 | H36: ='_calc_Dane'!M13-'_calc_Dane'!M9 | I36: ='_calc_Dane'!N13-'_calc_Dane'!N9 | J36: =F36^2+G36^2 | K36: =H36^2+I36^2 | L36: =IF(ATAN2(F36,G36)*200/PI()<0,ATAN2(F36,G36)*200/PI()+400,ATAN2(F36,G36)*200/PI()) | M36: =IF(ATAN2(H36,I36)*200/PI()<0,ATAN2(H36,I36)*200/PI()+400,ATAN2(H36,I36)*200/PI()) | N36: =IF(M36-L36<0,M36-L36+400,M36-L36) | O36: ='_calc_Dane'!$M$15 | P36: =N36-E36 | Q36: =F36/J36*2000000/PI() | R36: =G36/J36*2000000/PI() | S36: =H36/K36*2000000/PI() | T36: =I36/K36*2000000/PI() | U36: =VLOOKUP(C36,$P$4:$V$12,4,FALSE)-VLOOKUP(B36,$P$4:$V$12,4,FALSE) | V36: =VLOOKUP(C36,$P$4:$V$12,5,FALSE)-VLOOKUP(B36,$P$4:$V$12,5,FALSE) | W36: =VLOOKUP(D36,$P$4:$V$12,4,FALSE)-VLOOKUP(B36,$P$4:$V$12,4,FALSE) | X36: =VLOOKUP(D36,$P$4:$V$12,5,FALSE)-VLOOKUP(B36,$P$4:$V$12,5,FALSE) | Y36: =IF(U36>0,IF(V36>0,ATAN(V36/U36),ATAN(V36/U36)+2*PI()),ATAN(V36/U36)+PI()) | Z36: =IF(W36>0,IF(X36>0,ATAN(X36/W36),ATAN(X36/W36)+2*PI()),ATAN(X36/W36)+PI()) | AA36: =IF((Z36-Y36)*200/PI()>0,(Z36-Y36)*200/PI(),(Z36-Y36)*200/PI()+400)
B37: ='_calc_Dane'!B36 | C37: ='_calc_Dane'!C36 | D37: ='_calc_Dane'!D36 | E37: ='_calc_Dane'!E36 | F37: ='_calc_Dane'!M13-'_calc_Dane'!M9 | G37: ='_calc_Dane'!N13-'_calc_Dane'!N9 | H37: ='_calc_Dane'!M8-'_calc_Dane'!M9 | I37: ='_calc_Dane'!N8-'_calc_Dane'!N9 | J37: =F37^2+G37^2 | K37: =H37^2+I37^2 | L37: =IF(ATAN2(F37,G37)*200/PI()<0,ATAN2(F37,G37)*200/PI()+400,ATAN2(F37,G37)*200/PI()) | M37: =IF(ATAN2(H37,I37)*200/PI()<0,ATAN2(H37,I37)*200/PI()+400,ATAN2(H37,I37)*200/PI()) | N37: =IF(M37-L37<0,M37-L37+400,M37-L37) | O37: ='_calc_Dane'!$M$15 | P37: =N37-E37 | Q37: =F37/J37*2000000/PI() | R37: =G37/J37*2000000/PI() | S37: =H37/K37*2000000/PI() | T37: =I37/K37*2000000/PI()
B39: a | S39: l [m/cc]
B40: dx
B41: 1 | C41: 1 | D41: 3 | E41: 3 | F41: 4 | G41: 4 | H41: 5 | I41: 5 | J41: 6 | K41: 6 | L41: 7 | M41: 7 | N41: 8 | O41: 8 | P41: 9 | Q41: 9 | R41: l | T41: v
B42: =IF(B$41=$B4,IF(B$40="dx",-$K4,-$J4),IF(B$41=$C4,IF(B$40="dx",$K4,$J4),0)) | C42: =IF(C$41=$B4,IF(C$40="dx",-$K4,-$J4),IF(C$41=$C4,IF(C$40="dx",$K4,$J4),0)) | D42: =IF(D$41=$B4,IF(D$40="dx",-$K4,-$J4),IF(D$41=$C4,IF(D$40="dx",$K4,$J4),0)) | E42: =IF(E$41=$B4,IF(E$40="dx",-$K4,-$J4),IF(E$41=$C4,IF(E$40="dx",$K4,$J4),0)) | F42: =IF(F$41=$B4,IF(F$40="dx",-$K4,-$J4),IF(F$41=$C4,IF(F$40="dx",$K4,$J4),0)) | G42: =IF(G$41=$B4,IF(G$40="dx",-$K4,-$J4),IF(G$41=$C4,IF(G$40="dx",$K4,$J4),0)) | H42: =IF(H$41=$B4,IF(H$40="dx",-$K4,-$J4),IF(H$41=$C4,IF(H$40="dx",$K4,$J4),0)) | I42: =IF(I$41=$B4,IF(I$40="dx",-$K4,-$J4),IF(I$41=$C4,IF(I$40="dx",$K4,$J4),0)) | ... Q42: =IF(Q$41=$B4,IF(Q$40="dx",-$K4,-$J4),IF(Q$41=$C4,IF(Q$40="dx",$K4,$J4),0)) | S42: =M4
A43: [-] | B43: =IF(B$41=$B5,IF(B$40="dx",-$K5,-$J5),IF(B$41=$C5,IF(B$40="dx",$K5,$J5),0)) | C43: =IF(C$41=$B5,IF(C$40="dx",-$K5,-$J5),IF(C$41=$C5,IF(C$40="dx",$K5,$J5),0)) | D43: =IF(D$41=$B5,IF(D$40="dx",-$K5,-$J5),IF(D$41=$C5,IF(D$40="dx",$K5,$J5),0)) | E43: =IF(E$41=$B5,IF(E$40="dx",-$K5,-$J5),IF(E$41=$C5,IF(E$40="dx",$K5,$J5),0)) | F43: =IF(F$41=$B5,IF(F$40="dx",-$K5,-$J5),IF(F$41=$C5,IF(F$40="dx",$K5,$J5),0)) | G43: =IF(G$41=$B5,IF(G$40="dx",-$K5,-$J5),IF(G$41=$C5,IF(G$40="dx",$K5,$J5),0)) | H43: =IF(H$41=$B5,IF(H$40="dx",-$K5,-$J5),IF(H$41=$C5,IF(H$40="dx",$K5,$J5),0)) | I43: =IF(I$41=$B5,IF(I$40="dx",-$K5,-$J5),IF(I$41=$C5,IF(I$40="dx",$K5,$J5),0)) | ... Q43: =IF(Q$41=$B5,IF(Q$40="dx",-$K5,-$J5),IF(Q$41=$C5,IF(Q$40="dx",$K5,$J5),0)) | R43: =N4 | S43: =M5 | T43: {=MMULT(B43:Q74,U140:U155)+R43:R74} | U43: [m]
B44: =IF(B$41=$B6,IF(B$40="dx",-$K6,-$J6),IF(B$41=$C6,IF(B$40="dx",$K6,$J6),0)) | C44: =IF(C$41=$B6,IF(C$40="dx",-$K6,-$J6),IF(C$41=$C6,IF(C$40="dx",$K6,$J6),0)) | D44: =IF(D$41=$B6,IF(D$40="dx",-$K6,-$J6),IF(D$41=$C6,IF(D$40="dx",$K6,$J6),0)) | E44: =IF(E$41=$B6,IF(E$40="dx",-$K6,-$J6),IF(E$41=$C6,IF(E$40="dx",$K6,$J6),0)) | F44: =IF(F$41=$B6,IF(F$40="dx",-$K6,-$J6),IF(F$41=$C6,IF(F$40="dx",$K6,$J6),0)) | G44: =IF(G$41=$B6,IF(G$40="dx",-$K6,-$J6),IF(G$41=$C6,IF(G$40="dx",$K6,$J6),0)) | H44: =IF(H$41=$B6,IF(H$40="dx",-$K6,-$J6),IF(H$41=$C6,IF(H$40="dx",$K6,$J6),0)) | I44: =IF(I$41=$B6,IF(I$40="dx",-$K6,-$J6),IF(I$41=$C6,IF(I$40="dx",$K6,$J6),0)) | ... Q44: =IF(Q$41=$B6,IF(Q$40="dx",-$K6,-$J6),IF(Q$41=$C6,IF(Q$40="dx",$K6,$J6),0)) | R44: =N5 | S44: =M6 | T44: -0.00035673384
B45: =IF(B$41=$B7,IF(B$40="dx",-$K7,-$J7),IF(B$41=$C7,IF(B$40="dx",$K7,$J7),0)) | C45: =IF(C$41=$B7,IF(C$40="dx",-$K7,-$J7),IF(C$41=$C7,IF(C$40="dx",$K7,$J7),0)) | D45: =IF(D$41=$B7,IF(D$40="dx",-$K7,-$J7),IF(D$41=$C7,IF(D$40="dx",$K7,$J7),0)) | E45: =IF(E$41=$B7,IF(E$40="dx",-$K7,-$J7),IF(E$41=$C7,IF(E$40="dx",$K7,$J7),0)) | F45: =IF(F$41=$B7,IF(F$40="dx",-$K7,-$J7),IF(F$41=$C7,IF(F$40="dx",$K7,$J7),0)) | G45: =IF(G$41=$B7,IF(G$40="dx",-$K7,-$J7),IF(G$41=$C7,IF(G$40="dx",$K7,$J7),0)) | H45: =IF(H$41=$B7,IF(H$40="dx",-$K7,-$J7),IF(H$41=$C7,IF(H$40="dx",$K7,$J7),0)) | I45: =IF(I$41=$B7,IF(I$40="dx",-$K7,-$J7),IF(I$41=$C7,IF(I$40="dx",$K7,$J7),0)) | ... Q45: =IF(Q$41=$B7,IF(Q$40="dx",-$K7,-$J7),IF(Q$41=$C7,IF(Q$40="dx",$K7,$J7),0)) | R45: =N6 | S45: =M7 | T45: 9.6657651e-05
B46: =IF(B$41=$B8,IF(B$40="dx",-$K8,-$J8),IF(B$41=$C8,IF(B$40="dx",$K8,$J8),0)) | C46: =IF(C$41=$B8,IF(C$40="dx",-$K8,-$J8),IF(C$41=$C8,IF(C$40="dx",$K8,$J8),0)) | D46: =IF(D$41=$B8,IF(D$40="dx",-$K8,-$J8),IF(D$41=$C8,IF(D$40="dx",$K8,$J8),0)) | E46: =IF(E$41=$B8,IF(E$40="dx",-$K8,-$J8),IF(E$41=$C8,IF(E$40="dx",$K8,$J8),0)) | F46: =IF(F$41=$B8,IF(F$40="dx",-$K8,-$J8),IF(F$41=$C8,IF(F$40="dx",$K8,$J8),0)) | G46: =IF(G$41=$B8,IF(G$40="dx",-$K8,-$J8),IF(G$41=$C8,IF(G$40="dx",$K8,$J8),0)) | H46: =IF(H$41=$B8,IF(H$40="dx",-$K8,-$J8),IF(H$41=$C8,IF(H$40="dx",$K8,$J8),0)) | I46: =IF(I$41=$B8,IF(I$40="dx",-$K8,-$J8),IF(I$41=$C8,IF(I$40="dx",$K8,$J8),0)) | ... Q46: =IF(Q$41=$B8,IF(Q$40="dx",-$K8,-$J8),IF(Q$41=$C8,IF(Q$40="dx",$K8,$J8),0)) | R46: =N7 | S46: =M8 | T46: 0.00013441458
B47: =IF(B$41=$B9,IF(B$40="dx",-$K9,-$J9),IF(B$41=$C9,IF(B$40="dx",$K9,$J9),0)) | C47: =IF(C$41=$B9,IF(C$40="dx",-$K9,-$J9),IF(C$41=$C9,IF(C$40="dx",$K9,$J9),0)) | D47: =IF(D$41=$B9,IF(D$40="dx",-$K9,-$J9),IF(D$41=$C9,IF(D$40="dx",$K9,$J9),0)) | E47: =IF(E$41=$B9,IF(E$40="dx",-$K9,-$J9),IF(E$41=$C9,IF(E$40="dx",$K9,$J9),0)) | F47: =IF(F$41=$B9,IF(F$40="dx",-$K9,-$J9),IF(F$41=$C9,IF(F$40="dx",$K9,$J9),0)) | G47: =IF(G$41=$B9,IF(G$40="dx",-$K9,-$J9),IF(G$41=$C9,IF(G$40="dx",$K9,$J9),0)) | H47: =IF(H$41=$B9,IF(H$40="dx",-$K9,-$J9),IF(H$41=$C9,IF(H$40="dx",$K9,$J9),0)) | I47: =IF(I$41=$B9,IF(I$40="dx",-$K9,-$J9),IF(I$41=$C9,IF(I$40="dx",$K9,$J9),0)) | ... Q47: =IF(Q$41=$B9,IF(Q$40="dx",-$K9,-$J9),IF(Q$41=$C9,IF(Q$40="dx",$K9,$J9),0)) | R47: =N8 | S47: =M9 | T47: -0.0004521253
B48: =IF(B$41=$B10,IF(B$40="dx",-$K10,-$J10),IF(B$41=$C10,IF(B$40="dx",$K10,$J10),0)) | C48: =IF(C$41=$B10,IF(C$40="dx",-$K10,-$J10),IF(C$41=$C10,IF(C$40="dx",$K10,$J10),0)) | D48: =IF(D$41=$B10,IF(D$40="dx",-$K10,-$J10),IF(D$41=$C10,IF(D$40="dx",$K10,$J10),0)) | E48: =IF(E$41=$B10,IF(E$40="dx",-$K10,-$J10),IF(E$41=$C10,IF(E$40="dx",$K10,$J10),0)) | F48: =IF(F$41=$B10,IF(F$40="dx",-$K10,-$J10),IF(F$41=$C10,IF(F$40="dx",$K10,$J10),0)) | G48: =IF(G$41=$B10,IF(G$40="dx",-$K10,-$J10),IF(G$41=$C10,IF(G$40="dx",$K10,$J10),0)) | H48: =IF(H$41=$B10,IF(H$40="dx",-$K10,-$J10),IF(H$41=$C10,IF(H$40="dx",$K10,$J10),0)) | I48: =IF(I$41=$B10,IF(I$40="dx",-$K10,-$J10),IF(I$41=$C10,IF(I$40="dx",$K10,$J10),0)) | ... Q48: =IF(Q$41=$B10,IF(Q$40="dx",-$K10,-$J10),IF(Q$41=$C10,IF(Q$40="dx",$K10,$J10),0)) | R48: =N9 | S48: =M10 | T48: 0.0016948827
B49: =IF(B$41=$B11,IF(B$40="dx",-$K11,-$J11),IF(B$41=$C11,IF(B$40="dx",$K11,$J11),0)) | C49: =IF(C$41=$B11,IF(C$40="dx",-$K11,-$J11),IF(C$41=$C11,IF(C$40="dx",$K11,$J11),0)) | D49: =IF(D$41=$B11,IF(D$40="dx",-$K11,-$J11),IF(D$41=$C11,IF(D$40="dx",$K11,$J11),0)) | E49: =IF(E$41=$B11,IF(E$40="dx",-$K11,-$J11),IF(E$41=$C11,IF(E$40="dx",$K11,$J11),0)) | F49: =IF(F$41=$B11,IF(F$40="dx",-$K11,-$J11),IF(F$41=$C11,IF(F$40="dx",$K11,$J11),0)) | G49: =IF(G$41=$B11,IF(G$40="dx",-$K11,-$J11),IF(G$41=$C11,IF(G$40="dx",$K11,$J11),0)) | H49: =IF(H$41=$B11,IF(H$40="dx",-$K11,-$J11),IF(H$41=$C11,IF(H$40="dx",$K11,$J11),0)) | I49: =IF(I$41=$B11,IF(I$40="dx",-$K11,-$J11),IF(I$41=$C11,IF(I$40="dx",$K11,$J11),0)) | ... Q49: =IF(Q$41=$B11,IF(Q$40="dx",-$K11,-$J11),IF(Q$41=$C11,IF(Q$40="dx",$K11,$J11),0)) | R49: =N10 | S49: =M11 | T49: 2.4117649e-06
B50: =IF(B$41=$B12,IF(B$40="dx",-$K12,-$J12),IF(B$41=$C12,IF(B$40="dx",$K12,$J12),0)) | C50: =IF(C$41=$B12,IF(C$40="dx",-$K12,-$J12),IF(C$41=$C12,IF(C$40="dx",$K12,$J12),0)) | D50: =IF(D$41=$B12,IF(D$40="dx",-$K12,-$J12),IF(D$41=$C12,IF(D$40="dx",$K12,$J12),0)) | E50: =IF(E$41=$B12,IF(E$40="dx",-$K12,-$J12),IF(E$41=$C12,IF(E$40="dx",$K12,$J12),0)) | F50: =IF(F$41=$B12,IF(F$40="dx",-$K12,-$J12),IF(F$41=$C12,IF(F$40="dx",$K12,$J12),0)) | G50: =IF(G$41=$B12,IF(G$40="dx",-$K12,-$J12),IF(G$41=$C12,IF(G$40="dx",$K12,$J12),0)) | H50: =IF(H$41=$B12,IF(H$40="dx",-$K12,-$J12),IF(H$41=$C12,IF(H$40="dx",$K12,$J12),0)) | I50: =IF(I$41=$B12,IF(I$40="dx",-$K12,-$J12),IF(I$41=$C12,IF(I$40="dx",$K12,$J12),0)) | ... Q50: =IF(Q$41=$B12,IF(Q$40="dx",-$K12,-$J12),IF(Q$41=$C12,IF(Q$40="dx",$K12,$J12),0)) | R50: =N11 | S50: =M12 | T50: -0.0013655854
B51: =IF(B$41=$B13,IF(B$40="dx",-$K13,-$J13),IF(B$41=$C13,IF(B$40="dx",$K13,$J13),0)) | C51: =IF(C$41=$B13,IF(C$40="dx",-$K13,-$J13),IF(C$41=$C13,IF(C$40="dx",$K13,$J13),0)) | D51: =IF(D$41=$B13,IF(D$40="dx",-$K13,-$J13),IF(D$41=$C13,IF(D$40="dx",$K13,$J13),0)) | E51: =IF(E$41=$B13,IF(E$40="dx",-$K13,-$J13),IF(E$41=$C13,IF(E$40="dx",$K13,$J13),0)) | F51: =IF(F$41=$B13,IF(F$40="dx",-$K13,-$J13),IF(F$41=$C13,IF(F$40="dx",$K13,$J13),0)) | G51: =IF(G$41=$B13,IF(G$40="dx",-$K13,-$J13),IF(G$41=$C13,IF(G$40="dx",$K13,$J13),0)) | H51: =IF(H$41=$B13,IF(H$40="dx",-$K13,-$J13),IF(H$41=$C13,IF(H$40="dx",$K13,$J13),0)) | I51: =IF(I$41=$B13,IF(I$40="dx",-$K13,-$J13),IF(I$41=$C13,IF(I$40="dx",$K13,$J13),0)) | ... Q51: =IF(Q$41=$B13,IF(Q$40="dx",-$K13,-$J13),IF(Q$41=$C13,IF(Q$40="dx",$K13,$J13),0)) | R51: =N12 | S51: =M13 | T51: -0.00090118645
B52: =IF(B$41=$B14,IF(B$40="dx",-$K14,-$J14),IF(B$41=$C14,IF(B$40="dx",$K14,$J14),0)) | C52: =IF(C$41=$B14,IF(C$40="dx",-$K14,-$J14),IF(C$41=$C14,IF(C$40="dx",$K14,$J14),0)) | D52: =IF(D$41=$B14,IF(D$40="dx",-$K14,-$J14),IF(D$41=$C14,IF(D$40="dx",$K14,$J14),0)) | E52: =IF(E$41=$B14,IF(E$40="dx",-$K14,-$J14),IF(E$41=$C14,IF(E$40="dx",$K14,$J14),0)) | F52: =IF(F$41=$B14,IF(F$40="dx",-$K14,-$J14),IF(F$41=$C14,IF(F$40="dx",$K14,$J14),0)) | G52: =IF(G$41=$B14,IF(G$40="dx",-$K14,-$J14),IF(G$41=$C14,IF(G$40="dx",$K14,$J14),0)) | H52: =IF(H$41=$B14,IF(H$40="dx",-$K14,-$J14),IF(H$41=$C14,IF(H$40="dx",$K14,$J14),0)) | I52: =IF(I$41=$B14,IF(I$40="dx",-$K14,-$J14),IF(I$41=$C14,IF(I$40="dx",$K14,$J14),0)) | ... Q52: =IF(Q$41=$B14,IF(Q$40="dx",-$K14,-$J14),IF(Q$41=$C14,IF(Q$40="dx",$K14,$J14),0)) | R52: =N13 | S52: =M14 | T52: -0.000154884
B53: =IF(B$41=$B15,IF(B$40="dx",-$K15,-$J15),IF(B$41=$C15,IF(B$40="dx",$K15,$J15),0)) | C53: =IF(C$41=$B15,IF(C$40="dx",-$K15,-$J15),IF(C$41=$C15,IF(C$40="dx",$K15,$J15),0)) | D53: =IF(D$41=$B15,IF(D$40="dx",-$K15,-$J15),IF(D$41=$C15,IF(D$40="dx",$K15,$J15),0)) | E53: =IF(E$41=$B15,IF(E$40="dx",-$K15,-$J15),IF(E$41=$C15,IF(E$40="dx",$K15,$J15),0)) | F53: =IF(F$41=$B15,IF(F$40="dx",-$K15,-$J15),IF(F$41=$C15,IF(F$40="dx",$K15,$J15),0)) | G53: =IF(G$41=$B15,IF(G$40="dx",-$K15,-$J15),IF(G$41=$C15,IF(G$40="dx",$K15,$J15),0)) | H53: =IF(H$41=$B15,IF(H$40="dx",-$K15,-$J15),IF(H$41=$C15,IF(H$40="dx",$K15,$J15),0)) | I53: =IF(I$41=$B15,IF(I$40="dx",-$K15,-$J15),IF(I$41=$C15,IF(I$40="dx",$K15,$J15),0)) | ... Q53: =IF(Q$41=$B15,IF(Q$40="dx",-$K15,-$J15),IF(Q$41=$C15,IF(Q$40="dx",$K15,$J15),0)) | R53: =N14 | S53: =M15 | T53: -0.0013115377
B54: =IF(B$41=$B16,IF(B$40="dx",-$K16,-$J16),IF(B$41=$C16,IF(B$40="dx",$K16,$J16),0)) | C54: =IF(C$41=$B16,IF(C$40="dx",-$K16,-$J16),IF(C$41=$C16,IF(C$40="dx",$K16,$J16),0)) | D54: =IF(D$41=$B16,IF(D$40="dx",-$K16,-$J16),IF(D$41=$C16,IF(D$40="dx",$K16,$J16),0)) | E54: =IF(E$41=$B16,IF(E$40="dx",-$K16,-$J16),IF(E$41=$C16,IF(E$40="dx",$K16,$J16),0)) | F54: =IF(F$41=$B16,IF(F$40="dx",-$K16,-$J16),IF(F$41=$C16,IF(F$40="dx",$K16,$J16),0)) | G54: =IF(G$41=$B16,IF(G$40="dx",-$K16,-$J16),IF(G$41=$C16,IF(G$40="dx",$K16,$J16),0)) | H54: =IF(H$41=$B16,IF(H$40="dx",-$K16,-$J16),IF(H$41=$C16,IF(H$40="dx",$K16,$J16),0)) | I54: =IF(I$41=$B16,IF(I$40="dx",-$K16,-$J16),IF(I$41=$C16,IF(I$40="dx",$K16,$J16),0)) | ... Q54: =IF(Q$41=$B16,IF(Q$40="dx",-$K16,-$J16),IF(Q$41=$C16,IF(Q$40="dx",$K16,$J16),0)) | R54: =N15 | S54: =M16 | T54: -0.00048884666
B55: =IF(B$41=$B17,IF(B$40="dx",-$K17,-$J17),IF(B$41=$C17,IF(B$40="dx",$K17,$J17),0)) | C55: =IF(C$41=$B17,IF(C$40="dx",-$K17,-$J17),IF(C$41=$C17,IF(C$40="dx",$K17,$J17),0)) | D55: =IF(D$41=$B17,IF(D$40="dx",-$K17,-$J17),IF(D$41=$C17,IF(D$40="dx",$K17,$J17),0)) | E55: =IF(E$41=$B17,IF(E$40="dx",-$K17,-$J17),IF(E$41=$C17,IF(E$40="dx",$K17,$J17),0)) | F55: =IF(F$41=$B17,IF(F$40="dx",-$K17,-$J17),IF(F$41=$C17,IF(F$40="dx",$K17,$J17),0)) | G55: =IF(G$41=$B17,IF(G$40="dx",-$K17,-$J17),IF(G$41=$C17,IF(G$40="dx",$K17,$J17),0)) | H55: =IF(H$41=$B17,IF(H$40="dx",-$K17,-$J17),IF(H$41=$C17,IF(H$40="dx",$K17,$J17),0)) | I55: =IF(I$41=$B17,IF(I$40="dx",-$K17,-$J17),IF(I$41=$C17,IF(I$40="dx",$K17,$J17),0)) | ... Q55: =IF(Q$41=$B17,IF(Q$40="dx",-$K17,-$J17),IF(Q$41=$C17,IF(Q$40="dx",$K17,$J17),0)) | R55: =N16 | S55: =M17 | T55: -9.5585903e-05
... B61: =IF(B$41=$B23,IF(B$40="dx",-$K23,-$J23),IF(B$41=$C23,IF(B$40="dx",$K23,$J23),0)) | C61: =IF(C$41=$B23,IF(C$40="dx",-$K23,-$J23),IF(C$41=$C23,IF(C$40="dx",$K23,$J23),0)) | D61: =IF(D$41=$B23,IF(D$40="dx",-$K23,-$J23),IF(D$41=$C23,IF(D$40="dx",$K23,$J23),0)) | E61: =IF(E$41=$B23,IF(E$40="dx",-$K23,-$J23),IF(E$41=$C23,IF(E$40="dx",$K23,$J23),0)) | F61: =IF(F$41=$B23,IF(F$40="dx",-$K23,-$J23),IF(F$41=$C23,IF(F$40="dx",$K23,$J23),0)) | G61: =IF(G$41=$B23,IF(G$40="dx",-$K23,-$J23),IF(G$41=$C23,IF(G$40="dx",$K23,$J23),0)) | H61: =IF(H$41=$B23,IF(H$40="dx",-$K23,-$J23),IF(H$41=$C23,IF(H$40="dx",$K23,$J23),0)) | I61: =IF(I$41=$B23,IF(I$40="dx",-$K23,-$J23),IF(I$41=$C23,IF(I$40="dx",$K23,$J23),0)) | ... Q61: =IF(Q$41=$B23,IF(Q$40="dx",-$K23,-$J23),IF(Q$41=$C23,IF(Q$40="dx",$K23,$J23),0)) | R61: =N22 | S61: =M23 | T61: -0.00079783728
B62: =IF(B$41=$C26,IF(B$40="dx",$R26,-$Q26),IF(B$41=$D26,IF(B$40="dx",-$T26,$S26),IF(B$41=$B26,IF(B$40="dx",($T26-$R26),($Q26-$S26)),0))) | C62: =IF(C$41=$C26,IF(C$40="dx",$R26,-$Q26),IF(C$41=$D26,IF(C$40="dx",-$T26,$S26),IF(C$41=$B26,IF(C$40="dx",($T26-$R26),($Q26-$S26)),0))) | D62: =IF(D$41=$C26,IF(D$40="dx",$R26,-$Q26),IF(D$41=$D26,IF(D$40="dx",-$T26,$S26),IF(D$41=$B26,IF(D$40="dx",($T26-$R26),($Q26-$S26)),0))) | E62: =IF(E$41=$C26,IF(E$40="dx",$R26,-$Q26),IF(E$41=$D26,IF(E$40="dx",-$T26,$S26),IF(E$41=$B26,IF(E$40="dx",($T26-$R26),($Q26-$S26)),0))) | F62: =IF(F$41=$C26,IF(F$40="dx",$R26,-$Q26),IF(F$41=$D26,IF(F$40="dx",-$T26,$S26),IF(F$41=$B26,IF(F$40="dx",($T26-$R26),($Q26-$S26)),0))) | G62: =IF(G$41=$C26,IF(G$40="dx",$R26,-$Q26),IF(G$41=$D26,IF(G$40="dx",-$T26,$S26),IF(G$41=$B26,IF(G$40="dx",($T26-$R26),($Q26-$S26)),0))) | H62: =IF(H$41=$C26,IF(H$40="dx",$R26,-$Q26),IF(H$41=$D26,IF(H$40="dx",-$T26,$S26),IF(H$41=$B26,IF(H$40="dx",($T26-$R26),($Q26-$S26)),0))) | I62: =IF(I$41=$C26,IF(I$40="dx",$R26,-$Q26),IF(I$41=$D26,IF(I$40="dx",-$T26,$S26),IF(I$41=$B26,IF(I$40="dx",($T26-$R26),($Q26-$S26)),0))) | ... Q62: =IF(Q$41=$C26,IF(Q$40="dx",$R26,-$Q26),IF(Q$41=$D26,IF(Q$40="dx",-$T26,$S26),IF(Q$41=$B26,IF(Q$40="dx",($T26-$R26),($Q26-$S26)),0))) | R62: =N23 | S62: =P26*10000 | T62: 0.0018967005
A63: [cc/m] | B63: =IF(B$41=$C27,IF(B$40="dx",$R27,-$Q27),IF(B$41=$D27,IF(B$40="dx",-$T27,$S27),IF(B$41=$B27,IF(B$40="dx",($T27-$R27),($Q27-$S27)),0))) | C63: =IF(C$41=$C27,IF(C$40="dx",$R27,-$Q27),IF(C$41=$D27,IF(C$40="dx",-$T27,$S27),IF(C$41=$B27,IF(C$40="dx",($T27-$R27),($Q27-$S27)),0))) | D63: =IF(D$41=$C27,IF(D$40="dx",$R27,-$Q27),IF(D$41=$D27,IF(D$40="dx",-$T27,$S27),IF(D$41=$B27,IF(D$40="dx",($T27-$R27),($Q27-$S27)),0))) | E63: =IF(E$41=$C27,IF(E$40="dx",$R27,-$Q27),IF(E$41=$D27,IF(E$40="dx",-$T27,$S27),IF(E$41=$B27,IF(E$40="dx",($T27-$R27),($Q27-$S27)),0))) | F63: =IF(F$41=$C27,IF(F$40="dx",$R27,-$Q27),IF(F$41=$D27,IF(F$40="dx",-$T27,$S27),IF(F$41=$B27,IF(F$40="dx",($T27-$R27),($Q27-$S27)),0))) | G63: =IF(G$41=$C27,IF(G$40="dx",$R27,-$Q27),IF(G$41=$D27,IF(G$40="dx",-$T27,$S27),IF(G$41=$B27,IF(G$40="dx",($T27-$R27),($Q27-$S27)),0))) | H63: =IF(H$41=$C27,IF(H$40="dx",$R27,-$Q27),IF(H$41=$D27,IF(H$40="dx",-$T27,$S27),IF(H$41=$B27,IF(H$40="dx",($T27-$R27),($Q27-$S27)),0))) | I63: =IF(I$41=$C27,IF(I$40="dx",$R27,-$Q27),IF(I$41=$D27,IF(I$40="dx",-$T27,$S27),IF(I$41=$B27,IF(I$40="dx",($T27-$R27),($Q27-$S27)),0))) | ... Q63: =IF(Q$41=$C27,IF(Q$40="dx",$R27,-$Q27),IF(Q$41=$D27,IF(Q$40="dx",-$T27,$S27),IF(Q$41=$B27,IF(Q$40="dx",($T27-$R27),($Q27-$S27)),0))) | R63: =P25 | S63: =P27*10000 | T63: 2.006816 | U63: [cc]
B64: =IF(B$41=$C28,IF(B$40="dx",$R28,-$Q28),IF(B$41=$D28,IF(B$40="dx",-$T28,$S28),IF(B$41=$B28,IF(B$40="dx",($T28-$R28),($Q28-$S28)),0))) | C64: =IF(C$41=$C28,IF(C$40="dx",$R28,-$Q28),IF(C$41=$D28,IF(C$40="dx",-$T28,$S28),IF(C$41=$B28,IF(C$40="dx",($T28-$R28),($Q28-$S28)),0))) | D64: =IF(D$41=$C28,IF(D$40="dx",$R28,-$Q28),IF(D$41=$D28,IF(D$40="dx",-$T28,$S28),IF(D$41=$B28,IF(D$40="dx",($T28-$R28),($Q28-$S28)),0))) | E64: =IF(E$41=$C28,IF(E$40="dx",$R28,-$Q28),IF(E$41=$D28,IF(E$40="dx",-$T28,$S28),IF(E$41=$B28,IF(E$40="dx",($T28-$R28),($Q28-$S28)),0))) | F64: =IF(F$41=$C28,IF(F$40="dx",$R28,-$Q28),IF(F$41=$D28,IF(F$40="dx",-$T28,$S28),IF(F$41=$B28,IF(F$40="dx",($T28-$R28),($Q28-$S28)),0))) | G64: =IF(G$41=$C28,IF(G$40="dx",$R28,-$Q28),IF(G$41=$D28,IF(G$40="dx",-$T28,$S28),IF(G$41=$B28,IF(G$40="dx",($T28-$R28),($Q28-$S28)),0))) | H64: =IF(H$41=$C28,IF(H$40="dx",$R28,-$Q28),IF(H$41=$D28,IF(H$40="dx",-$T28,$S28),IF(H$41=$B28,IF(H$40="dx",($T28-$R28),($Q28-$S28)),0))) | I64: =IF(I$41=$C28,IF(I$40="dx",$R28,-$Q28),IF(I$41=$D28,IF(I$40="dx",-$T28,$S28),IF(I$41=$B28,IF(I$40="dx",($T28-$R28),($Q28-$S28)),0))) | ... Q64: =IF(Q$41=$C28,IF(Q$40="dx",$R28,-$Q28),IF(Q$41=$D28,IF(Q$40="dx",-$T28,$S28),IF(Q$41=$B28,IF(Q$40="dx",($T28-$R28),($Q28-$S28)),0))) | R64: =P26 | S64: =P28*10000 | T64: 0.12018915
B65: =IF(B$41=$C29,IF(B$40="dx",$R29,-$Q29),IF(B$41=$D29,IF(B$40="dx",-$T29,$S29),IF(B$41=$B29,IF(B$40="dx",($T29-$R29),($Q29-$S29)),0))) | C65: =IF(C$41=$C29,IF(C$40="dx",$R29,-$Q29),IF(C$41=$D29,IF(C$40="dx",-$T29,$S29),IF(C$41=$B29,IF(C$40="dx",($T29-$R29),($Q29-$S29)),0))) | D65: =IF(D$41=$C29,IF(D$40="dx",$R29,-$Q29),IF(D$41=$D29,IF(D$40="dx",-$T29,$S29),IF(D$41=$B29,IF(D$40="dx",($T29-$R29),($Q29-$S29)),0))) | E65: =IF(E$41=$C29,IF(E$40="dx",$R29,-$Q29),IF(E$41=$D29,IF(E$40="dx",-$T29,$S29),IF(E$41=$B29,IF(E$40="dx",($T29-$R29),($Q29-$S29)),0))) | F65: =IF(F$41=$C29,IF(F$40="dx",$R29,-$Q29),IF(F$41=$D29,IF(F$40="dx",-$T29,$S29),IF(F$41=$B29,IF(F$40="dx",($T29-$R29),($Q29-$S29)),0))) | G65: =IF(G$41=$C29,IF(G$40="dx",$R29,-$Q29),IF(G$41=$D29,IF(G$40="dx",-$T29,$S29),IF(G$41=$B29,IF(G$40="dx",($T29-$R29),($Q29-$S29)),0))) | H65: =IF(H$41=$C29,IF(H$40="dx",$R29,-$Q29),IF(H$41=$D29,IF(H$40="dx",-$T29,$S29),IF(H$41=$B29,IF(H$40="dx",($T29-$R29),($Q29-$S29)),0))) | I65: =IF(I$41=$C29,IF(I$40="dx",$R29,-$Q29),IF(I$41=$D29,IF(I$40="dx",-$T29,$S29),IF(I$41=$B29,IF(I$40="dx",($T29-$R29),($Q29-$S29)),0))) | ... Q65: =IF(Q$41=$C29,IF(Q$40="dx",$R29,-$Q29),IF(Q$41=$D29,IF(Q$40="dx",-$T29,$S29),IF(Q$41=$B29,IF(Q$40="dx",($T29-$R29),($Q29-$S29)),0))) | R65: =P27 | S65: =P29*10000 | T65: 1.4444171
B66: =IF(B$41=$C30,IF(B$40="dx",$R30,-$Q30),IF(B$41=$D30,IF(B$40="dx",-$T30,$S30),IF(B$41=$B30,IF(B$40="dx",($T30-$R30),($Q30-$S30)),0))) | C66: =IF(C$41=$C30,IF(C$40="dx",$R30,-$Q30),IF(C$41=$D30,IF(C$40="dx",-$T30,$S30),IF(C$41=$B30,IF(C$40="dx",($T30-$R30),($Q30-$S30)),0))) | D66: =IF(D$41=$C30,IF(D$40="dx",$R30,-$Q30),IF(D$41=$D30,IF(D$40="dx",-$T30,$S30),IF(D$41=$B30,IF(D$40="dx",($T30-$R30),($Q30-$S30)),0))) | E66: =IF(E$41=$C30,IF(E$40="dx",$R30,-$Q30),IF(E$41=$D30,IF(E$40="dx",-$T30,$S30),IF(E$41=$B30,IF(E$40="dx",($T30-$R30),($Q30-$S30)),0))) | F66: =IF(F$41=$C30,IF(F$40="dx",$R30,-$Q30),IF(F$41=$D30,IF(F$40="dx",-$T30,$S30),IF(F$41=$B30,IF(F$40="dx",($T30-$R30),($Q30-$S30)),0))) | G66: =IF(G$41=$C30,IF(G$40="dx",$R30,-$Q30),IF(G$41=$D30,IF(G$40="dx",-$T30,$S30),IF(G$41=$B30,IF(G$40="dx",($T30-$R30),($Q30-$S30)),0))) | H66: =IF(H$41=$C30,IF(H$40="dx",$R30,-$Q30),IF(H$41=$D30,IF(H$40="dx",-$T30,$S30),IF(H$41=$B30,IF(H$40="dx",($T30-$R30),($Q30-$S30)),0))) | I66: =IF(I$41=$C30,IF(I$40="dx",$R30,-$Q30),IF(I$41=$D30,IF(I$40="dx",-$T30,$S30),IF(I$41=$B30,IF(I$40="dx",($T30-$R30),($Q30-$S30)),0))) | ... Q66: =IF(Q$41=$C30,IF(Q$40="dx",$R30,-$Q30),IF(Q$41=$D30,IF(Q$40="dx",-$T30,$S30),IF(Q$41=$B30,IF(Q$40="dx",($T30-$R30),($Q30-$S30)),0))) | R66: =P28 | S66: =P30*10000 | T66: -0.085345167
B67: =IF(B$41=$C31,IF(B$40="dx",$R31,-$Q31),IF(B$41=$D31,IF(B$40="dx",-$T31,$S31),IF(B$41=$B31,IF(B$40="dx",($T31-$R31),($Q31-$S31)),0))) | C67: =IF(C$41=$C31,IF(C$40="dx",$R31,-$Q31),IF(C$41=$D31,IF(C$40="dx",-$T31,$S31),IF(C$41=$B31,IF(C$40="dx",($T31-$R31),($Q31-$S31)),0))) | D67: =IF(D$41=$C31,IF(D$40="dx",$R31,-$Q31),IF(D$41=$D31,IF(D$40="dx",-$T31,$S31),IF(D$41=$B31,IF(D$40="dx",($T31-$R31),($Q31-$S31)),0))) | E67: =IF(E$41=$C31,IF(E$40="dx",$R31,-$Q31),IF(E$41=$D31,IF(E$40="dx",-$T31,$S31),IF(E$41=$B31,IF(E$40="dx",($T31-$R31),($Q31-$S31)),0))) | F67: =IF(F$41=$C31,IF(F$40="dx",$R31,-$Q31),IF(F$41=$D31,IF(F$40="dx",-$T31,$S31),IF(F$41=$B31,IF(F$40="dx",($T31-$R31),($Q31-$S31)),0))) | G67: =IF(G$41=$C31,IF(G$40="dx",$R31,-$Q31),IF(G$41=$D31,IF(G$40="dx",-$T31,$S31),IF(G$41=$B31,IF(G$40="dx",($T31-$R31),($Q31-$S31)),0))) | H67: =IF(H$41=$C31,IF(H$40="dx",$R31,-$Q31),IF(H$41=$D31,IF(H$40="dx",-$T31,$S31),IF(H$41=$B31,IF(H$40="dx",($T31-$R31),($Q31-$S31)),0))) | I67: =IF(I$41=$C31,IF(I$40="dx",$R31,-$Q31),IF(I$41=$D31,IF(I$40="dx",-$T31,$S31),IF(I$41=$B31,IF(I$40="dx",($T31-$R31),($Q31-$S31)),0))) | ... Q67: =IF(Q$41=$C31,IF(Q$40="dx",$R31,-$Q31),IF(Q$41=$D31,IF(Q$40="dx",-$T31,$S31),IF(Q$41=$B31,IF(Q$40="dx",($T31-$R31),($Q31-$S31)),0))) | R67: =P29 | S67: =P31*10000 | T67: 4.1986502
B68: =IF(B$41=$C32,IF(B$40="dx",$R32,-$Q32),IF(B$41=$D32,IF(B$40="dx",-$T32,$S32),IF(B$41=$B32,IF(B$40="dx",($T32-$R32),($Q32-$S32)),0))) | C68: =IF(C$41=$C32,IF(C$40="dx",$R32,-$Q32),IF(C$41=$D32,IF(C$40="dx",-$T32,$S32),IF(C$41=$B32,IF(C$40="dx",($T32-$R32),($Q32-$S32)),0))) | D68: =IF(D$41=$C32,IF(D$40="dx",$R32,-$Q32),IF(D$41=$D32,IF(D$40="dx",-$T32,$S32),IF(D$41=$B32,IF(D$40="dx",($T32-$R32),($Q32-$S32)),0))) | E68: =IF(E$41=$C32,IF(E$40="dx",$R32,-$Q32),IF(E$41=$D32,IF(E$40="dx",-$T32,$S32),IF(E$41=$B32,IF(E$40="dx",($T32-$R32),($Q32-$S32)),0))) | F68: =IF(F$41=$C32,IF(F$40="dx",$R32,-$Q32),IF(F$41=$D32,IF(F$40="dx",-$T32,$S32),IF(F$41=$B32,IF(F$40="dx",($T32-$R32),($Q32-$S32)),0))) | G68: =IF(G$41=$C32,IF(G$40="dx",$R32,-$Q32),IF(G$41=$D32,IF(G$40="dx",-$T32,$S32),IF(G$41=$B32,IF(G$40="dx",($T32-$R32),($Q32-$S32)),0))) | H68: =IF(H$41=$C32,IF(H$40="dx",$R32,-$Q32),IF(H$41=$D32,IF(H$40="dx",-$T32,$S32),IF(H$41=$B32,IF(H$40="dx",($T32-$R32),($Q32-$S32)),0))) | I68: =IF(I$41=$C32,IF(I$40="dx",$R32,-$Q32),IF(I$41=$D32,IF(I$40="dx",-$T32,$S32),IF(I$41=$B32,IF(I$40="dx",($T32-$R32),($Q32-$S32)),0))) | ... Q68: =IF(Q$41=$C32,IF(Q$40="dx",$R32,-$Q32),IF(Q$41=$D32,IF(Q$40="dx",-$T32,$S32),IF(Q$41=$B32,IF(Q$40="dx",($T32-$R32),($Q32-$S32)),0))) | R68: =P30 | S68: =P32*10000 | T68: -1.6847274
B69: =IF(B$41=$C33,IF(B$40="dx",$R33,-$Q33),IF(B$41=$D33,IF(B$40="dx",-$T33,$S33),IF(B$41=$B33,IF(B$40="dx",($T33-$R33),($Q33-$S33)),0))) | C69: =IF(C$41=$C33,IF(C$40="dx",$R33,-$Q33),IF(C$41=$D33,IF(C$40="dx",-$T33,$S33),IF(C$41=$B33,IF(C$40="dx",($T33-$R33),($Q33-$S33)),0))) | D69: =IF(D$41=$C33,IF(D$40="dx",$R33,-$Q33),IF(D$41=$D33,IF(D$40="dx",-$T33,$S33),IF(D$41=$B33,IF(D$40="dx",($T33-$R33),($Q33-$S33)),0))) | E69: =IF(E$41=$C33,IF(E$40="dx",$R33,-$Q33),IF(E$41=$D33,IF(E$40="dx",-$T33,$S33),IF(E$41=$B33,IF(E$40="dx",($T33-$R33),($Q33-$S33)),0))) | F69: =IF(F$41=$C33,IF(F$40="dx",$R33,-$Q33),IF(F$41=$D33,IF(F$40="dx",-$T33,$S33),IF(F$41=$B33,IF(F$40="dx",($T33-$R33),($Q33-$S33)),0))) | G69: =IF(G$41=$C33,IF(G$40="dx",$R33,-$Q33),IF(G$41=$D33,IF(G$40="dx",-$T33,$S33),IF(G$41=$B33,IF(G$40="dx",($T33-$R33),($Q33-$S33)),0))) | H69: =IF(H$41=$C33,IF(H$40="dx",$R33,-$Q33),IF(H$41=$D33,IF(H$40="dx",-$T33,$S33),IF(H$41=$B33,IF(H$40="dx",($T33-$R33),($Q33-$S33)),0))) | I69: =IF(I$41=$C33,IF(I$40="dx",$R33,-$Q33),IF(I$41=$D33,IF(I$40="dx",-$T33,$S33),IF(I$41=$B33,IF(I$40="dx",($T33-$R33),($Q33-$S33)),0))) | ... Q69: =IF(Q$41=$C33,IF(Q$40="dx",$R33,-$Q33),IF(Q$41=$D33,IF(Q$40="dx",-$T33,$S33),IF(Q$41=$B33,IF(Q$40="dx",($T33-$R33),($Q33-$S33)),0))) | R69: =P31 | S69: =P33*10000 | T69: -0.48367062
B70: =IF(B$41=$C34,IF(B$40="dx",$R34,-$Q34),IF(B$41=$D34,IF(B$40="dx",-$T34,$S34),IF(B$41=$B34,IF(B$40="dx",($T34-$R34),($Q34-$S34)),0))) | C70: =IF(C$41=$C34,IF(C$40="dx",$R34,-$Q34),IF(C$41=$D34,IF(C$40="dx",-$T34,$S34),IF(C$41=$B34,IF(C$40="dx",($T34-$R34),($Q34-$S34)),0))) | D70: =IF(D$41=$C34,IF(D$40="dx",$R34,-$Q34),IF(D$41=$D34,IF(D$40="dx",-$T34,$S34),IF(D$41=$B34,IF(D$40="dx",($T34-$R34),($Q34-$S34)),0))) | E70: =IF(E$41=$C34,IF(E$40="dx",$R34,-$Q34),IF(E$41=$D34,IF(E$40="dx",-$T34,$S34),IF(E$41=$B34,IF(E$40="dx",($T34-$R34),($Q34-$S34)),0))) | F70: =IF(F$41=$C34,IF(F$40="dx",$R34,-$Q34),IF(F$41=$D34,IF(F$40="dx",-$T34,$S34),IF(F$41=$B34,IF(F$40="dx",($T34-$R34),($Q34-$S34)),0))) | G70: =IF(G$41=$C34,IF(G$40="dx",$R34,-$Q34),IF(G$41=$D34,IF(G$40="dx",-$T34,$S34),IF(G$41=$B34,IF(G$40="dx",($T34-$R34),($Q34-$S34)),0))) | H70: =IF(H$41=$C34,IF(H$40="dx",$R34,-$Q34),IF(H$41=$D34,IF(H$40="dx",-$T34,$S34),IF(H$41=$B34,IF(H$40="dx",($T34-$R34),($Q34-$S34)),0))) | I70: =IF(I$41=$C34,IF(I$40="dx",$R34,-$Q34),IF(I$41=$D34,IF(I$40="dx",-$T34,$S34),IF(I$41=$B34,IF(I$40="dx",($T34-$R34),($Q34-$S34)),0))) | ... Q70: =IF(Q$41=$C34,IF(Q$40="dx",$R34,-$Q34),IF(Q$41=$D34,IF(Q$40="dx",-$T34,$S34),IF(Q$41=$B34,IF(Q$40="dx",($T34-$R34),($Q34-$S34)),0))) | R70: =P32 | S70: =P34*10000 | T70: 3.0964719
B71: =IF(B$41=$C35,IF(B$40="dx",$R35,-$Q35),IF(B$41=$D35,IF(B$40="dx",-$T35,$S35),IF(B$41=$B35,IF(B$40="dx",($T35-$R35),($Q35-$S35)),0))) | C71: =IF(C$41=$C35,IF(C$40="dx",$R35,-$Q35),IF(C$41=$D35,IF(C$40="dx",-$T35,$S35),IF(C$41=$B35,IF(C$40="dx",($T35-$R35),($Q35-$S35)),0))) | D71: =IF(D$41=$C35,IF(D$40="dx",$R35,-$Q35),IF(D$41=$D35,IF(D$40="dx",-$T35,$S35),IF(D$41=$B35,IF(D$40="dx",($T35-$R35),($Q35-$S35)),0))) | E71: =IF(E$41=$C35,IF(E$40="dx",$R35,-$Q35),IF(E$41=$D35,IF(E$40="dx",-$T35,$S35),IF(E$41=$B35,IF(E$40="dx",($T35-$R35),($Q35-$S35)),0))) | F71: =IF(F$41=$C35,IF(F$40="dx",$R35,-$Q35),IF(F$41=$D35,IF(F$40="dx",-$T35,$S35),IF(F$41=$B35,IF(F$40="dx",($T35-$R35),($Q35-$S35)),0))) | G71: =IF(G$41=$C35,IF(G$40="dx",$R35,-$Q35),IF(G$41=$D35,IF(G$40="dx",-$T35,$S35),IF(G$41=$B35,IF(G$40="dx",($T35-$R35),($Q35-$S35)),0))) | H71: =IF(H$41=$C35,IF(H$40="dx",$R35,-$Q35),IF(H$41=$D35,IF(H$40="dx",-$T35,$S35),IF(H$41=$B35,IF(H$40="dx",($T35-$R35),($Q35-$S35)),0))) | I71: =IF(I$41=$C35,IF(I$40="dx",$R35,-$Q35),IF(I$41=$D35,IF(I$40="dx",-$T35,$S35),IF(I$41=$B35,IF(I$40="dx",($T35-$R35),($Q35-$S35)),0))) | ... Q71: =IF(Q$41=$C35,IF(Q$40="dx",$R35,-$Q35),IF(Q$41=$D35,IF(Q$40="dx",-$T35,$S35),IF(Q$41=$B35,IF(Q$40="dx",($T35-$R35),($Q35-$S35)),0))) | R71: =P33 | S71: =P35*10000 | T71: 1.4050367
B72: =IF(B$41=$C36,IF(B$40="dx",$R36,-$Q36),IF(B$41=$D36,IF(B$40="dx",-$T36,$S36),IF(B$41=$B36,IF(B$40="dx",($T36-$R36),($Q36-$S36)),0))) | C72: =IF(C$41=$C36,IF(C$40="dx",$R36,-$Q36),IF(C$41=$D36,IF(C$40="dx",-$T36,$S36),IF(C$41=$B36,IF(C$40="dx",($T36-$R36),($Q36-$S36)),0))) | D72: =IF(D$41=$C36,IF(D$40="dx",$R36,-$Q36),IF(D$41=$D36,IF(D$40="dx",-$T36,$S36),IF(D$41=$B36,IF(D$40="dx",($T36-$R36),($Q36-$S36)),0))) | E72: =IF(E$41=$C36,IF(E$40="dx",$R36,-$Q36),IF(E$41=$D36,IF(E$40="dx",-$T36,$S36),IF(E$41=$B36,IF(E$40="dx",($T36-$R36),($Q36-$S36)),0))) | F72: =IF(F$41=$C36,IF(F$40="dx",$R36,-$Q36),IF(F$41=$D36,IF(F$40="dx",-$T36,$S36),IF(F$41=$B36,IF(F$40="dx",($T36-$R36),($Q36-$S36)),0))) | G72: =IF(G$41=$C36,IF(G$40="dx",$R36,-$Q36),IF(G$41=$D36,IF(G$40="dx",-$T36,$S36),IF(G$41=$B36,IF(G$40="dx",($T36-$R36),($Q36-$S36)),0))) | H72: =IF(H$41=$C36,IF(H$40="dx",$R36,-$Q36),IF(H$41=$D36,IF(H$40="dx",-$T36,$S36),IF(H$41=$B36,IF(H$40="dx",($T36-$R36),($Q36-$S36)),0))) | I72: =IF(I$41=$C36,IF(I$40="dx",$R36,-$Q36),IF(I$41=$D36,IF(I$40="dx",-$T36,$S36),IF(I$41=$B36,IF(I$40="dx",($T36-$R36),($Q36-$S36)),0))) | ... Q72: =IF(Q$41=$C36,IF(Q$40="dx",$R36,-$Q36),IF(Q$41=$D36,IF(Q$40="dx",-$T36,$S36),IF(Q$41=$B36,IF(Q$40="dx",($T36-$R36),($Q36-$S36)),0))) | R72: =P34 | S72: =P36*10000 | T72: 1.7929557
B73: =IF(B$41=$C37,IF(B$40="dx",$R37,-$Q37),IF(B$41=$D37,IF(B$40="dx",-$T37,$S37),IF(B$41=$B37,IF(B$40="dx",($T37-$R37),($Q37-$S37)),0))) | C73: =IF(C$41=$C37,IF(C$40="dx",$R37,-$Q37),IF(C$41=$D37,IF(C$40="dx",-$T37,$S37),IF(C$41=$B37,IF(C$40="dx",($T37-$R37),($Q37-$S37)),0))) | D73: =IF(D$41=$C37,IF(D$40="dx",$R37,-$Q37),IF(D$41=$D37,IF(D$40="dx",-$T37,$S37),IF(D$41=$B37,IF(D$40="dx",($T37-$R37),($Q37-$S37)),0))) | E73: =IF(E$41=$C37,IF(E$40="dx",$R37,-$Q37),IF(E$41=$D37,IF(E$40="dx",-$T37,$S37),IF(E$41=$B37,IF(E$40="dx",($T37-$R37),($Q37-$S37)),0))) | F73: =IF(F$41=$C37,IF(F$40="dx",$R37,-$Q37),IF(F$41=$D37,IF(F$40="dx",-$T37,$S37),IF(F$41=$B37,IF(F$40="dx",($T37-$R37),($Q37-$S37)),0))) | G73: =IF(G$41=$C37,IF(G$40="dx",$R37,-$Q37),IF(G$41=$D37,IF(G$40="dx",-$T37,$S37),IF(G$41=$B37,IF(G$40="dx",($T37-$R37),($Q37-$S37)),0))) | H73: =IF(H$41=$C37,IF(H$40="dx",$R37,-$Q37),IF(H$41=$D37,IF(H$40="dx",-$T37,$S37),IF(H$41=$B37,IF(H$40="dx",($T37-$R37),($Q37-$S37)),0))) | I73: =IF(I$41=$C37,IF(I$40="dx",$R37,-$Q37),IF(I$41=$D37,IF(I$40="dx",-$T37,$S37),IF(I$41=$B37,IF(I$40="dx",($T37-$R37),($Q37-$S37)),0))) | ... Q73: =IF(Q$41=$C37,IF(Q$40="dx",$R37,-$Q37),IF(Q$41=$D37,IF(Q$40="dx",-$T37,$S37),IF(Q$41=$B37,IF(Q$40="dx",($T37-$R37),($Q37-$S37)),0))) | R73: =P35 | S73: =P37*10000 | T73: 0.25070503
B74: =IF(B$42=$C36,IF(B$41="dx",$R36,-$Q36),IF(B$42=$D36,IF(B$41="dx",-$T36,$S36),IF(B$42=$B36,IF(B$41="dx",($T36-$R36),($Q36-$S36)),0))) | C74: =IF(C$42=$C36,IF(C$41="dx",$R36,-$Q36),IF(C$42=$D36,IF(C$41="dx",-$T36,$S36),IF(C$42=$B36,IF(C$41="dx",($T36-$R36),($Q36-$S36)),0))) | D74: =IF(D$42=$C36,IF(D$41="dx",$R36,-$Q36),IF(D$42=$D36,IF(D$41="dx",-$T36,$S36),IF(D$42=$B36,IF(D$41="dx",($T36-$R36),($Q36-$S36)),0))) | E74: =IF(E$42=$C36,IF(E$41="dx",$R36,-$Q36),IF(E$42=$D36,IF(E$41="dx",-$T36,$S36),IF(E$42=$B36,IF(E$41="dx",($T36-$R36),($Q36-$S36)),0))) | F74: =IF(F$42=$C36,IF(F$41="dx",$R36,-$Q36),IF(F$42=$D36,IF(F$41="dx",-$T36,$S36),IF(F$42=$B36,IF(F$41="dx",($T36-$R36),($Q36-$S36)),0))) | G74: =IF(G$42=$C36,IF(G$41="dx",$R36,-$Q36),IF(G$42=$D36,IF(G$41="dx",-$T36,$S36),IF(G$42=$B36,IF(G$41="dx",($T36-$R36),($Q36-$S36)),0))) | H74: =IF(H$42=$C36,IF(H$41="dx",$R36,-$Q36),IF(H$42=$D36,IF(H$41="dx",-$T36,$S36),IF(H$42=$B36,IF(H$41="dx",($T36-$R36),($Q36-$S36)),0))) | I74: =IF(I$42=$C36,IF(I$41="dx",$R36,-$Q36),IF(I$42=$D36,IF(I$41="dx",-$T36,$S36),IF(I$42=$B36,IF(I$41="dx",($T36-$R36),($Q36-$S36)),0))) | ... Q74: =IF(Q$42=$C36,IF(Q$41="dx",$R36,-$Q36),IF(Q$42=$D36,IF(Q$41="dx",-$T36,$S36),IF(Q$42=$B36,IF(Q$41="dx",($T36-$R36),($Q36-$S36)),0))) | R74: =P36 | T74: -1.425886
B75: A | S75: L
B76: =B42/$L4 | C76: =C42/$L4 | D76: =D42/$L4 | E76: =E42/$L4 | F76: =F42/$L4 | G76: =G42/$L4 | H76: =H42/$L4 | I76: =I42/$L4 | ... Q76: =Q42/$L4 | S76: =S42/$L4
B77: =B43/$L5 | S77: =S43/$L5
B78: =B44/$L6 | C78: =C44/$L6 | D78: =D44/$L6 | E78: =E44/$L6 | F78: =F44/$L6 | G78: =G44/$L6 | H78: =H44/$L6 | I78: =I44/$L6 | ... Q78: =Q44/$L6 | R78: L | S78: =S44/$L6 | T78: V
B79: =B45/$L7 | C79: =C45/$L7 | D79: =D45/$L7 | E79: =E45/$L7 | F79: =F45/$L7 | G79: =G45/$L7 | H79: =H45/$L7 | I79: =I45/$L7 | ... Q79: =Q45/$L7 | S79: =S45/$L7
A80: [1/m] | B80: =B46/$L8 | C80: =C46/$L8 | D80: =D46/$L8 | E80: =E46/$L8 | F80: =F46/$L8 | G80: =G46/$L8 | H80: =H46/$L8 | I80: =I46/$L8 | ... Q80: =Q46/$L8 | R80: =R43/$M4 | S80: =S46/$L8 | T80: {=MMULT(B80:Q111,U140:U155)+R80:R111} | U80: [-]
B81: =B47/$L9 | C81: =C47/$L9 | D81: =D47/$L9 | E81: =E47/$L9 | F81: =F47/$L9 | G81: =G47/$L9 | H81: =H47/$L9 | I81: =I47/$L9 | ... Q81: =Q47/$L9 | R81: =R44/$M5 | S81: =S47/$L9 | T81: -0.30866691
B82: =B48/$L10 | C82: =C48/$L10 | D82: =D48/$L10 | E82: =E48/$L10 | F82: =F48/$L10 | G82: =G48/$L10 | H82: =H48/$L10 | I82: =I48/$L10 | ... Q82: =Q48/$L10 | R82: =R45/$M6 | S82: =S48/$L10 | T82: 0.082019897
B83: =B49/$L11 | C83: =C49/$L11 | D83: =D49/$L11 | E83: =E49/$L11 | F83: =F49/$L11 | G83: =G49/$L11 | H83: =H49/$L11 | I83: =I49/$L11 | ... Q83: =Q49/$L11 | R83: =R46/$M7 | S83: =S49/$L11 | T83: 0.11707856
B84: =B50/$L12 | C84: =C50/$L12 | D84: =D50/$L12 | E84: =E50/$L12 | F84: =F50/$L12 | G84: =G50/$L12 | H84: =H50/$L12 | I84: =I50/$L12 | ... Q84: =Q50/$L12 | R84: =R47/$M8 | S84: =S50/$L12 | T84: -0.38494389
B85: =B51/$L13 | C85: =C51/$L13 | D85: =D51/$L13 | E85: =E51/$L13 | F85: =F51/$L13 | G85: =G51/$L13 | H85: =H51/$L13 | I85: =I51/$L13 | ... Q85: =Q51/$L13 | R85: =R48/$M9 | S85: =S51/$L13 | T85: 1.4738132
B86: =B52/$L14 | C86: =C52/$L14 | D86: =D52/$L14 | E86: =E52/$L14 | F86: =F52/$L14 | G86: =G52/$L14 | H86: =H52/$L14 | I86: =I52/$L14 | ... Q86: =Q52/$L14 | R86: =R49/$M10 | S86: =S52/$L14 | T86: 0.0020682107
B87: =B53/$L15 | C87: =C53/$L15 | D87: =D53/$L15 | E87: =E53/$L15 | F87: =F53/$L15 | G87: =G53/$L15 | H87: =H53/$L15 | I87: =I53/$L15 | ... Q87: =Q53/$L15 | R87: =R50/$M11 | S87: =S53/$L15 | T87: -1.1894585
B88: =B54/$L16 | C88: =C54/$L16 | D88: =D54/$L16 | E88: =E54/$L16 | F88: =F54/$L16 | G88: =G54/$L16 | H88: =H54/$L16 | I88: =I54/$L16 | ... Q88: =Q54/$L16 | R88: =R51/$M12 | S88: =S54/$L16 | T88: -0.68269565
B89: =B55/$L17 | C89: =C55/$L17 | D89: =D55/$L17 | E89: =E55/$L17 | F89: =F55/$L17 | G89: =G55/$L17 | H89: =H55/$L17 | I89: =I55/$L17 | ... Q89: =Q55/$L17 | R89: =R52/$M13 | S89: =S55/$L17 | T89: -0.12232427
B90: =B56/$L18 | C90: =C56/$L18 | D90: =D56/$L18 | E90: =E56/$L18 | F90: =F56/$L18 | G90: =G56/$L18 | H90: =H56/$L18 | I90: =I56/$L18 | ... Q90: =Q56/$L18 | R90: =R53/$M14 | S90: =S56/$L18 | T90: -1.1222947
B91: =B57/$L19 | C91: =C57/$L19 | D91: =D57/$L19 | E91: =E57/$L19 | F91: =F57/$L19 | G91: =G57/$L19 | H91: =H57/$L19 | I91: =I57/$L19 | ... Q91: =Q57/$L19 | R91: =R54/$M15 | S91: =S57/$L19 | T91: -0.38440162 | U91: AT
B92: =B58/$L20 | C92: =C58/$L20 | D92: =D58/$L20 | E92: =E58/$L20 | F92: =F58/$L20 | G92: =G58/$L20 | H92: =H58/$L20 | I92: =I58/$L20 | ... Q92: =Q58/$L20 | R92: =R55/$M16 | S92: =S58/$L20 | T92: -0.073301297 | U92: {=TRANSPOSE(B76:Q107)} | V92: 0 | W92: 0 | X92: 0 | Y92: 0 | Z92: 521.7399 | AA92: 0 | AB92: 0 | AC92: 0 | AD92: -697.27484 | AE92: -370.45686 | AF92: 173.64492 | AG92: 0 | AH92: 0 | AI92: 0 | AJ92: 0 | AK92: 0 | AL92: 0 | AM92: 0 | AN92: 0 | AO92: -1134.4354 | AP92: 0 | AQ92: 0 | AR92: 0 | AS92: 0 | AT92: 1134.4354 | AU92: 0 | AV92: 0 | AW92: 0 | AX92: 0 | AY92: 0 | AZ92: 0
B93: =B59/$L21 | C93: =C59/$L21 | D93: =D59/$L21 | E93: =E59/$L21 | F93: =F59/$L21 | G93: =G59/$L21 | H93: =H59/$L21 | I93: =I59/$L21 | ... Q93: =Q59/$L21 | R93: =R56/$M17 | S93: =S59/$L21 | T93: -0.22474638 | U93: -766.93288 | V93: 0 | W93: 0 | X93: 0 | Y93: 0 | Z93: -695.6532 | AA93: 0 | AB93: 0 | AC93: 0 | AD93: -370.89087 | AE93: -771.36224 | AF93: -766.93173 | AG93: 0 | AH93: 0 | AI93: 0 | AJ93: 0 | AK93: 0 | AL93: 0 | AM93: 0 | AN93: 0 | AO93: 544.82753 | AP93: 0 | AQ93: 0 | AR93: 0 | AS93: 0 | AT93: -544.82753 | AU93: 0 | AV93: 0 | AW93: 0 | AX93: 0 | AY93: 0 | AZ93: 0
B94: =B60/$L22 | C94: =C60/$L22 | D94: =D60/$L22 | E94: =E60/$L22 | F94: =F60/$L22 | G94: =G60/$L22 | H94: =H60/$L22 | I94: =I60/$L22 | ... Q94: =Q60/$L22 | R94: =R57/$M18 | S94: =S60/$L22 | T94: 1.0167601 | U94: 0 | V94: 0 | W94: 0 | X94: 0 | Y94: 0 | Z94: 0 | AA94: 0 | AB94: 0 | AC94: 0 | AD94: 697.27484 | AE94: 0 | AF94: 0 | AG94: 454.04154 | AH94: 847.24648 | AI94: 172.51455 | AJ94: 0 | AK94: 0 | AL94: 0 | AM94: 0 | AN94: 0 | AO94: 212.41901 | AP94: -212.41901 | AQ94: 0 | AR94: 0 | AS94: 0 | AT94: 0 | AU94: 0 | AV94: 0 | AW94: 0 | AX94: 0 | AY94: 0 | AZ94: 0
B95: =B61/$L23 | C95: =C61/$L23 | D95: =D61/$L23 | E95: =E61/$L23 | F95: =F61/$L23 | G95: =G61/$L23 | H95: =H61/$L23 | I95: =I61/$L23 | ... Q95: =Q61/$L23 | R95: =R58/$M19 | S95: =S61/$L23 | T95: -0.28345223 | U95: 0 | V95: 0 | W95: 0 | X95: 0 | Y95: 0 | Z95: 0 | AA95: 0 | AB95: 0 | AC95: 0 | AD95: 370.89087 | AE95: 0 | AF95: 0 | AG95: -618.00099 | AH95: -141.20775 | AI95: -819.44414 | AJ95: 0 | AK95: 0 | AL95: 0 | AM95: 0 | AN95: 0 | AO95: 1274.5141 | AP95: -1274.5141 | AQ95: 0 | AR95: 0 | AS95: 0 | AT95: 0 | AU95: 0 | AV95: 0 | AW95: 0 | AX95: 0 | AY95: 0 | AZ95: 0
B96: =B62/$O26 | C96: =C62/$O26 | D96: =D62/$O26 | E96: =E62/$O26 | F96: =F62/$O26 | G96: =G62/$O26 | H96: =H62/$O26 | I96: =I62/$O26 | ... Q96: =Q62/$O26 | R96: =R59/$M20 | S96: =S62/$O26 | T96: 0.45015208 | U96: 0 | V96: 0 | W96: 0 | X96: 0 | Y96: 0 | Z96: 0 | AA96: 0 | AB96: 0 | AC96: 0 | AD96: 0 | AE96: 0 | AF96: 0 | AG96: 0 | AH96: 0 | AI96: -172.51455 | AJ96: 809.05597 | AK96: 778.90939 | AL96: 497.85116 | AM96: 0 | AN96: 0 | AO96: 0 | AP96: -834.43115 | AQ96: 834.43115 | AR96: 0 | AS96: 0 | AT96: 0 | AU96: 0 | AV96: 0 | AW96: 0 | AX96: 0 | AY96: 0 | AZ96: 515.86133
B97: =B63/$O27 | C97: =C63/$O27 | D97: =D63/$O27 | E97: =E63/$O27 | F97: =F63/$O27 | G97: =G63/$O27 | H97: =H63/$O27 | I97: =I63/$O27 | ... Q97: =Q63/$O27 | R97: =R60/$M21 | S97: =S63/$O27 | T97: -0.13866045 | U97: 0 | V97: 0 | W97: 0 | X97: 0 | Y97: 0 | Z97: 0 | AA97: 0 | AB97: 0 | AC97: 0 | AD97: 0 | AE97: 0 | AF97: 0 | AG97: 0 | AH97: 0 | AI97: 819.44414 | AJ97: -317.84341 | AK97: 152.72733 | AL97: 665.1618 | AM97: 0 | AN97: 0 | AO97: 0 | AP97: 624.54356 | AQ97: -624.54356 | AR97: 0 | AS97: 0 | AT97: 0 | AU97: 0 | AV97: 0 | AW97: 0 | AX97: 0 | AY97: 0 | AZ97: 1313.1016
B98: =B64/$O28 | C98: =C64/$O28 | D98: =D64/$O28 | E98: =E64/$O28 | F98: =F64/$O28 | G98: =G64/$O28 | H98: =H64/$O28 | I98: =I64/$O28 | ... Q98: =Q64/$O28 | R98: =R61/$M22 | S98: =S64/$O28 | T98: -0.59833934 | U98: 0 | V98: 638.98068 | W98: 0 | X98: 0 | Y98: 0 | Z98: 0 | AA98: 0 | AB98: 0 | AC98: 0 | AD98: 0 | AE98: 0 | AF98: 0 | AG98: -454.04154 | AH98: 0 | AI98: 0 | AJ98: -809.05597 | AK98: 0 | AL98: 0 | AM98: 0 | AN98: 777.48723 | AO98: 0 | AP98: 0 | AQ98: -966.83324 | AR98: 966.83324 | AS98: 0 | AT98: 0 | AU98: 0 | AV98: 0 | AW98: 542.13363 | AX98: -1460.9663 | AY98: -48.000577 | AZ98: 450.97191
B99: =B65/$O29 | C99: =C65/$O29 | D99: =D65/$O29 | E99: =E65/$O29 | F99: =F65/$O29 | G99: =G65/$O29 | H99: =H65/$O29 | I99: =I65/$O29 | ... Q99: =Q65/$O29 | R99: =R62/$M23 | S99: =S65/$O29 | T99: 1.6273316 | U99: 0 | V99: 583.41714 | W99: 0 | X99: 0 | Y99: 0 | Z99: 0 | AA99: 0 | AB99: 0 | AC99: 0 | AD99: 0 | AE99: 0 | AF99: 0 | AG99: 618.00099 | AH99: 0 | AI99: 0 | AJ99: 317.84341 | AK99: 0 | AL99: 0 | AM99: 0 | AN99: -362.82738 | AO99: 0 | AP99: 0 | AQ99: -79.830267 | AR99: 79.830267 | AS99: 0 | AT99: 0 | AU99: 0 | AV99: 0 | AW99: 1161.7149 | AX99: -155.37438 | AY99: -1086.1708 | AZ99: -1233.2713
A100: [1/m] | B100: =B66/$O30 | C100: =C66/$O30 | D100: =D66/$O30 | E100: =E66/$O30 | F100: =F66/$O30 | G100: =G66/$O30 | H100: =H66/$O30 | I100: =I66/$O30 | ... Q100: =Q66/$O30 | R100: =R63/$O25 | S100: =S66/$O30 | T100: 0.66893868 | U100: 0 | V100: 0 | W100: -166.41647 | X100: 0 | Y100: 0 | Z100: 0 | AA100: 0 | AB100: 0 | AC100: -11.835306 | AD100: 0 | AE100: 0 | AF100: 0 | AG100: 0 | AH100: 0 | AI100: 0 | AJ100: 0 | AK100: 0 | AL100: 0 | AM100: -377.87888 | AN100: -777.48723 | AO100: 0 | AP100: 0 | AQ100: 0 | AR100: 0 | AS100: 0 | AT100: 0 | AU100: -502.98654 | AV100: 616.21227 | AW100: 7.6243811 | AX100: 542.13363 | AY100: 0 | AZ100: 0
B101: =B67/$O31 | C101: =C67/$O31 | D101: =D67/$O31 | E101: =E67/$O31 | F101: =F67/$O31 | G101: =G67/$O31 | H101: =H67/$O31 | I101: =I67/$O31 | ... Q101: =Q67/$O31 | R101: =R64/$O26 | S101: =S67/$O31 | T101: 0.04006305 | U101: 0 | V101: 0 | W101: 832.08235 | X101: 0 | Y101: 0 | Z101: 0 | AA101: 0 | AB101: 0 | AC101: 757.4596 | AD101: 0 | AE101: 0 | AF101: 0 | AG101: 0 | AH101: 0 | AI101: 0 | AJ101: 0 | AK101: 0 | AL101: 0 | AM101: 647.79236 | AN101: 362.82738 | AO101: 0 | AP101: 0 | AQ101: 0 | AR101: 0 | AS101: 0 | AT101: 0 | AU101: -222.83493 | AV101: -87.498115 | AW101: -841.02274 | AX101: 1161.7149 | AY101: 0 | AZ101: 0
B102: =B68/$O32 | C102: =C68/$O32 | D102: =D68/$O32 | E102: =E68/$O32 | F102: =F68/$O32 | G102: =G68/$O32 | H102: =H68/$O32 | I102: =I68/$O32 | ... Q102: =Q68/$O32 | R102: =R65/$O27 | S102: =S68/$O32 | T102: 0.48147238 | U102: -173.64518 | V102: -638.98068 | W102: 166.41647 | X102: 176.4747 | Y102: -648.84292 | Z102: 0 | AA102: 0 | AB102: 176.47447 | AC102: 0 | AD102: 0 | AE102: 0 | AF102: -173.64492 | AG102: 0 | AH102: 0 | AI102: 0 | AJ102: 0 | AK102: -778.90939 | AL102: 0 | AM102: 0 | AN102: 0 | AO102: 0 | AP102: 0 | AQ102: 0 | AR102: -787.29216 | AS102: 787.29216 | AT102: 0 | AU102: 1165.9703 | AV102: -1165.9703 | AW102: 0 | AX102: 918.83266 | AY102: -918.83266 | AZ102: 0
B103: =B69/$O33 | C103: =C69/$O33 | D103: =D69/$O33 | E103: =E69/$O33 | F103: =F69/$O33 | G103: =G69/$O33 | H103: =H69/$O33 | I103: =I69/$O33 | ... Q103: =Q69/$O33 | R103: =R66/$O28 | S103: =S69/$O33 | T103: -0.028448389 | U103: 766.93288 | V103: -583.41714 | W103: -832.08235 | X103: 852.96103 | Y103: 551.27256 | Z103: 0 | AA103: 0 | AB103: 852.95992 | AC103: 0 | AD103: 0 | AE103: 0 | AF103: 766.93173 | AG103: 0 | AH103: 0 | AI103: 0 | AJ103: 0 | AK103: -152.72733 | AL103: 0 | AM103: 0 | AN103: 0 | AO103: 0 | AP103: 0 | AQ103: 0 | AR103: -926.63591 | AS103: 926.63591 | AT103: 0 | AU103: 233.19406 | AV103: -233.19406 | AW103: 0 | AX103: -1006.3405 | AY103: 1006.3405 | AZ103: 0
B104: =B70/$O34 | C104: =C70/$O34 | D104: =D70/$O34 | E104: =E70/$O34 | F104: =F70/$O34 | G104: =G70/$O34 | H104: =H70/$O34 | I104: =I70/$O34 | ... Q104: =Q70/$O34 | R104: =R67/$O29 | S104: =S70/$O34 | T104: 1.3995501 | U104: 0 | V104: 0 | W104: 0 | X104: -176.4747 | Y104: 0 | Z104: -521.7399 | AA104: -841.48805 | AB104: -176.47447 | AC104: 11.835306 | AD104: 0 | AE104: 0 | AF104: 0 | AG104: 0 | AH104: 0 | AI104: 0 | AJ104: 0 | AK104: 0 | AL104: 0 | AM104: 0 | AN104: 0 | AO104: 0 | AP104: 0 | AQ104: 0 | AR104: 0 | AS104: 246.09904 | AT104: -246.09904 | AU104: -662.98373 | AV104: 0 | AW104: 0 | AX104: 0 | AY104: 0 | AZ104: 0
B105: =B71/$O35 | C105: =C71/$O35 | D105: =D71/$O35 | E105: =E71/$O35 | F105: =F71/$O35 | G105: =G71/$O35 | H105: =H71/$O35 | I105: =I71/$O35 | ... Q105: =Q71/$O35 | R105: =R68/$O30 | S105: =S71/$O35 | T105: -0.56157579 | U105: 0 | V105: 0 | W105: 0 | X105: -852.96103 | Y105: 0 | Z105: 695.6532 | AA105: -165.20011 | AB105: -852.95992 | AC105: -757.4596 | AD105: 0 | AE105: 0 | AF105: 0 | AG105: 0 | AH105: 0 | AI105: 0 | AJ105: 0 | AK105: 0 | AL105: 0 | AM105: 0 | AN105: 0 | AO105: 0 | AP105: 0 | AQ105: 0 | AR105: 0 | AS105: -1253.567 | AT105: 1253.567 | AU105: -10.359121 | AV105: 0 | AW105: 0 | AX105: 0 | AY105: 0 | AZ105: 0
B106: =B72/$O36 | C106: =C72/$O36 | D106: =D72/$O36 | E106: =E72/$O36 | F106: =F72/$O36 | G106: =G72/$O36 | H106: =H72/$O36 | I106: =I72/$O36 | ... Q106: =Q72/$O36 | R106: =R69/$O31 | S106: =S72/$O36 | T106: -0.16122354 | U106: 0 | V106: 0 | W106: 0 | X106: 0 | Y106: 648.84292 | Z106: 0 | AA106: 841.48805 | AB106: 0 | AC106: 0 | AD106: 0 | AE106: 370.45686 | AF106: 0 | AG106: 0 | AH106: -847.24648 | AI106: 0 | AJ106: 0 | AK106: 0 | AL106: -497.85116 | AM106: 377.87888 | AN106: 0 | AO106: 922.01639 | AP106: 1046.8502 | AQ106: 132.40209 | AR106: -179.54107 | AS106: -1033.3912 | AT106: -888.33636 | AU106: 0 | AV106: 549.75801 | AW106: -549.75801 | AX106: 0 | AY106: 966.83324 | AZ106: -966.83324
B107: =B73/$O37 | C107: =C73/$O37 | D107: =D73/$O37 | E107: =E73/$O37 | F107: =F73/$O37 | G107: =G73/$O37 | H107: =H73/$O37 | I107: =I73/$O37 | ... Q107: =Q73/$O37 | R107: =R70/$O32 | S107: =S73/$O37 | T107: 1.0321573 | U107: 0 | V107: 0 | W107: 0 | X107: 0 | Y107: -551.27256 | Z107: 0 | AA107: 165.20011 | AB107: 0 | AC107: 0 | AD107: 0 | AE107: 771.36224 | AF107: 0 | AG107: 0 | AH107: 141.20775 | AI107: 0 | AJ107: 0 | AK107: 0 | AL107: -665.1618 | AM107: -647.79236 | AN107: 0 | AO107: -1819.3416 | AP107: 649.9705 | AQ107: 704.37382 | AR107: 846.80564 | AS107: 326.93109 | AT107: -708.73947 | AU107: 0 | AV107: 320.69217 | AW107: -320.69217 | AX107: 0 | AY107: 79.830267 | AZ107: -79.830267
...

Sheet Wstepneaktualny
B2: Wyniki pomiaru aktualnego | P2: Współrzędne przybliżone | S2: Współrzędne wyrównane
B3: c | C3: l | D3: p | E3: L obs [m] | F3: ∆x | G3: ∆y | H3: L przyb [m] | I3: Az [g] | J3: Sin Az | K3: Cos Az | L3: Błąd [m] | M3: l [m] | N3: li [m] | P3: Współrzedne przybliżone | Q3: X0 | R3: Y0 | S3: X | T3: Y | U3: mx | V3: my
B4: ='_calc_Dane'!F5 | C4: ='_calc_Dane'!G5 | D4: ='_calc_Dane'!H5 | E4: ='_calc_Dane'!I5 | F4: ='_calc_Dane'!M5-'_calc_Dane'!M11 | G4: ='_calc_Dane'!N5-'_calc_Dane'!N11 | H4: =SQRT(F4^2+G4^2) | I4: =IF(ATAN2(F4,G4)*200/PI()<0,ATAN2(F4,G4)*200/PI()+400) | J4: =SIN(I4*PI()/200) | K4: =COS(I4*PI()/200) | L4: =0.001+0.000001*E4 | M4: =H4-E4 | N4: =H4-E4 | P4: NR | Q4: Xo | R4: Yo | S4: =Q4+U140 | T4: =R4+U141 | U4: =V140 | V4: =V141
B5: ='_calc_Dane'!F6 | C5: ='_calc_Dane'!G6 | D5: ='_calc_Dane'!H6 | E5: ='_calc_Dane'!I6 | F5: ='_calc_Dane'!M9-'_calc_Dane'!M11 | G5: ='_calc_Dane'!N9-'_calc_Dane'!N11 | H5: =SQRT(F5^2+G5^2) | I5: =IF(ATAN2(F5,G5)*200/PI()<0,ATAN2(F5,G5)*200/PI()+400,ATAN2(F5,G5)*200/PI()) | J5: =SIN(I5*PI()/200) | K5: =COS(I5*PI()/200) | L5: =0.001+0.000001*E5 | M5: =H5-E5 | N5: =H5-E5 | P5: 1 | Q5: 240 | R5: 120 | S5: =Q5+U142 | T5: =R5+U143 | U5: =V142 | V5: =V143
B6: ='_calc_Dane'!F7 | C6: ='_calc_Dane'!G7 | D6: ='_calc_Dane'!H7 | E6: ='_calc_Dane'!I7 | F6: ='_calc_Dane'!M10-'_calc_Dane'!M11 | G6: ='_calc_Dane'!N10-'_calc_Dane'!N11 | H6: =SQRT(F6^2+G6^2) | I6: =IF(ATAN2(F6,G6)*200/PI()<0,ATAN2(F6,G6)*200/PI()+400,ATAN2(F6,G6)*200/PI()) | J6: =SIN(I6*PI()/200) | K6: =COS(I6*PI()/200) | L6: =0.001+0.000001*E6 | M6: =H6-E6 | N6: =H6-E6 | P6: 2 | Q6: 385 | R6: 145 | S6: =Q6 | T6: =R6 | U6: 0 | V6: 0
B7: ='_calc_Dane'!F8 | C7: ='_calc_Dane'!G8 | D7: ='_calc_Dane'!H8 | E7: ='_calc_Dane'!I8 | F7: ='_calc_Dane'!M12-'_calc_Dane'!M11 | G7: ='_calc_Dane'!N12-'_calc_Dane'!N11 | H7: =SQRT(F7^2+G7^2) | I7: =IF(ATAN2(F7,G7)*200/PI()<0,ATAN2(F7,G7)*200/PI()+400) | J7: =SIN(I7*PI()/200) | K7: =COS(I7*PI()/200) | L7: =0.001+0.000001*E7 | M7: =H7-E7 | N7: =H7-E7 | P7: 3 | Q7: 475 | R7: 245 | S7: =Q7+U144 | T7: =R7+U145 | U7: =V144 | V7: =V145
B8: ='_calc_Dane'!F9 | C8: ='_calc_Dane'!G9 | D8: ='_calc_Dane'!H9 | E8: ='_calc_Dane'!I9 | F8: ='_calc_Dane'!M13-'_calc_Dane'!M11 | G8: ='_calc_Dane'!N13-'_calc_Dane'!N11 | H8: =SQRT(F8^2+G8^2) | I8: =IF(ATAN2(F8,G8)*200/PI()<0,ATAN2(F8,G8)*200/PI()+400) | J8: =SIN(I8*PI()/200) | K8: =COS(I8*PI()/200) | L8: =0.001+0.000001*E8 | M8: =H8-E8 | N8: =H8-E8 | P8: 4 | Q8: 435 | R8: 435 | S8: =Q8+U146 | T8: =R8+U147 | U8: =V146 | V8: =V147
B9: ='_calc_Dane'!F10 | C9: ='_calc_Dane'!G10 | D9: ='_calc_Dane'!H10 | E9: ='_calc_Dane'!I10 | F9: ='_calc_Dane'!M5-'_calc_Dane'!M12 | G9: ='_calc_Dane'!N5-'_calc_Dane'!N12 | H9: =SQRT(F9^2+G9^2) | I9: =IF(ATAN2(F9,G9)*200/PI()<0,ATAN2(F9,G9)*200/PI()+400) | J9: =SIN(I9*PI()/200) | K9: =COS(I9*PI()/200) | L9: =0.001+0.000001*E9 | M9: =H9-E9 | N9: =H9-E9 | P9: 5 | Q9: 295 | R9: 490 | S9: =Q9+U148 | T9: =R9+U149 | U9: =V148 | V9: =V149
B10: ='_calc_Dane'!F11 | C10: ='_calc_Dane'!G11 | D10: ='_calc_Dane'!H11 | E10: ='_calc_Dane'!I11 | F10: ='_calc_Dane'!M13-'_calc_Dane'!M12 | G10: ='_calc_Dane'!N13-'_calc_Dane'!N12 | H10: =SQRT(F10^2+G10^2) | I10: =IF(ATAN2(F10,G10)*200/PI()<0,ATAN2(F10,G10)*200/PI()+400,ATAN2(F10,G10)*200/PI()) | J10: =SIN(I10*PI()/200) | K10: =COS(I10*PI()/200) | L10: =0.001+0.000001*E10 | M10: =H10-E10 | N10: =H10-E10 | P10: 6 | Q10: 145 | R10: 560 | S10: =Q10+U150 | T10: =R10+U151 | U10: =V150 | V10: =V151
B11: ='_calc_Dane'!F12 | C11: ='_calc_Dane'!G12 | D11: ='_calc_Dane'!H12 | E11: ='_calc_Dane'!I12 | F11: ='_calc_Dane'!M11-'_calc_Dane'!M12 | G11: ='_calc_Dane'!N11-'_calc_Dane'!N12 | H11: =SQRT(F11^2+G11^2) | I11: =IF(ATAN2(F11,G11)*200/PI()<0,ATAN2(F11,G11)*200/PI()+400,ATAN2(F11,G11)*200/PI()) | J11: =SIN(I11*PI()/200) | K11: =COS(I11*PI()/200) | L11: =0.001+0.000001*E11 | M11: =H11-E11 | N11: =H11-E11 | P11: 7 | Q11: 180 | R11: 385 | S11: =Q11+U152 | T11: =R11+U153 | U11: =V152 | V11: =V153
B12: ='_calc_Dane'!F13 | C12: ='_calc_Dane'!G13 | D12: ='_calc_Dane'!H13 | E12: ='_calc_Dane'!I13 | F12: ='_calc_Dane'!M10-'_calc_Dane'!M12 | G12: ='_calc_Dane'!N10-'_calc_Dane'!N12 | H12: =SQRT(F12^2+G12^2) | I12: =IF(ATAN2(F12,G12)*200/PI()<0,ATAN2(F12,G12)*200/PI()+400,ATAN2(F12,G12)*200/PI()) | J12: =SIN(I12*PI()/200) | K12: =COS(I12*PI()/200) | L12: =0.001+0.000001*E12 | M12: =H12-E12 | N12: =H12-E12 | P12: 8 | Q12: 150 | R12: 240 | S12: =Q12+U154 | T12: =R12+U155 | U12: =V154 | V12: =V155
B13: ='_calc_Dane'!F14 | C13: ='_calc_Dane'!G14 | D13: ='_calc_Dane'!H14 | E13: ='_calc_Dane'!I14 | F13: ='_calc_Dane'!M6-'_calc_Dane'!M5 | G13: ='_calc_Dane'!N6-'_calc_Dane'!N5 | H13: =SQRT(F13^2+G13^2) | I13: =IF(ATAN2(F13,G13)*200/PI()<0,ATAN2(F13,G13)*200/PI()+400,ATAN2(F13,G13)*200/PI()) | J13: =SIN(I13*PI()/200) | K13: =COS(I13*PI()/200) | L13: =0.001+0.000001*E13 | M13: =H13-E13 | N13: =H13-E13 | P13: 9 | Q13: 314 | R13: 271
B14: ='_calc_Dane'!F15 | C14: ='_calc_Dane'!G15 | D14: ='_calc_Dane'!H15 | E14: ='_calc_Dane'!I15 | F14: ='_calc_Dane'!M13-'_calc_Dane'!M5 | G14: ='_calc_Dane'!N13-'_calc_Dane'!N5 | H14: =SQRT(F14^2+G14^2) | I14: =IF(ATAN2(F14,G14)*200/PI()<0,ATAN2(F14,G14)*200/PI()+400,ATAN2(F14,G14)*200/PI()) | J14: =SIN(I14*PI()/200) | K14: =COS(I14*PI()/200) | L14: =0.001+0.000001*E14 | M14: =H14-E14 | N14: =H14-E14 | P14: Numer ID | Q14: =Dane!K4 | T14: n (obserwacje) | U14: =Dane!K10 | V14: m0 | W14: =SQRT(W15/(U14-U15+U16))
B15: ='_calc_Dane'!F16 | C15: ='_calc_Dane'!G16 | D15: ='_calc_Dane'!H16 | E15: ='_calc_Dane'!I16 | F15: ='_calc_Dane'!M11-'_calc_Dane'!M5 | G15: ='_calc_Dane'!N11-'_calc_Dane'!N5 | H15: =SQRT(F15^2+G15^2) | I15: =IF(ATAN2(F15,G15)*200/PI()<0,ATAN2(F15,G15)*200/PI()+400,ATAN2(F15,G15)*200/PI()) | J15: =SIN(I15*PI()/200) | K15: =COS(I15*PI()/200) | L15: =0.001+0.000001*E15 | M15: =H15-E15 | N15: =H15-E15 | P15: σβ | Q15: =Dane!K5 | R15: =Dane!L5 | T15: u (niewiadome) | U15: =Dane!K11 | V15: VTV | W15: {=(MMULT(TRANSPOSE(T80:T111),T80:T111))}
B16: ='_calc_Dane'!F17 | C16: ='_calc_Dane'!G17 | D16: ='_calc_Dane'!H17 | E16: ='_calc_Dane'!I17 | F16: ='_calc_Dane'!M12-'_calc_Dane'!M6 | G16: ='_calc_Dane'!N12-'_calc_Dane'!N6 | H16: =SQRT(F16^2+G16^2) | I16: =IF(ATAN2(F16,G16)*200/PI()<0,ATAN2(F16,G16)*200/PI()+400,ATAN2(F16,G16)*200/PI()) | J16: =SIN(I16*PI()/200) | K16: =COS(I16*PI()/200) | L16: =0.001+0.000001*E16 | M16: =H16-E16 | N16: =H16-E16 | P16: σd | Q16: =Dane!K6 | R16: =Dane!L6 | T16: d (defekt) | U16: =Dane!K12
B17: ='_calc_Dane'!F18 | C17: ='_calc_Dane'!G18 | D17: ='_calc_Dane'!H18 | E17: ='_calc_Dane'!I18 | F17: ='_calc_Dane'!M13-'_calc_Dane'!M6 | G17: ='_calc_Dane'!N13-'_calc_Dane'!N6 | H17: =SQRT(F17^2+G17^2) | I17: =IF(ATAN2(F17,G17)*200/PI()<0,ATAN2(F17,G17)*200/PI()+400,ATAN2(F17,G17)*200/PI()) | J17: =SIN(I17*PI()/200) | K17: =COS(I17*PI()/200) | L17: =0.001+0.000001*E17 | M17: =H17-E17 | N17: =H17-E17
B18: ='_calc_Dane'!F19 | C18: ='_calc_Dane'!G19 | D18: ='_calc_Dane'!H19 | E18: ='_calc_Dane'!I19 | F18: ='_calc_Dane'!M8-'_calc_Dane'!M6 | G18: ='_calc_Dane'!N8-'_calc_Dane'!N6 | H18: =SQRT(F18^2+G18^2) | I18: =IF(ATAN2(F18,G18)*200/PI()<0,ATAN2(F18,G18)*200/PI()+400,ATAN2(F18,G18)*200/PI()) | J18: =SIN(I18*PI()/200) | K18: =COS(I18*PI()/200) | L18: =0.001+0.000001*E18 | M18: =H18-E18 | N18: =H18-E18 | P18: ρcc | Q18: =200/PI()*10000
B19: ='_calc_Dane'!F20 | C19: ='_calc_Dane'!G20 | D19: ='_calc_Dane'!H20 | E19: ='_calc_Dane'!I20 | F19: ='_calc_Dane'!M9-'_calc_Dane'!M8 | G19: ='_calc_Dane'!N9-'_calc_Dane'!N8 | H19: =SQRT(F19^2+G19^2) | I19: =IF(ATAN2(F19,G19)*200/PI()<0,ATAN2(F19,G19)*200/PI()+400,ATAN2(F19,G19)*200/PI()) | J19: =SIN(I19*PI()/200) | K19: =COS(I19*PI()/200) | L19: =0.001+0.000001*E19 | M19: =H19-E19 | N19: =H19-E19
B20: ='_calc_Dane'!F21 | C20: ='_calc_Dane'!G21 | D20: ='_calc_Dane'!H21 | E20: ='_calc_Dane'!I21 | F20: ='_calc_Dane'!M11-'_calc_Dane'!M8 | G20: ='_calc_Dane'!N11-'_calc_Dane'!N8 | H20: =SQRT(F20^2+G20^2) | I20: =IF(ATAN2(F20,G20)*200/PI()<0,ATAN2(F20,G20)*200/PI()+400) | J20: =SIN(I20*PI()/200) | K20: =COS(I20*PI()/200) | L20: =0.001+0.000001*E20 | M20: =H20-E20 | N20: =H20-E20
B21: ='_calc_Dane'!F22 | C21: ='_calc_Dane'!G22 | D21: ='_calc_Dane'!H22 | E21: ='_calc_Dane'!I22 | F21: ='_calc_Dane'!M13-'_calc_Dane'!M8 | G21: ='_calc_Dane'!N13-'_calc_Dane'!N8 | H21: =SQRT(F21^2+G21^2) | I21: =IF(ATAN2(F21,G21)*200/PI()<0,ATAN2(F21,G21)*200/PI()+400) | J21: =SIN(I21*PI()/200) | K21: =COS(I21*PI()/200) | L21: =0.001+0.000001*E21 | M21: =H21-E21 | N21: =H21-E21
B22: ='_calc_Dane'!F23 | C22: ='_calc_Dane'!G23 | D22: ='_calc_Dane'!H23 | E22: ='_calc_Dane'!I23 | F22: ='_calc_Dane'!M13-'_calc_Dane'!M10 | G22: ='_calc_Dane'!N13-'_calc_Dane'!N10 | H22: =SQRT(F22^2+G22^2) | I22: =IF(ATAN2(F22,G22)*200/PI()<0,ATAN2(F22,G22)*200/PI()+400) | J22: =SIN(I22*PI()/200) | K22: =COS(I22*PI()/200) | L22: =0.001+0.000001*E22 | M22: =H22-E22 | N22: =H22-E22
B23: ='_calc_Dane'!F24 | C23: ='_calc_Dane'!G24 | D23: ='_calc_Dane'!H24 | E23: ='_calc_Dane'!I24 | F23: ='_calc_Dane'!M9-'_calc_Dane'!M10 | G23: ='_calc_Dane'!N9-'_calc_Dane'!N10 | H23: =SQRT(F23^2+G23^2) | I23: =IF(ATAN2(F23,G23)*200/PI()<0,ATAN2(F23,G23)*200/PI()+400) | J23: =SIN(I23*PI()/200) | K23: =COS(I23*PI()/200) | L23: =0.001+0.000001*E23 | M23: =H23-E23 | N23: =H23-E23
B24: c | C24: l | D24: p | E24: βobs [g] | F24: Dxcl | G24: Dycl | H24: Dxcp | I24: Dycp | J24: d2cl | K24: d2cp | L24: Acl [rad] | M24: Acp [rad] | N24: βprzyb [g] | O24: błąd [cc] | P24: li [cc] | Q24: Acl | R24: Bcl | S24: Acp | T24: Bcp | U24: Dxcl | V24: Dycl | W24: Dxcp | X24: Dycp | Y24: Acl [rad] | Z24: Acp [rad] | AA24: βprzyb [g]
B25: c | C25: l | D25: p | E25: b obs [g] | F25: ∆xcl | G25: ∆ycl | H25: ∆xcp | I25: ∆ycp | J25: d²cl | K25: d²cp | L25: Az cl [g] | M25: Az cp [g] | N25: b przyb [g] | O25: Błąd [cc] | P25: l [g] | Q25: Acl. | R25: Bcl | S25: Acp | T25: Bcp | U25: =VLOOKUP(C25,$P$4:$V$12,4,FALSE)-VLOOKUP(B25,$P$4:$V$12,4,FALSE) | V25: =VLOOKUP(C25,$P$4:$V$12,5,FALSE)-VLOOKUP(B25,$P$4:$V$12,5,FALSE) | W25: =VLOOKUP(D25,$P$4:$V$12,4,FALSE)-VLOOKUP(B25,$P$4:$V$12,4,FALSE) | X25: =VLOOKUP(D25,$P$4:$V$12,5,FALSE)-VLOOKUP(B25,$P$4:$V$12,5,FALSE) | Y25: =IF(U25>0,IF(V25>0,ATAN(V25/U25),ATAN(V25/U25)+2*PI()),ATAN(V25/U25)+PI()) | Z25: =IF(W25>0,IF(X25>0,ATAN(X25/W25),ATAN(X25/W25)+2*PI()),ATAN(X25/W25)+PI()) | AA25: =IF((Z25-Y25)*200/PI()>0,(Z25-Y25)*200/PI(),(Z25-Y25)*200/PI()+400)
B26: ='_calc_Dane'!F25 | C26: ='_calc_Dane'!G25 | D26: ='_calc_Dane'!H25 | E26: ='_calc_Dane'!I25 | F26: ='_calc_Dane'!M5-'_calc_Dane'!M13 | G26: ='_calc_Dane'!N5-'_calc_Dane'!N13 | H26: ='_calc_Dane'!M6-'_calc_Dane'!M13 | I26: ='_calc_Dane'!N6-'_calc_Dane'!N13 | J26: =F26^2+G26^2 | K26: =H26^2+I26^2 | L26: =IF(ATAN2(F26,G26)*200/PI()<0,ATAN2(F26,G26)*200/PI()+400,ATAN2(F26,G26)*200/PI()) | M26: =IF(ATAN2(H26,I26)*200/PI()<0,ATAN2(H26,I26)*200/PI()+400,ATAN2(H26,I26)*200/PI()) | N26: =IF(M26-L26<0,M26-L26+400,M26-L26) | O26: ='_calc_Dane'!$M$15 | P26: =N26-E26 | Q26: =F26/J26*(2000000/PI()) | R26: =G26/J26*2000000/PI() | S26: =H26/K26*2000000/PI() | T26: =I26/K26*2000000/PI() | U26: =VLOOKUP(C26,$P$4:$V$12,4,FALSE)-VLOOKUP(B26,$P$4:$V$12,4,FALSE) | V26: =VLOOKUP(C26,$P$4:$V$12,5,FALSE)-VLOOKUP(B26,$P$4:$V$12,5,FALSE) | W26: =VLOOKUP(D26,$P$4:$V$12,4,FALSE)-VLOOKUP(B26,$P$4:$V$12,4,FALSE) | X26: =VLOOKUP(D26,$P$4:$V$12,5,FALSE)-VLOOKUP(B26,$P$4:$V$12,5,FALSE) | Y26: =IF(U26>0,IF(V26>0,ATAN(V26/U26),ATAN(V26/U26)+2*PI()),ATAN(V26/U26)+PI()) | Z26: =IF(W26>0,IF(X26>0,ATAN(X26/W26),ATAN(X26/W26)+2*PI()),ATAN(X26/W26)+PI()) | AA26: =IF((Z26-Y26)*200/PI()>0,(Z26-Y26)*200/PI(),(Z26-Y26)*200/PI()+400)
B27: ='_calc_Dane'!F26 | C27: ='_calc_Dane'!G26 | D27: ='_calc_Dane'!H26 | E27: ='_calc_Dane'!I26 | F27: ='_calc_Dane'!M6-'_calc_Dane'!M13 | G27: ='_calc_Dane'!N6-'_calc_Dane'!N13 | H27: ='_calc_Dane'!M8-'_calc_Dane'!M13 | I27: ='_calc_Dane'!N8-'_calc_Dane'!N13 | J27: =F27^2+G27^2 | K27: =H27^2+I27^2 | L27: =IF(ATAN2(F27,G27)*200/PI()<0,ATAN2(F27,G27)*200/PI()+400,ATAN2(F27,G27)*200/PI()) | M27: =IF(ATAN2(H27,I27)*200/PI()<0,ATAN2(H27,I27)*200/PI()+400,ATAN2(H27,I27)*200/PI()) | N27: =IF(M27-L27<0,M27-L27+400,M27-L27) | O27: ='_calc_Dane'!$M$15 | P27: =N27-E27 | Q27: =F27/J27*(2000000/PI()) | R27: =G27/J27*2000000/PI() | S27: =H27/K27*2000000/PI() | T27: =I27/K27*2000000/PI() | U27: =VLOOKUP(C27,$P$4:$V$12,4,FALSE)-VLOOKUP(B27,$P$4:$V$12,4,FALSE) | V27: =VLOOKUP(C27,$P$4:$V$12,5,FALSE)-VLOOKUP(B27,$P$4:$V$12,5,FALSE) | W27: =VLOOKUP(D27,$P$4:$V$12,4,FALSE)-VLOOKUP(B27,$P$4:$V$12,4,FALSE) | X27: =VLOOKUP(D27,$P$4:$V$12,5,FALSE)-VLOOKUP(B27,$P$4:$V$12,5,FALSE) | Y27: =IF(U27>0,IF(V27>0,ATAN(V27/U27),ATAN(V27/U27)+2*PI()),ATAN(V27/U27)+PI()) | Z27: =IF(W27>0,IF(X27>0,ATAN(X27/W27),ATAN(X27/W27)+2*PI()),ATAN(X27/W27)+PI()) | AA27: =IF((Z27-Y27)*200/PI()>0,(Z27-Y27)*200/PI(),(Z27-Y27)*200/PI()+400)
B28: ='_calc_Dane'!F27 | C28: ='_calc_Dane'!G27 | D28: ='_calc_Dane'!H27 | E28: ='_calc_Dane'!I27 | F28: ='_calc_Dane'!M8-'_calc_Dane'!M13 | G28: ='_calc_Dane'!N8-'_calc_Dane'!N13 | H28: ='_calc_Dane'!M9-'_calc_Dane'!M13 | I28: ='_calc_Dane'!N9-'_calc_Dane'!N13 | J28: =F28^2+G28^2 | K28: =H28^2+I28^2 | L28: =IF(ATAN2(F28,G28)*200/PI()<0,ATAN2(F28,G28)*200/PI()+400,ATAN2(F28,G28)*200/PI()) | M28: =IF(ATAN2(H28,I28)*200/PI()<0,ATAN2(H28,I28)*200/PI()+400,ATAN2(H28,I28)*200/PI()) | N28: =IF(M28-L28<0,M28-L28+400,M28-L28) | O28: ='_calc_Dane'!$M$15 | P28: =N28-E28 | Q28: =F28/J28*(2000000/PI()) | R28: =G28/J28*2000000/PI() | S28: =H28/K28*2000000/PI() | T28: =I28/K28*2000000/PI() | U28: =VLOOKUP(C28,$P$4:$V$12,4,FALSE)-VLOOKUP(B28,$P$4:$V$12,4,FALSE) | V28: =VLOOKUP(C28,$P$4:$V$12,5,FALSE)-VLOOKUP(B28,$P$4:$V$12,5,FALSE) | W28: =VLOOKUP(D28,$P$4:$V$12,4,FALSE)-VLOOKUP(B28,$P$4:$V$12,4,FALSE) | X28: =VLOOKUP(D28,$P$4:$V$12,5,FALSE)-VLOOKUP(B28,$P$4:$V$12,5,FALSE) | Y28: =IF(U28>0,IF(V28>0,ATAN(V28/U28),ATAN(V28/U28)+2*PI()),ATAN(V28/U28)+PI()) | Z28: =IF(W28>0,IF(X28>0,ATAN(X28/W28),ATAN(X28/W28)+2*PI()),ATAN(X28/W28)+PI()) | AA28: =IF((Z28-Y28)*200/PI()>0,(Z28-Y28)*200/PI(),(Z28-Y28)*200/PI()+400)
B29: ='_calc_Dane'!F28 | C29: ='_calc_Dane'!G28 | D29: ='_calc_Dane'!H28 | E29: ='_calc_Dane'!I28 | F29: ='_calc_Dane'!M9-'_calc_Dane'!M13 | G29: ='_calc_Dane'!N9-'_calc_Dane'!N13 | H29: ='_calc_Dane'!M11-'_calc_Dane'!M13 | I29: ='_calc_Dane'!N11-'_calc_Dane'!N13 | J29: =F29^2+G29^2 | K29: =H29^2+I29^2 | L29: =IF(ATAN2(F29,G29)*200/PI()<0,ATAN2(F29,G29)*200/PI()+400,ATAN2(F29,G29)*200/PI()) | M29: =IF(ATAN2(H29,I29)*200/PI()<0,ATAN2(H29,I29)*200/PI()+400,ATAN2(H29,I29)*200/PI()) | N29: =IF(M29-L29<0,M29-L29+400,M29-L29) | O29: ='_calc_Dane'!$M$15 | P29: =N29-E29 | Q29: =F29/J29*(2000000/PI()) | R29: =G29/J29*2000000/PI() | S29: =H29/K29*2000000/PI() | T29: =I29/K29*2000000/PI() | U29: =VLOOKUP(C29,$P$4:$V$12,4,FALSE)-VLOOKUP(B29,$P$4:$V$12,4,FALSE) | V29: =VLOOKUP(C29,$P$4:$V$12,5,FALSE)-VLOOKUP(B29,$P$4:$V$12,5,FALSE) | W29: =VLOOKUP(D29,$P$4:$V$12,4,FALSE)-VLOOKUP(B29,$P$4:$V$12,4,FALSE) | X29: =VLOOKUP(D29,$P$4:$V$12,5,FALSE)-VLOOKUP(B29,$P$4:$V$12,5,FALSE) | Y29: =IF(U29>0,IF(V29>0,ATAN(V29/U29),ATAN(V29/U29)+2*PI()),ATAN(V29/U29)+PI()) | Z29: =IF(W29>0,IF(X29>0,ATAN(X29/W29),ATAN(X29/W29)+2*PI()),ATAN(X29/W29)+PI()) | AA29: =IF((Z29-Y29)*200/PI()>0,(Z29-Y29)*200/PI(),(Z29-Y29)*200/PI()+400)
B30: ='_calc_Dane'!F29 | C30: ='_calc_Dane'!G29 | D30: ='_calc_Dane'!H29 | E30: ='_calc_Dane'!I29 | F30: ='_calc_Dane'!M11-'_calc_Dane'!M13 | G30: ='_calc_Dane'!N11-'_calc_Dane'!N13 | H30: ='_calc_Dane'!M12-'_calc_Dane'!M13 | I30: ='_calc_Dane'!N12-'_calc_Dane'!N13 | J30: =F30^2+G30^2 | K30: =H30^2+I30^2 | L30: =IF(ATAN2(F30,G30)*200/PI()<0,ATAN2(F30,G30)*200/PI()+400,ATAN2(F30,G30)*200/PI()) | M30: =IF(ATAN2(H30,I30)*200/PI()<0,ATAN2(H30,I30)*200/PI()+400,ATAN2(H30,I30)*200/PI()) | N30: =IF(M30-L30<0,M30-L30+400,M30-L30) | O30: ='_calc_Dane'!$M$15 | P30: =N30-E30 | Q30: =F30/J30*(2000000/PI()) | R30: =G30/J30*2000000/PI() | S30: =H30/K30*2000000/PI() | T30: =I30/K30*2000000/PI() | U30: =VLOOKUP(C30,$P$4:$V$12,4,FALSE)-VLOOKUP(B30,$P$4:$V$12,4,FALSE) | V30: =VLOOKUP(C30,$P$4:$V$12,5,FALSE)-VLOOKUP(B30,$P$4:$V$12,5,FALSE) | W30: =VLOOKUP(D30,$P$4:$V$12,4,FALSE)-VLOOKUP(B30,$P$4:$V$12,4,FALSE) | X30: =VLOOKUP(D30,$P$4:$V$12,5,FALSE)-VLOOKUP(B30,$P$4:$V$12,5,FALSE) | Y30: =IF(U30>0,IF(V30>0,ATAN(V30/U30),ATAN(V30/U30)+2*PI()),ATAN(V30/U30)+PI()) | Z30: =IF(W30>0,IF(X30>0,ATAN(X30/W30),ATAN(X30/W30)+2*PI()),ATAN(X30/W30)+PI()) | AA30: =IF((Z30-Y30)*200/PI()>0,(Z30-Y30)*200/PI(),(Z30-Y30)*200/PI()+400)
B31: ='_calc_Dane'!F30 | C31: ='_calc_Dane'!G30 | D31: ='_calc_Dane'!H30 | E31: ='_calc_Dane'!I30 | F31: ='_calc_Dane'!M12-'_calc_Dane'!M13 | G31: ='_calc_Dane'!N12-'_calc_Dane'!N13 | H31: ='_calc_Dane'!M5-'_calc_Dane'!M13 | I31: ='_calc_Dane'!N5-'_calc_Dane'!N13 | J31: =F31^2+G31^2 | K31: =H31^2+I31^2 | L31: =IF(ATAN2(F31,G31)*200/PI()<0,ATAN2(F31,G31)*200/PI()+400,ATAN2(F31,G31)*200/PI()) | M31: =IF(ATAN2(H31,I31)*200/PI()<0,ATAN2(H31,I31)*200/PI()+400,ATAN2(H31,I31)*200/PI()) | N31: =IF(M31-L31<0,M31-L31+400,M31-L31) | O31: ='_calc_Dane'!$M$15 | P31: =N31-E31 | Q31: =F31/J31*(2000000/PI()) | R31: =G31/J31*2000000/PI() | S31: =H31/K31*2000000/PI() | T31: =I31/K31*2000000/PI() | U31: =VLOOKUP(C31,$P$4:$V$12,4,FALSE)-VLOOKUP(B31,$P$4:$V$12,4,FALSE) | V31: =VLOOKUP(C31,$P$4:$V$12,5,FALSE)-VLOOKUP(B31,$P$4:$V$12,5,FALSE) | W31: =VLOOKUP(D31,$P$4:$V$12,4,FALSE)-VLOOKUP(B31,$P$4:$V$12,4,FALSE) | X31: =VLOOKUP(D31,$P$4:$V$12,5,FALSE)-VLOOKUP(B31,$P$4:$V$12,5,FALSE) | Y31: =IF(U31>0,IF(V31>0,ATAN(V31/U31),ATAN(V31/U31)+2*PI()),ATAN(V31/U31)+PI()) | Z31: =IF(W31>0,IF(X31>0,ATAN(X31/W31),ATAN(X31/W31)+2*PI()),ATAN(X31/W31)+PI()) | AA31: =IF((Z31-Y31)*200/PI()>0,(Z31-Y31)*200/PI(),(Z31-Y31)*200/PI()+400)
B32: ='_calc_Dane'!F31 | C32: ='_calc_Dane'!G31 | D32: ='_calc_Dane'!H31 | E32: ='_calc_Dane'!I31 | F32: ='_calc_Dane'!M12-'_calc_Dane'!M10 | G32: ='_calc_Dane'!N12-'_calc_Dane'!N10 | H32: ='_calc_Dane'!M11-'_calc_Dane'!M10 | I32: ='_calc_Dane'!N11-'_calc_Dane'!N10 | J32: =F32^2+G32^2 | K32: =H32^2+I32^2 | L32: =IF(ATAN2(F32,G32)*200/PI()<0,ATAN2(F32,G32)*200/PI()+400,ATAN2(F32,G32)*200/PI()) | M32: =IF(ATAN2(H32,I32)*200/PI()<0,ATAN2(H32,I32)*200/PI()+400,ATAN2(H32,I32)*200/PI()) | N32: =IF(M32-L32<0,M32-L32+400,M32-L32) | O32: ='_calc_Dane'!$M$15 | P32: =N32-E32 | Q32: =F32/J32*(2000000/PI()) | R32: =G32/J32*2000000/PI() | S32: =H32/K32*2000000/PI() | T32: =I32/K32*2000000/PI() | U32: =VLOOKUP(C32,$P$4:$V$12,4,FALSE)-VLOOKUP(B32,$P$4:$V$12,4,FALSE) | V32: =VLOOKUP(C32,$P$4:$V$12,5,FALSE)-VLOOKUP(B32,$P$4:$V$12,5,FALSE) | W32: =VLOOKUP(D32,$P$4:$V$12,4,FALSE)-VLOOKUP(B32,$P$4:$V$12,4,FALSE) | X32: =VLOOKUP(D32,$P$4:$V$12,5,FALSE)-VLOOKUP(B32,$P$4:$V$12,5,FALSE) | Y32: =IF(U32>0,IF(V32>0,ATAN(V32/U32),ATAN(V32/U32)+2*PI()),ATAN(V32/U32)+PI()) | Z32: =IF(W32>0,IF(X32>0,ATAN(X32/W32),ATAN(X32/W32)+2*PI()),ATAN(X32/W32)+PI()) | AA32: =IF((Z32-Y32)*200/PI()>0,(Z32-Y32)*200/PI(),(Z32-Y32)*200/PI()+400)
B33: ='_calc_Dane'!F32 | C33: ='_calc_Dane'!G32 | D33: ='_calc_Dane'!H32 | E33: ='_calc_Dane'!I32 | F33: ='_calc_Dane'!M11-'_calc_Dane'!M10 | G33: ='_calc_Dane'!N11-'_calc_Dane'!N10 | H33: ='_calc_Dane'!M13-'_calc_Dane'!M10 | I33: ='_calc_Dane'!N13-'_calc_Dane'!N10 | J33: =F33^2+G33^2 | K33: =H33^2+I33^2 | L33: =IF(ATAN2(F33,G33)*200/PI()<0,ATAN2(F33,G33)*200/PI()+400,ATAN2(F33,G33)*200/PI()) | M33: =IF(ATAN2(H33,I33)*200/PI()<0,ATAN2(H33,I33)*200/PI()+400,ATAN2(H33,I33)*200/PI()) | N33: =IF(M33-L33<0,M33-L33+400,M33-L33) | O33: ='_calc_Dane'!$M$15 | P33: =N33-E33 | Q33: =F33/J33*(2000000/PI()) | R33: =G33/J33*2000000/PI() | S33: =H33/K33*2000000/PI() | T33: =I33/K33*2000000/PI() | U33: =VLOOKUP(C33,$P$4:$V$12,4,FALSE)-VLOOKUP(B33,$P$4:$V$12,4,FALSE) | V33: =VLOOKUP(C33,$P$4:$V$12,5,FALSE)-VLOOKUP(B33,$P$4:$V$12,5,FALSE) | W33: =VLOOKUP(D33,$P$4:$V$12,4,FALSE)-VLOOKUP(B33,$P$4:$V$12,4,FALSE) | X33: =VLOOKUP(D33,$P$4:$V$12,5,FALSE)-VLOOKUP(B33,$P$4:$V$12,5,FALSE) | Y33: =IF(U33>0,IF(V33>0,ATAN(V33/U33),ATAN(V33/U33)+2*PI()),ATAN(V33/U33)+PI()) | Z33: =IF(W33>0,IF(X33>0,ATAN(X33/W33),ATAN(X33/W33)+2*PI()),ATAN(X33/W33)+PI()) | AA33: =IF((Z33-Y33)*200/PI()>0,(Z33-Y33)*200/PI(),(Z33-Y33)*200/PI()+400)
B34: ='_calc_Dane'!F33 | C34: ='_calc_Dane'!G33 | D34: ='_calc_Dane'!H33 | E34: ='_calc_Dane'!I33 | F34: ='_calc_Dane'!M13-'_calc_Dane'!M10 | G34: ='_calc_Dane'!N13-'_calc_Dane'!N10 | H34: ='_calc_Dane'!M9-'_calc_Dane'!M10 | I34: ='_calc_Dane'!N9-'_calc_Dane'!N10 | J34: =F34^2+G34^2 | K34: =H34^2+I34^2 | L34: =IF(ATAN2(F34,G34)*200/PI()<0,ATAN2(F34,G34)*200/PI()+400,ATAN2(F34,G34)*200/PI()) | M34: =IF(ATAN2(H34,I34)*200/PI()<0,ATAN2(H34,I34)*200/PI()+400,ATAN2(H34,I34)*200/PI()) | N34: =IF(M34-L34<0,M34-L34+400,M34-L34) | O34: ='_calc_Dane'!$M$15 | P34: =N34-E34 | Q34: =F34/J34*(2000000/PI()) | R34: =G34/J34*2000000/PI() | S34: =H34/K34*2000000/PI() | T34: =I34/K34*2000000/PI() | U34: =VLOOKUP(C34,$P$4:$V$12,4,FALSE)-VLOOKUP(B34,$P$4:$V$12,4,FALSE) | V34: =VLOOKUP(C34,$P$4:$V$12,5,FALSE)-VLOOKUP(B34,$P$4:$V$12,5,FALSE) | W34: =VLOOKUP(D34,$P$4:$V$12,4,FALSE)-VLOOKUP(B34,$P$4:$V$12,4,FALSE) | X34: =VLOOKUP(D34,$P$4:$V$12,5,FALSE)-VLOOKUP(B34,$P$4:$V$12,5,FALSE) | Y34: =IF(U34>0,IF(V34>0,ATAN(V34/U34),ATAN(V34/U34)+2*PI()),ATAN(V34/U34)+PI()) | Z34: =IF(W34>0,IF(X34>0,ATAN(X34/W34),ATAN(X34/W34)+2*PI()),ATAN(X34/W34)+PI()) | AA34: =IF((Z34-Y34)*200/PI()>0,(Z34-Y34)*200/PI(),(Z34-Y34)*200/PI()+400)
B35: ='_calc_Dane'!F34 | C35: ='_calc_Dane'!G34 | D35: ='_calc_Dane'!H34 | E35: ='_calc_Dane'!I34 | F35: ='_calc_Dane'!M10-'_calc_Dane'!M9 | G35: ='_calc_Dane'!N10-'_calc_Dane'!N9 | H35: ='_calc_Dane'!M11-'_calc_Dane'!M9 | I35: ='_calc_Dane'!N11-'_calc_Dane'!N9 | J35: =F35^2+G35^2 | K35: =H35^2+I35^2 | L35: =IF(ATAN2(F35,G35)*200/PI()<0,ATAN2(F35,G35)*200/PI()+400,ATAN2(F35,G35)*200/PI()) | M35: =IF(ATAN2(H35,I35)*200/PI()<0,ATAN2(H35,I35)*200/PI()+400,ATAN2(H35,I35)*200/PI()) | N35: =IF(M35-L35<0,M35-L35+400,M35-L35) | O35: ='_calc_Dane'!$M$15 | P35: =N35-E35 | Q35: =F35/J35*(2000000/PI()) | R35: =G35/J35*2000000/PI() | S35: =H35/K35*2000000/PI() | T35: =I35/K35*2000000/PI() | U35: =VLOOKUP(C35,$P$4:$V$12,4,FALSE)-VLOOKUP(B35,$P$4:$V$12,4,FALSE) | V35: =VLOOKUP(C35,$P$4:$V$12,5,FALSE)-VLOOKUP(B35,$P$4:$V$12,5,FALSE) | W35: =VLOOKUP(D35,$P$4:$V$12,4,FALSE)-VLOOKUP(B35,$P$4:$V$12,4,FALSE) | X35: =VLOOKUP(D35,$P$4:$V$12,5,FALSE)-VLOOKUP(B35,$P$4:$V$12,5,FALSE) | Y35: =IF(U35>0,IF(V35>0,ATAN(V35/U35),ATAN(V35/U35)+2*PI()),ATAN(V35/U35)+PI()) | Z35: =IF(W35>0,IF(X35>0,ATAN(X35/W35),ATAN(X35/W35)+2*PI()),ATAN(X35/W35)+PI()) | AA35: =IF((Z35-Y35)*200/PI()>0,(Z35-Y35)*200/PI(),(Z35-Y35)*200/PI()+400)
B36: ='_calc_Dane'!F35 | C36: ='_calc_Dane'!G35 | D36: ='_calc_Dane'!H35 | E36: ='_calc_Dane'!I35 | F36: ='_calc_Dane'!M11-'_calc_Dane'!M9 | G36: ='_calc_Dane'!N11-'_calc_Dane'!N9 | H36: ='_calc_Dane'!M13-'_calc_Dane'!M9 | I36: ='_calc_Dane'!N13-'_calc_Dane'!N9 | J36: =F36^2+G36^2 | K36: =H36^2+I36^2 | L36: =IF(ATAN2(F36,G36)*200/PI()<0,ATAN2(F36,G36)*200/PI()+400,ATAN2(F36,G36)*200/PI()) | M36: =IF(ATAN2(H36,I36)*200/PI()<0,ATAN2(H36,I36)*200/PI()+400,ATAN2(H36,I36)*200/PI()) | N36: =IF(M36-L36<0,M36-L36+400,M36-L36) | O36: ='_calc_Dane'!$M$15 | P36: =N36-E36 | Q36: =F36/J36*(2000000/PI()) | R36: =G36/J36*2000000/PI() | S36: =H36/K36*2000000/PI() | T36: =I36/K36*2000000/PI() | U36: =VLOOKUP(C36,$P$4:$V$12,4,FALSE)-VLOOKUP(B36,$P$4:$V$12,4,FALSE) | V36: =VLOOKUP(C36,$P$4:$V$12,5,FALSE)-VLOOKUP(B36,$P$4:$V$12,5,FALSE) | W36: =VLOOKUP(D36,$P$4:$V$12,4,FALSE)-VLOOKUP(B36,$P$4:$V$12,4,FALSE) | X36: =VLOOKUP(D36,$P$4:$V$12,5,FALSE)-VLOOKUP(B36,$P$4:$V$12,5,FALSE) | Y36: =IF(U36>0,IF(V36>0,ATAN(V36/U36),ATAN(V36/U36)+2*PI()),ATAN(V36/U36)+PI()) | Z36: =IF(W36>0,IF(X36>0,ATAN(X36/W36),ATAN(X36/W36)+2*PI()),ATAN(X36/W36)+PI()) | AA36: =IF((Z36-Y36)*200/PI()>0,(Z36-Y36)*200/PI(),(Z36-Y36)*200/PI()+400)
B37: ='_calc_Dane'!F36 | C37: ='_calc_Dane'!G36 | D37: ='_calc_Dane'!H36 | E37: ='_calc_Dane'!I36 | F37: ='_calc_Dane'!M13-'_calc_Dane'!M9 | G37: ='_calc_Dane'!N13-'_calc_Dane'!N9 | H37: ='_calc_Dane'!M8-'_calc_Dane'!M9 | I37: ='_calc_Dane'!N8-'_calc_Dane'!N9 | J37: =F37^2+G37^2 | K37: =H37^2+I37^2 | L37: =IF(ATAN2(F37,G37)*200/PI()<0,ATAN2(F37,G37)*200/PI()+400,ATAN2(F37,G37)*200/PI()) | M37: =IF(ATAN2(H37,I37)*200/PI()<0,ATAN2(H37,I37)*200/PI()+400,ATAN2(H37,I37)*200/PI()) | N37: =IF(M37-L37<0,M37-L37+400,M37-L37) | O37: ='_calc_Dane'!$M$15 | P37: =N37-E37 | Q37: =F37/J37*(2000000/PI()) | R37: =G37/J37*2000000/PI() | S37: =H37/K37*2000000/PI() | T37: =I37/K37*2000000/PI()
B39: a | S39: l [m/cc]
B40: dx
B41: 1 | C41: 1 | D41: 2 | E41: 2 | F41: 4 | G41: 4 | H41: 5 | I41: 5 | J41: 6 | K41: 6 | L41: 7 | M41: 7 | N41: 8 | O41: 8 | P41: 9 | Q41: 9 | R41: l | T41: v
B42: =IF(B$41=$B4,IF(B$40="dx",-$K4,-$J4),IF(B$41=$C4,IF(B$40="dx",$K4,$J4),0)) | C42: =IF(C$41=$B4,IF(C$40="dx",-$K4,-$J4),IF(C$41=$C4,IF(C$40="dx",$K4,$J4),0)) | D42: =IF(D$41=$B4,IF(D$40="dx",-$K4,-$J4),IF(D$41=$C4,IF(D$40="dx",$K4,$J4),0)) | E42: =IF(E$41=$B4,IF(E$40="dx",-$K4,-$J4),IF(E$41=$C4,IF(E$40="dx",$K4,$J4),0)) | F42: =IF(F$41=$B4,IF(F$40="dx",-$K4,-$J4),IF(F$41=$C4,IF(F$40="dx",$K4,$J4),0)) | G42: =IF(G$41=$B4,IF(G$40="dx",-$K4,-$J4),IF(G$41=$C4,IF(G$40="dx",$K4,$J4),0)) | H42: =IF(H$41=$B4,IF(H$40="dx",-$K4,-$J4),IF(H$41=$C4,IF(H$40="dx",$K4,$J4),0)) | I42: =IF(I$41=$B4,IF(I$40="dx",-$K4,-$J4),IF(I$41=$C4,IF(I$40="dx",$K4,$J4),0)) | ... Q42: =IF(Q$41=$B4,IF(Q$40="dx",-$K4,-$J4),IF(Q$41=$C4,IF(Q$40="dx",$K4,$J4),0)) | S42: =M4
A43: [-] | B43: =IF(B$41=$B5,IF(B$40="dx",-$K5,-$J5),IF(B$41=$C5,IF(B$40="dx",$K5,$J5),0)) | C43: =IF(C$41=$B5,IF(C$40="dx",-$K5,-$J5),IF(C$41=$C5,IF(C$40="dx",$K5,$J5),0)) | D43: =IF(D$41=$B5,IF(D$40="dx",-$K5,-$J5),IF(D$41=$C5,IF(D$40="dx",$K5,$J5),0)) | E43: =IF(E$41=$B5,IF(E$40="dx",-$K5,-$J5),IF(E$41=$C5,IF(E$40="dx",$K5,$J5),0)) | F43: =IF(F$41=$B5,IF(F$40="dx",-$K5,-$J5),IF(F$41=$C5,IF(F$40="dx",$K5,$J5),0)) | G43: =IF(G$41=$B5,IF(G$40="dx",-$K5,-$J5),IF(G$41=$C5,IF(G$40="dx",$K5,$J5),0)) | H43: =IF(H$41=$B5,IF(H$40="dx",-$K5,-$J5),IF(H$41=$C5,IF(H$40="dx",$K5,$J5),0)) | I43: =IF(I$41=$B5,IF(I$40="dx",-$K5,-$J5),IF(I$41=$C5,IF(I$40="dx",$K5,$J5),0)) | ... Q43: =IF(Q$41=$B5,IF(Q$40="dx",-$K5,-$J5),IF(Q$41=$C5,IF(Q$40="dx",$K5,$J5),0)) | R43: =N4 | S43: =M5 | T43: {=MMULT(B43:Q74,U140:U155)+R43:R74} | U43: [m]
B44: =IF(B$41=$B6,IF(B$40="dx",-$K6,-$J6),IF(B$41=$C6,IF(B$40="dx",$K6,$J6),0)) | C44: =IF(C$41=$B6,IF(C$40="dx",-$K6,-$J6),IF(C$41=$C6,IF(C$40="dx",$K6,$J6),0)) | D44: =IF(D$41=$B6,IF(D$40="dx",-$K6,-$J6),IF(D$41=$C6,IF(D$40="dx",$K6,$J6),0)) | E44: =IF(E$41=$B6,IF(E$40="dx",-$K6,-$J6),IF(E$41=$C6,IF(E$40="dx",$K6,$J6),0)) | F44: =IF(F$41=$B6,IF(F$40="dx",-$K6,-$J6),IF(F$41=$C6,IF(F$40="dx",$K6,$J6),0)) | G44: =IF(G$41=$B6,IF(G$40="dx",-$K6,-$J6),IF(G$41=$C6,IF(G$40="dx",$K6,$J6),0)) | H44: =IF(H$41=$B6,IF(H$40="dx",-$K6,-$J6),IF(H$41=$C6,IF(H$40="dx",$K6,$J6),0)) | I44: =IF(I$41=$B6,IF(I$40="dx",-$K6,-$J6),IF(I$41=$C6,IF(I$40="dx",$K6,$J6),0)) | ... Q44: =IF(Q$41=$B6,IF(Q$40="dx",-$K6,-$J6),IF(Q$41=$C6,IF(Q$40="dx",$K6,$J6),0)) | R44: =N5 | S44: =M6 | T44: 0.0012888667
B45: =IF(B$41=$B7,IF(B$40="dx",-$K7,-$J7),IF(B$41=$C7,IF(B$40="dx",$K7,$J7),0)) | C45: =IF(C$41=$B7,IF(C$40="dx",-$K7,-$J7),IF(C$41=$C7,IF(C$40="dx",$K7,$J7),0)) | D45: =IF(D$41=$B7,IF(D$40="dx",-$K7,-$J7),IF(D$41=$C7,IF(D$40="dx",$K7,$J7),0)) | E45: =IF(E$41=$B7,IF(E$40="dx",-$K7,-$J7),IF(E$41=$C7,IF(E$40="dx",$K7,$J7),0)) | F45: =IF(F$41=$B7,IF(F$40="dx",-$K7,-$J7),IF(F$41=$C7,IF(F$40="dx",$K7,$J7),0)) | G45: =IF(G$41=$B7,IF(G$40="dx",-$K7,-$J7),IF(G$41=$C7,IF(G$40="dx",$K7,$J7),0)) | H45: =IF(H$41=$B7,IF(H$40="dx",-$K7,-$J7),IF(H$41=$C7,IF(H$40="dx",$K7,$J7),0)) | I45: =IF(I$41=$B7,IF(I$40="dx",-$K7,-$J7),IF(I$41=$C7,IF(I$40="dx",$K7,$J7),0)) | ... Q45: =IF(Q$41=$B7,IF(Q$40="dx",-$K7,-$J7),IF(Q$41=$C7,IF(Q$40="dx",$K7,$J7),0)) | R45: =N6 | S45: =M7 | T45: 0.00048702342
B46: =IF(B$41=$B8,IF(B$40="dx",-$K8,-$J8),IF(B$41=$C8,IF(B$40="dx",$K8,$J8),0)) | C46: =IF(C$41=$B8,IF(C$40="dx",-$K8,-$J8),IF(C$41=$C8,IF(C$40="dx",$K8,$J8),0)) | D46: =IF(D$41=$B8,IF(D$40="dx",-$K8,-$J8),IF(D$41=$C8,IF(D$40="dx",$K8,$J8),0)) | E46: =IF(E$41=$B8,IF(E$40="dx",-$K8,-$J8),IF(E$41=$C8,IF(E$40="dx",$K8,$J8),0)) | F46: =IF(F$41=$B8,IF(F$40="dx",-$K8,-$J8),IF(F$41=$C8,IF(F$40="dx",$K8,$J8),0)) | G46: =IF(G$41=$B8,IF(G$40="dx",-$K8,-$J8),IF(G$41=$C8,IF(G$40="dx",$K8,$J8),0)) | H46: =IF(H$41=$B8,IF(H$40="dx",-$K8,-$J8),IF(H$41=$C8,IF(H$40="dx",$K8,$J8),0)) | I46: =IF(I$41=$B8,IF(I$40="dx",-$K8,-$J8),IF(I$41=$C8,IF(I$40="dx",$K8,$J8),0)) | ... Q46: =IF(Q$41=$B8,IF(Q$40="dx",-$K8,-$J8),IF(Q$41=$C8,IF(Q$40="dx",$K8,$J8),0)) | R46: =N7 | S46: =M8 | T46: 0.0019251738
B47: =IF(B$41=$B9,IF(B$40="dx",-$K9,-$J9),IF(B$41=$C9,IF(B$40="dx",$K9,$J9),0)) | C47: =IF(C$41=$B9,IF(C$40="dx",-$K9,-$J9),IF(C$41=$C9,IF(C$40="dx",$K9,$J9),0)) | D47: =IF(D$41=$B9,IF(D$40="dx",-$K9,-$J9),IF(D$41=$C9,IF(D$40="dx",$K9,$J9),0)) | E47: =IF(E$41=$B9,IF(E$40="dx",-$K9,-$J9),IF(E$41=$C9,IF(E$40="dx",$K9,$J9),0)) | F47: =IF(F$41=$B9,IF(F$40="dx",-$K9,-$J9),IF(F$41=$C9,IF(F$40="dx",$K9,$J9),0)) | G47: =IF(G$41=$B9,IF(G$40="dx",-$K9,-$J9),IF(G$41=$C9,IF(G$40="dx",$K9,$J9),0)) | H47: =IF(H$41=$B9,IF(H$40="dx",-$K9,-$J9),IF(H$41=$C9,IF(H$40="dx",$K9,$J9),0)) | I47: =IF(I$41=$B9,IF(I$40="dx",-$K9,-$J9),IF(I$41=$C9,IF(I$40="dx",$K9,$J9),0)) | ... Q47: =IF(Q$41=$B9,IF(Q$40="dx",-$K9,-$J9),IF(Q$41=$C9,IF(Q$40="dx",$K9,$J9),0)) | R47: =N8 | S47: =M9 | T47: -0.00046055118
B48: =IF(B$41=$B10,IF(B$40="dx",-$K10,-$J10),IF(B$41=$C10,IF(B$40="dx",$K10,$J10),0)) | C48: =IF(C$41=$B10,IF(C$40="dx",-$K10,-$J10),IF(C$41=$C10,IF(C$40="dx",$K10,$J10),0)) | D48: =IF(D$41=$B10,IF(D$40="dx",-$K10,-$J10),IF(D$41=$C10,IF(D$40="dx",$K10,$J10),0)) | E48: =IF(E$41=$B10,IF(E$40="dx",-$K10,-$J10),IF(E$41=$C10,IF(E$40="dx",$K10,$J10),0)) | F48: =IF(F$41=$B10,IF(F$40="dx",-$K10,-$J10),IF(F$41=$C10,IF(F$40="dx",$K10,$J10),0)) | G48: =IF(G$41=$B10,IF(G$40="dx",-$K10,-$J10),IF(G$41=$C10,IF(G$40="dx",$K10,$J10),0)) | H48: =IF(H$41=$B10,IF(H$40="dx",-$K10,-$J10),IF(H$41=$C10,IF(H$40="dx",$K10,$J10),0)) | I48: =IF(I$41=$B10,IF(I$40="dx",-$K10,-$J10),IF(I$41=$C10,IF(I$40="dx",$K10,$J10),0)) | ... Q48: =IF(Q$41=$B10,IF(Q$40="dx",-$K10,-$J10),IF(Q$41=$C10,IF(Q$40="dx",$K10,$J10),0)) | R48: =N9 | S48: =M10 | T48: -0.0003971796
B49: =IF(B$41=$B11,IF(B$40="dx",-$K11,-$J11),IF(B$41=$C11,IF(B$40="dx",$K11,$J11),0)) | C49: =IF(C$41=$B11,IF(C$40="dx",-$K11,-$J11),IF(C$41=$C11,IF(C$40="dx",$K11,$J11),0)) | D49: =IF(D$41=$B11,IF(D$40="dx",-$K11,-$J11),IF(D$41=$C11,IF(D$40="dx",$K11,$J11),0)) | E49: =IF(E$41=$B11,IF(E$40="dx",-$K11,-$J11),IF(E$41=$C11,IF(E$40="dx",$K11,$J11),0)) | F49: =IF(F$41=$B11,IF(F$40="dx",-$K11,-$J11),IF(F$41=$C11,IF(F$40="dx",$K11,$J11),0)) | G49: =IF(G$41=$B11,IF(G$40="dx",-$K11,-$J11),IF(G$41=$C11,IF(G$40="dx",$K11,$J11),0)) | H49: =IF(H$41=$B11,IF(H$40="dx",-$K11,-$J11),IF(H$41=$C11,IF(H$40="dx",$K11,$J11),0)) | I49: =IF(I$41=$B11,IF(I$40="dx",-$K11,-$J11),IF(I$41=$C11,IF(I$40="dx",$K11,$J11),0)) | ... Q49: =IF(Q$41=$B11,IF(Q$40="dx",-$K11,-$J11),IF(Q$41=$C11,IF(Q$40="dx",$K11,$J11),0)) | R49: =N10 | S49: =M11 | T49: 0.00028329494
B50: =IF(B$41=$B12,IF(B$40="dx",-$K12,-$J12),IF(B$41=$C12,IF(B$40="dx",$K12,$J12),0)) | C50: =IF(C$41=$B12,IF(C$40="dx",-$K12,-$J12),IF(C$41=$C12,IF(C$40="dx",$K12,$J12),0)) | D50: =IF(D$41=$B12,IF(D$40="dx",-$K12,-$J12),IF(D$41=$C12,IF(D$40="dx",$K12,$J12),0)) | E50: =IF(E$41=$B12,IF(E$40="dx",-$K12,-$J12),IF(E$41=$C12,IF(E$40="dx",$K12,$J12),0)) | F50: =IF(F$41=$B12,IF(F$40="dx",-$K12,-$J12),IF(F$41=$C12,IF(F$40="dx",$K12,$J12),0)) | G50: =IF(G$41=$B12,IF(G$40="dx",-$K12,-$J12),IF(G$41=$C12,IF(G$40="dx",$K12,$J12),0)) | H50: =IF(H$41=$B12,IF(H$40="dx",-$K12,-$J12),IF(H$41=$C12,IF(H$40="dx",$K12,$J12),0)) | I50: =IF(I$41=$B12,IF(I$40="dx",-$K12,-$J12),IF(I$41=$C12,IF(I$40="dx",$K12,$J12),0)) | ... Q50: =IF(Q$41=$B12,IF(Q$40="dx",-$K12,-$J12),IF(Q$41=$C12,IF(Q$40="dx",$K12,$J12),0)) | R50: =N11 | S50: =M12 | T50: -0.00037482621
B51: =IF(B$41=$B13,IF(B$40="dx",-$K13,-$J13),IF(B$41=$C13,IF(B$40="dx",$K13,$J13),0)) | C51: =IF(C$41=$B13,IF(C$40="dx",-$K13,-$J13),IF(C$41=$C13,IF(C$40="dx",$K13,$J13),0)) | D51: =IF(D$41=$B13,IF(D$40="dx",-$K13,-$J13),IF(D$41=$C13,IF(D$40="dx",$K13,$J13),0)) | E51: =IF(E$41=$B13,IF(E$40="dx",-$K13,-$J13),IF(E$41=$C13,IF(E$40="dx",$K13,$J13),0)) | F51: =IF(F$41=$B13,IF(F$40="dx",-$K13,-$J13),IF(F$41=$C13,IF(F$40="dx",$K13,$J13),0)) | G51: =IF(G$41=$B13,IF(G$40="dx",-$K13,-$J13),IF(G$41=$C13,IF(G$40="dx",$K13,$J13),0)) | H51: =IF(H$41=$B13,IF(H$40="dx",-$K13,-$J13),IF(H$41=$C13,IF(H$40="dx",$K13,$J13),0)) | I51: =IF(I$41=$B13,IF(I$40="dx",-$K13,-$J13),IF(I$41=$C13,IF(I$40="dx",$K13,$J13),0)) | ... Q51: =IF(Q$41=$B13,IF(Q$40="dx",-$K13,-$J13),IF(Q$41=$C13,IF(Q$40="dx",$K13,$J13),0)) | R51: =N12 | S51: =M13 | T51: -0.0015822581
B52: =IF(B$41=$B14,IF(B$40="dx",-$K14,-$J14),IF(B$41=$C14,IF(B$40="dx",$K14,$J14),0)) | C52: =IF(C$41=$B14,IF(C$40="dx",-$K14,-$J14),IF(C$41=$C14,IF(C$40="dx",$K14,$J14),0)) | D52: =IF(D$41=$B14,IF(D$40="dx",-$K14,-$J14),IF(D$41=$C14,IF(D$40="dx",$K14,$J14),0)) | E52: =IF(E$41=$B14,IF(E$40="dx",-$K14,-$J14),IF(E$41=$C14,IF(E$40="dx",$K14,$J14),0)) | F52: =IF(F$41=$B14,IF(F$40="dx",-$K14,-$J14),IF(F$41=$C14,IF(F$40="dx",$K14,$J14),0)) | G52: =IF(G$41=$B14,IF(G$40="dx",-$K14,-$J14),IF(G$41=$C14,IF(G$40="dx",$K14,$J14),0)) | H52: =IF(H$41=$B14,IF(H$40="dx",-$K14,-$J14),IF(H$41=$C14,IF(H$40="dx",$K14,$J14),0)) | I52: =IF(I$41=$B14,IF(I$40="dx",-$K14,-$J14),IF(I$41=$C14,IF(I$40="dx",$K14,$J14),0)) | ... Q52: =IF(Q$41=$B14,IF(Q$40="dx",-$K14,-$J14),IF(Q$41=$C14,IF(Q$40="dx",$K14,$J14),0)) | R52: =N13 | S52: =M14 | T52: 0.00099333421
B53: =IF(B$41=$B15,IF(B$40="dx",-$K15,-$J15),IF(B$41=$C15,IF(B$40="dx",$K15,$J15),0)) | C53: =IF(C$41=$B15,IF(C$40="dx",-$K15,-$J15),IF(C$41=$C15,IF(C$40="dx",$K15,$J15),0)) | D53: =IF(D$41=$B15,IF(D$40="dx",-$K15,-$J15),IF(D$41=$C15,IF(D$40="dx",$K15,$J15),0)) | E53: =IF(E$41=$B15,IF(E$40="dx",-$K15,-$J15),IF(E$41=$C15,IF(E$40="dx",$K15,$J15),0)) | F53: =IF(F$41=$B15,IF(F$40="dx",-$K15,-$J15),IF(F$41=$C15,IF(F$40="dx",$K15,$J15),0)) | G53: =IF(G$41=$B15,IF(G$40="dx",-$K15,-$J15),IF(G$41=$C15,IF(G$40="dx",$K15,$J15),0)) | H53: =IF(H$41=$B15,IF(H$40="dx",-$K15,-$J15),IF(H$41=$C15,IF(H$40="dx",$K15,$J15),0)) | I53: =IF(I$41=$B15,IF(I$40="dx",-$K15,-$J15),IF(I$41=$C15,IF(I$40="dx",$K15,$J15),0)) | ... Q53: =IF(Q$41=$B15,IF(Q$40="dx",-$K15,-$J15),IF(Q$41=$C15,IF(Q$40="dx",$K15,$J15),0)) | R53: =N14 | S53: =M15 | T53: 0.00027343648
B54: =IF(B$41=$B16,IF(B$40="dx",-$K16,-$J16),IF(B$41=$C16,IF(B$40="dx",$K16,$J16),0)) | C54: =IF(C$41=$B16,IF(C$40="dx",-$K16,-$J16),IF(C$41=$C16,IF(C$40="dx",$K16,$J16),0)) | D54: =IF(D$41=$B16,IF(D$40="dx",-$K16,-$J16),IF(D$41=$C16,IF(D$40="dx",$K16,$J16),0)) | E54: =IF(E$41=$B16,IF(E$40="dx",-$K16,-$J16),IF(E$41=$C16,IF(E$40="dx",$K16,$J16),0)) | F54: =IF(F$41=$B16,IF(F$40="dx",-$K16,-$J16),IF(F$41=$C16,IF(F$40="dx",$K16,$J16),0)) | G54: =IF(G$41=$B16,IF(G$40="dx",-$K16,-$J16),IF(G$41=$C16,IF(G$40="dx",$K16,$J16),0)) | H54: =IF(H$41=$B16,IF(H$40="dx",-$K16,-$J16),IF(H$41=$C16,IF(H$40="dx",$K16,$J16),0)) | I54: =IF(I$41=$B16,IF(I$40="dx",-$K16,-$J16),IF(I$41=$C16,IF(I$40="dx",$K16,$J16),0)) | ... Q54: =IF(Q$41=$B16,IF(Q$40="dx",-$K16,-$J16),IF(Q$41=$C16,IF(Q$40="dx",$K16,$J16),0)) | R54: =N15 | S54: =M16 | T54: 8.4720839e-05
B55: =IF(B$41=$B17,IF(B$40="dx",-$K17,-$J17),IF(B$41=$C17,IF(B$40="dx",$K17,$J17),0)) | C55: =IF(C$41=$B17,IF(C$40="dx",-$K17,-$J17),IF(C$41=$C17,IF(C$40="dx",$K17,$J17),0)) | D55: =IF(D$41=$B17,IF(D$40="dx",-$K17,-$J17),IF(D$41=$C17,IF(D$40="dx",$K17,$J17),0)) | E55: =IF(E$41=$B17,IF(E$40="dx",-$K17,-$J17),IF(E$41=$C17,IF(E$40="dx",$K17,$J17),0)) | F55: =IF(F$41=$B17,IF(F$40="dx",-$K17,-$J17),IF(F$41=$C17,IF(F$40="dx",$K17,$J17),0)) | G55: =IF(G$41=$B17,IF(G$40="dx",-$K17,-$J17),IF(G$41=$C17,IF(G$40="dx",$K17,$J17),0)) | H55: =IF(H$41=$B17,IF(H$40="dx",-$K17,-$J17),IF(H$41=$C17,IF(H$40="dx",$K17,$J17),0)) | I55: =IF(I$41=$B17,IF(I$40="dx",-$K17,-$J17),IF(I$41=$C17,IF(I$40="dx",$K17,$J17),0)) | ... Q55: =IF(Q$41=$B17,IF(Q$40="dx",-$K17,-$J17),IF(Q$41=$C17,IF(Q$40="dx",$K17,$J17),0)) | R55: =N16 | S55: =M17 | T55: 0.00012187022
... B61: =IF(B$41=$B23,IF(B$40="dx",-$K23,-$J23),IF(B$41=$C23,IF(B$40="dx",$K23,$J23),0)) | C61: =IF(C$41=$B23,IF(C$40="dx",-$K23,-$J23),IF(C$41=$C23,IF(C$40="dx",$K23,$J23),0)) | D61: =IF(D$41=$B23,IF(D$40="dx",-$K23,-$J23),IF(D$41=$C23,IF(D$40="dx",$K23,$J23),0)) | E61: =IF(E$41=$B23,IF(E$40="dx",-$K23,-$J23),IF(E$41=$C23,IF(E$40="dx",$K23,$J23),0)) | F61: =IF(F$41=$B23,IF(F$40="dx",-$K23,-$J23),IF(F$41=$C23,IF(F$40="dx",$K23,$J23),0)) | G61: =IF(G$41=$B23,IF(G$40="dx",-$K23,-$J23),IF(G$41=$C23,IF(G$40="dx",$K23,$J23),0)) | H61: =IF(H$41=$B23,IF(H$40="dx",-$K23,-$J23),IF(H$41=$C23,IF(H$40="dx",$K23,$J23),0)) | I61: =IF(I$41=$B23,IF(I$40="dx",-$K23,-$J23),IF(I$41=$C23,IF(I$40="dx",$K23,$J23),0)) | ... Q61: =IF(Q$41=$B23,IF(Q$40="dx",-$K23,-$J23),IF(Q$41=$C23,IF(Q$40="dx",$K23,$J23),0)) | R61: =N22 | S61: =M23 | T61: 0.00085344417
B62: =IF(B$41=$C26,IF(B$40="dx",$R26,-$Q26),IF(B$41=$D26,IF(B$40="dx",-$T26,$S26),IF(B$41=$B26,IF(B$40="dx",($T26-$R26),($Q26-$S26)),0))) | C62: =IF(C$41=$C26,IF(C$40="dx",$R26,-$Q26),IF(C$41=$D26,IF(C$40="dx",-$T26,$S26),IF(C$41=$B26,IF(C$40="dx",($T26-$R26),($Q26-$S26)),0))) | D62: =IF(D$41=$C26,IF(D$40="dx",$R26,-$Q26),IF(D$41=$D26,IF(D$40="dx",-$T26,$S26),IF(D$41=$B26,IF(D$40="dx",($T26-$R26),($Q26-$S26)),0))) | E62: =IF(E$41=$C26,IF(E$40="dx",$R26,-$Q26),IF(E$41=$D26,IF(E$40="dx",-$T26,$S26),IF(E$41=$B26,IF(E$40="dx",($T26-$R26),($Q26-$S26)),0))) | F62: =IF(F$41=$C26,IF(F$40="dx",$R26,-$Q26),IF(F$41=$D26,IF(F$40="dx",-$T26,$S26),IF(F$41=$B26,IF(F$40="dx",($T26-$R26),($Q26-$S26)),0))) | G62: =IF(G$41=$C26,IF(G$40="dx",$R26,-$Q26),IF(G$41=$D26,IF(G$40="dx",-$T26,$S26),IF(G$41=$B26,IF(G$40="dx",($T26-$R26),($Q26-$S26)),0))) | H62: =IF(H$41=$C26,IF(H$40="dx",$R26,-$Q26),IF(H$41=$D26,IF(H$40="dx",-$T26,$S26),IF(H$41=$B26,IF(H$40="dx",($T26-$R26),($Q26-$S26)),0))) | I62: =IF(I$41=$C26,IF(I$40="dx",$R26,-$Q26),IF(I$41=$D26,IF(I$40="dx",-$T26,$S26),IF(I$41=$B26,IF(I$40="dx",($T26-$R26),($Q26-$S26)),0))) | ... Q62: =IF(Q$41=$C26,IF(Q$40="dx",$R26,-$Q26),IF(Q$41=$D26,IF(Q$40="dx",-$T26,$S26),IF(Q$41=$B26,IF(Q$40="dx",($T26-$R26),($Q26-$S26)),0))) | R62: =N23 | S62: =P26*10000 | T62: -0.00092003289
A63: [cc/m] | B63: =IF(B$41=$C27,IF(B$40="dx",$R27,-$Q27),IF(B$41=$D27,IF(B$40="dx",-$T27,$S27),IF(B$41=$B27,IF(B$40="dx",($T27-$R27),($Q27-$S27)),0))) | C63: =IF(C$41=$C27,IF(C$40="dx",$R27,-$Q27),IF(C$41=$D27,IF(C$40="dx",-$T27,$S27),IF(C$41=$B27,IF(C$40="dx",($T27-$R27),($Q27-$S27)),0))) | D63: =IF(D$41=$C27,IF(D$40="dx",$R27,-$Q27),IF(D$41=$D27,IF(D$40="dx",-$T27,$S27),IF(D$41=$B27,IF(D$40="dx",($T27-$R27),($Q27-$S27)),0))) | E63: =IF(E$41=$C27,IF(E$40="dx",$R27,-$Q27),IF(E$41=$D27,IF(E$40="dx",-$T27,$S27),IF(E$41=$B27,IF(E$40="dx",($T27-$R27),($Q27-$S27)),0))) | F63: =IF(F$41=$C27,IF(F$40="dx",$R27,-$Q27),IF(F$41=$D27,IF(F$40="dx",-$T27,$S27),IF(F$41=$B27,IF(F$40="dx",($T27-$R27),($Q27-$S27)),0))) | G63: =IF(G$41=$C27,IF(G$40="dx",$R27,-$Q27),IF(G$41=$D27,IF(G$40="dx",-$T27,$S27),IF(G$41=$B27,IF(G$40="dx",($T27-$R27),($Q27-$S27)),0))) | H63: =IF(H$41=$C27,IF(H$40="dx",$R27,-$Q27),IF(H$41=$D27,IF(H$40="dx",-$T27,$S27),IF(H$41=$B27,IF(H$40="dx",($T27-$R27),($Q27-$S27)),0))) | I63: =IF(I$41=$C27,IF(I$40="dx",$R27,-$Q27),IF(I$41=$D27,IF(I$40="dx",-$T27,$S27),IF(I$41=$B27,IF(I$40="dx",($T27-$R27),($Q27-$S27)),0))) | ... Q63: =IF(Q$41=$C27,IF(Q$40="dx",$R27,-$Q27),IF(Q$41=$D27,IF(Q$40="dx",-$T27,$S27),IF(Q$41=$B27,IF(Q$40="dx",($T27-$R27),($Q27-$S27)),0))) | R63: =P25 | S63: =P27*10000 | T63: -3.4617401 | U63: [cc]
B64: =IF(B$41=$C28,IF(B$40="dx",$R28,-$Q28),IF(B$41=$D28,IF(B$40="dx",-$T28,$S28),IF(B$41=$B28,IF(B$40="dx",($T28-$R28),($Q28-$S28)),0))) | C64: =IF(C$41=$C28,IF(C$40="dx",$R28,-$Q28),IF(C$41=$D28,IF(C$40="dx",-$T28,$S28),IF(C$41=$B28,IF(C$40="dx",($T28-$R28),($Q28-$S28)),0))) | D64: =IF(D$41=$C28,IF(D$40="dx",$R28,-$Q28),IF(D$41=$D28,IF(D$40="dx",-$T28,$S28),IF(D$41=$B28,IF(D$40="dx",($T28-$R28),($Q28-$S28)),0))) | E64: =IF(E$41=$C28,IF(E$40="dx",$R28,-$Q28),IF(E$41=$D28,IF(E$40="dx",-$T28,$S28),IF(E$41=$B28,IF(E$40="dx",($T28-$R28),($Q28-$S28)),0))) | F64: =IF(F$41=$C28,IF(F$40="dx",$R28,-$Q28),IF(F$41=$D28,IF(F$40="dx",-$T28,$S28),IF(F$41=$B28,IF(F$40="dx",($T28-$R28),($Q28-$S28)),0))) | G64: =IF(G$41=$C28,IF(G$40="dx",$R28,-$Q28),IF(G$41=$D28,IF(G$40="dx",-$T28,$S28),IF(G$41=$B28,IF(G$40="dx",($T28-$R28),($Q28-$S28)),0))) | H64: =IF(H$41=$C28,IF(H$40="dx",$R28,-$Q28),IF(H$41=$D28,IF(H$40="dx",-$T28,$S28),IF(H$41=$B28,IF(H$40="dx",($T28-$R28),($Q28-$S28)),0))) | I64: =IF(I$41=$C28,IF(I$40="dx",$R28,-$Q28),IF(I$41=$D28,IF(I$40="dx",-$T28,$S28),IF(I$41=$B28,IF(I$40="dx",($T28-$R28),($Q28-$S28)),0))) | ... Q64: =IF(Q$41=$C28,IF(Q$40="dx",$R28,-$Q28),IF(Q$41=$D28,IF(Q$40="dx",-$T28,$S28),IF(Q$41=$B28,IF(Q$40="dx",($T28-$R28),($Q28-$S28)),0))) | R64: =P26 | S64: =P28*10000 | T64: -3.0258602
B65: =IF(B$41=$C29,IF(B$40="dx",$R29,-$Q29),IF(B$41=$D29,IF(B$40="dx",-$T29,$S29),IF(B$41=$B29,IF(B$40="dx",($T29-$R29),($Q29-$S29)),0))) | C65: =IF(C$41=$C29,IF(C$40="dx",$R29,-$Q29),IF(C$41=$D29,IF(C$40="dx",-$T29,$S29),IF(C$41=$B29,IF(C$40="dx",($T29-$R29),($Q29-$S29)),0))) | D65: =IF(D$41=$C29,IF(D$40="dx",$R29,-$Q29),IF(D$41=$D29,IF(D$40="dx",-$T29,$S29),IF(D$41=$B29,IF(D$40="dx",($T29-$R29),($Q29-$S29)),0))) | E65: =IF(E$41=$C29,IF(E$40="dx",$R29,-$Q29),IF(E$41=$D29,IF(E$40="dx",-$T29,$S29),IF(E$41=$B29,IF(E$40="dx",($T29-$R29),($Q29-$S29)),0))) | F65: =IF(F$41=$C29,IF(F$40="dx",$R29,-$Q29),IF(F$41=$D29,IF(F$40="dx",-$T29,$S29),IF(F$41=$B29,IF(F$40="dx",($T29-$R29),($Q29-$S29)),0))) | G65: =IF(G$41=$C29,IF(G$40="dx",$R29,-$Q29),IF(G$41=$D29,IF(G$40="dx",-$T29,$S29),IF(G$41=$B29,IF(G$40="dx",($T29-$R29),($Q29-$S29)),0))) | H65: =IF(H$41=$C29,IF(H$40="dx",$R29,-$Q29),IF(H$41=$D29,IF(H$40="dx",-$T29,$S29),IF(H$41=$B29,IF(H$40="dx",($T29-$R29),($Q29-$S29)),0))) | I65: =IF(I$41=$C29,IF(I$40="dx",$R29,-$Q29),IF(I$41=$D29,IF(I$40="dx",-$T29,$S29),IF(I$41=$B29,IF(I$40="dx",($T29-$R29),($Q29-$S29)),0))) | ... Q65: =IF(Q$41=$C29,IF(Q$40="dx",$R29,-$Q29),IF(Q$41=$D29,IF(Q$40="dx",-$T29,$S29),IF(Q$41=$B29,IF(Q$40="dx",($T29-$R29),($Q29-$S29)),0))) | R65: =P27 | S65: =P29*10000 | T65: -0.91343101
B66: =IF(B$41=$C30,IF(B$40="dx",$R30,-$Q30),IF(B$41=$D30,IF(B$40="dx",-$T30,$S30),IF(B$41=$B30,IF(B$40="dx",($T30-$R30),($Q30-$S30)),0))) | C66: =IF(C$41=$C30,IF(C$40="dx",$R30,-$Q30),IF(C$41=$D30,IF(C$40="dx",-$T30,$S30),IF(C$41=$B30,IF(C$40="dx",($T30-$R30),($Q30-$S30)),0))) | D66: =IF(D$41=$C30,IF(D$40="dx",$R30,-$Q30),IF(D$41=$D30,IF(D$40="dx",-$T30,$S30),IF(D$41=$B30,IF(D$40="dx",($T30-$R30),($Q30-$S30)),0))) | E66: =IF(E$41=$C30,IF(E$40="dx",$R30,-$Q30),IF(E$41=$D30,IF(E$40="dx",-$T30,$S30),IF(E$41=$B30,IF(E$40="dx",($T30-$R30),($Q30-$S30)),0))) | F66: =IF(F$41=$C30,IF(F$40="dx",$R30,-$Q30),IF(F$41=$D30,IF(F$40="dx",-$T30,$S30),IF(F$41=$B30,IF(F$40="dx",($T30-$R30),($Q30-$S30)),0))) | G66: =IF(G$41=$C30,IF(G$40="dx",$R30,-$Q30),IF(G$41=$D30,IF(G$40="dx",-$T30,$S30),IF(G$41=$B30,IF(G$40="dx",($T30-$R30),($Q30-$S30)),0))) | H66: =IF(H$41=$C30,IF(H$40="dx",$R30,-$Q30),IF(H$41=$D30,IF(H$40="dx",-$T30,$S30),IF(H$41=$B30,IF(H$40="dx",($T30-$R30),($Q30-$S30)),0))) | I66: =IF(I$41=$C30,IF(I$40="dx",$R30,-$Q30),IF(I$41=$D30,IF(I$40="dx",-$T30,$S30),IF(I$41=$B30,IF(I$40="dx",($T30-$R30),($Q30-$S30)),0))) | ... Q66: =IF(Q$41=$C30,IF(Q$40="dx",$R30,-$Q30),IF(Q$41=$D30,IF(Q$40="dx",-$T30,$S30),IF(Q$41=$B30,IF(Q$40="dx",($T30-$R30),($Q30-$S30)),0))) | R66: =P28 | S66: =P30*10000 | T66: -1.5971305
B67: =IF(B$41=$C31,IF(B$40="dx",$R31,-$Q31),IF(B$41=$D31,IF(B$40="dx",-$T31,$S31),IF(B$41=$B31,IF(B$40="dx",($T31-$R31),($Q31-$S31)),0))) | C67: =IF(C$41=$C31,IF(C$40="dx",$R31,-$Q31),IF(C$41=$D31,IF(C$40="dx",-$T31,$S31),IF(C$41=$B31,IF(C$40="dx",($T31-$R31),($Q31-$S31)),0))) | D67: =IF(D$41=$C31,IF(D$40="dx",$R31,-$Q31),IF(D$41=$D31,IF(D$40="dx",-$T31,$S31),IF(D$41=$B31,IF(D$40="dx",($T31-$R31),($Q31-$S31)),0))) | E67: =IF(E$41=$C31,IF(E$40="dx",$R31,-$Q31),IF(E$41=$D31,IF(E$40="dx",-$T31,$S31),IF(E$41=$B31,IF(E$40="dx",($T31-$R31),($Q31-$S31)),0))) | F67: =IF(F$41=$C31,IF(F$40="dx",$R31,-$Q31),IF(F$41=$D31,IF(F$40="dx",-$T31,$S31),IF(F$41=$B31,IF(F$40="dx",($T31-$R31),($Q31-$S31)),0))) | G67: =IF(G$41=$C31,IF(G$40="dx",$R31,-$Q31),IF(G$41=$D31,IF(G$40="dx",-$T31,$S31),IF(G$41=$B31,IF(G$40="dx",($T31-$R31),($Q31-$S31)),0))) | H67: =IF(H$41=$C31,IF(H$40="dx",$R31,-$Q31),IF(H$41=$D31,IF(H$40="dx",-$T31,$S31),IF(H$41=$B31,IF(H$40="dx",($T31-$R31),($Q31-$S31)),0))) | I67: =IF(I$41=$C31,IF(I$40="dx",$R31,-$Q31),IF(I$41=$D31,IF(I$40="dx",-$T31,$S31),IF(I$41=$B31,IF(I$40="dx",($T31-$R31),($Q31-$S31)),0))) | ... Q67: =IF(Q$41=$C31,IF(Q$40="dx",$R31,-$Q31),IF(Q$41=$D31,IF(Q$40="dx",-$T31,$S31),IF(Q$41=$B31,IF(Q$40="dx",($T31-$R31),($Q31-$S31)),0))) | R67: =P29 | S67: =P31*10000 | T67: -1.585208
B68: =IF(B$41=$C32,IF(B$40="dx",$R32,-$Q32),IF(B$41=$D32,IF(B$40="dx",-$T32,$S32),IF(B$41=$B32,IF(B$40="dx",($T32-$R32),($Q32-$S32)),0))) | C68: =IF(C$41=$C32,IF(C$40="dx",$R32,-$Q32),IF(C$41=$D32,IF(C$40="dx",-$T32,$S32),IF(C$41=$B32,IF(C$40="dx",($T32-$R32),($Q32-$S32)),0))) | D68: =IF(D$41=$C32,IF(D$40="dx",$R32,-$Q32),IF(D$41=$D32,IF(D$40="dx",-$T32,$S32),IF(D$41=$B32,IF(D$40="dx",($T32-$R32),($Q32-$S32)),0))) | E68: =IF(E$41=$C32,IF(E$40="dx",$R32,-$Q32),IF(E$41=$D32,IF(E$40="dx",-$T32,$S32),IF(E$41=$B32,IF(E$40="dx",($T32-$R32),($Q32-$S32)),0))) | F68: =IF(F$41=$C32,IF(F$40="dx",$R32,-$Q32),IF(F$41=$D32,IF(F$40="dx",-$T32,$S32),IF(F$41=$B32,IF(F$40="dx",($T32-$R32),($Q32-$S32)),0))) | G68: =IF(G$41=$C32,IF(G$40="dx",$R32,-$Q32),IF(G$41=$D32,IF(G$40="dx",-$T32,$S32),IF(G$41=$B32,IF(G$40="dx",($T32-$R32),($Q32-$S32)),0))) | H68: =IF(H$41=$C32,IF(H$40="dx",$R32,-$Q32),IF(H$41=$D32,IF(H$40="dx",-$T32,$S32),IF(H$41=$B32,IF(H$40="dx",($T32-$R32),($Q32-$S32)),0))) | I68: =IF(I$41=$C32,IF(I$40="dx",$R32,-$Q32),IF(I$41=$D32,IF(I$40="dx",-$T32,$S32),IF(I$41=$B32,IF(I$40="dx",($T32-$R32),($Q32-$S32)),0))) | ... Q68: =IF(Q$41=$C32,IF(Q$40="dx",$R32,-$Q32),IF(Q$41=$D32,IF(Q$40="dx",-$T32,$S32),IF(Q$41=$B32,IF(Q$40="dx",($T32-$R32),($Q32-$S32)),0))) | R68: =P30 | S68: =P32*10000 | T68: -0.41663012
B69: =IF(B$41=$C33,IF(B$40="dx",$R33,-$Q33),IF(B$41=$D33,IF(B$40="dx",-$T33,$S33),IF(B$41=$B33,IF(B$40="dx",($T33-$R33),($Q33-$S33)),0))) | C69: =IF(C$41=$C33,IF(C$40="dx",$R33,-$Q33),IF(C$41=$D33,IF(C$40="dx",-$T33,$S33),IF(C$41=$B33,IF(C$40="dx",($T33-$R33),($Q33-$S33)),0))) | D69: =IF(D$41=$C33,IF(D$40="dx",$R33,-$Q33),IF(D$41=$D33,IF(D$40="dx",-$T33,$S33),IF(D$41=$B33,IF(D$40="dx",($T33-$R33),($Q33-$S33)),0))) | E69: =IF(E$41=$C33,IF(E$40="dx",$R33,-$Q33),IF(E$41=$D33,IF(E$40="dx",-$T33,$S33),IF(E$41=$B33,IF(E$40="dx",($T33-$R33),($Q33-$S33)),0))) | F69: =IF(F$41=$C33,IF(F$40="dx",$R33,-$Q33),IF(F$41=$D33,IF(F$40="dx",-$T33,$S33),IF(F$41=$B33,IF(F$40="dx",($T33-$R33),($Q33-$S33)),0))) | G69: =IF(G$41=$C33,IF(G$40="dx",$R33,-$Q33),IF(G$41=$D33,IF(G$40="dx",-$T33,$S33),IF(G$41=$B33,IF(G$40="dx",($T33-$R33),($Q33-$S33)),0))) | H69: =IF(H$41=$C33,IF(H$40="dx",$R33,-$Q33),IF(H$41=$D33,IF(H$40="dx",-$T33,$S33),IF(H$41=$B33,IF(H$40="dx",($T33-$R33),($Q33-$S33)),0))) | I69: =IF(I$41=$C33,IF(I$40="dx",$R33,-$Q33),IF(I$41=$D33,IF(I$40="dx",-$T33,$S33),IF(I$41=$B33,IF(I$40="dx",($T33-$R33),($Q33-$S33)),0))) | ... Q69: =IF(Q$41=$C33,IF(Q$40="dx",$R33,-$Q33),IF(Q$41=$D33,IF(Q$40="dx",-$T33,$S33),IF(Q$41=$B33,IF(Q$40="dx",($T33-$R33),($Q33-$S33)),0))) | R69: =P31 | S69: =P33*10000 | T69: -2.0113917
B70: =IF(B$41=$C34,IF(B$40="dx",$R34,-$Q34),IF(B$41=$D34,IF(B$40="dx",-$T34,$S34),IF(B$41=$B34,IF(B$40="dx",($T34-$R34),($Q34-$S34)),0))) | C70: =IF(C$41=$C34,IF(C$40="dx",$R34,-$Q34),IF(C$41=$D34,IF(C$40="dx",-$T34,$S34),IF(C$41=$B34,IF(C$40="dx",($T34-$R34),($Q34-$S34)),0))) | D70: =IF(D$41=$C34,IF(D$40="dx",$R34,-$Q34),IF(D$41=$D34,IF(D$40="dx",-$T34,$S34),IF(D$41=$B34,IF(D$40="dx",($T34-$R34),($Q34-$S34)),0))) | E70: =IF(E$41=$C34,IF(E$40="dx",$R34,-$Q34),IF(E$41=$D34,IF(E$40="dx",-$T34,$S34),IF(E$41=$B34,IF(E$40="dx",($T34-$R34),($Q34-$S34)),0))) | F70: =IF(F$41=$C34,IF(F$40="dx",$R34,-$Q34),IF(F$41=$D34,IF(F$40="dx",-$T34,$S34),IF(F$41=$B34,IF(F$40="dx",($T34-$R34),($Q34-$S34)),0))) | G70: =IF(G$41=$C34,IF(G$40="dx",$R34,-$Q34),IF(G$41=$D34,IF(G$40="dx",-$T34,$S34),IF(G$41=$B34,IF(G$40="dx",($T34-$R34),($Q34-$S34)),0))) | H70: =IF(H$41=$C34,IF(H$40="dx",$R34,-$Q34),IF(H$41=$D34,IF(H$40="dx",-$T34,$S34),IF(H$41=$B34,IF(H$40="dx",($T34-$R34),($Q34-$S34)),0))) | I70: =IF(I$41=$C34,IF(I$40="dx",$R34,-$Q34),IF(I$41=$D34,IF(I$40="dx",-$T34,$S34),IF(I$41=$B34,IF(I$40="dx",($T34-$R34),($Q34-$S34)),0))) | ... Q70: =IF(Q$41=$C34,IF(Q$40="dx",$R34,-$Q34),IF(Q$41=$D34,IF(Q$40="dx",-$T34,$S34),IF(Q$41=$B34,IF(Q$40="dx",($T34-$R34),($Q34-$S34)),0))) | R70: =P32 | S70: =P34*10000 | T70: -1.0222249
B71: =IF(B$41=$C35,IF(B$40="dx",$R35,-$Q35),IF(B$41=$D35,IF(B$40="dx",-$T35,$S35),IF(B$41=$B35,IF(B$40="dx",($T35-$R35),($Q35-$S35)),0))) | C71: =IF(C$41=$C35,IF(C$40="dx",$R35,-$Q35),IF(C$41=$D35,IF(C$40="dx",-$T35,$S35),IF(C$41=$B35,IF(C$40="dx",($T35-$R35),($Q35-$S35)),0))) | D71: =IF(D$41=$C35,IF(D$40="dx",$R35,-$Q35),IF(D$41=$D35,IF(D$40="dx",-$T35,$S35),IF(D$41=$B35,IF(D$40="dx",($T35-$R35),($Q35-$S35)),0))) | E71: =IF(E$41=$C35,IF(E$40="dx",$R35,-$Q35),IF(E$41=$D35,IF(E$40="dx",-$T35,$S35),IF(E$41=$B35,IF(E$40="dx",($T35-$R35),($Q35-$S35)),0))) | F71: =IF(F$41=$C35,IF(F$40="dx",$R35,-$Q35),IF(F$41=$D35,IF(F$40="dx",-$T35,$S35),IF(F$41=$B35,IF(F$40="dx",($T35-$R35),($Q35-$S35)),0))) | G71: =IF(G$41=$C35,IF(G$40="dx",$R35,-$Q35),IF(G$41=$D35,IF(G$40="dx",-$T35,$S35),IF(G$41=$B35,IF(G$40="dx",($T35-$R35),($Q35-$S35)),0))) | H71: =IF(H$41=$C35,IF(H$40="dx",$R35,-$Q35),IF(H$41=$D35,IF(H$40="dx",-$T35,$S35),IF(H$41=$B35,IF(H$40="dx",($T35-$R35),($Q35-$S35)),0))) | I71: =IF(I$41=$C35,IF(I$40="dx",$R35,-$Q35),IF(I$41=$D35,IF(I$40="dx",-$T35,$S35),IF(I$41=$B35,IF(I$40="dx",($T35-$R35),($Q35-$S35)),0))) | ... Q71: =IF(Q$41=$C35,IF(Q$40="dx",$R35,-$Q35),IF(Q$41=$D35,IF(Q$40="dx",-$T35,$S35),IF(Q$41=$B35,IF(Q$40="dx",($T35-$R35),($Q35-$S35)),0))) | R71: =P33 | S71: =P35*10000 | T71: -4.2311434
B72: =IF(B$41=$C36,IF(B$40="dx",$R36,-$Q36),IF(B$41=$D36,IF(B$40="dx",-$T36,$S36),IF(B$41=$B36,IF(B$40="dx",($T36-$R36),($Q36-$S36)),0))) | C72: =IF(C$41=$C36,IF(C$40="dx",$R36,-$Q36),IF(C$41=$D36,IF(C$40="dx",-$T36,$S36),IF(C$41=$B36,IF(C$40="dx",($T36-$R36),($Q36-$S36)),0))) | D72: =IF(D$41=$C36,IF(D$40="dx",$R36,-$Q36),IF(D$41=$D36,IF(D$40="dx",-$T36,$S36),IF(D$41=$B36,IF(D$40="dx",($T36-$R36),($Q36-$S36)),0))) | E72: =IF(E$41=$C36,IF(E$40="dx",$R36,-$Q36),IF(E$41=$D36,IF(E$40="dx",-$T36,$S36),IF(E$41=$B36,IF(E$40="dx",($T36-$R36),($Q36-$S36)),0))) | F72: =IF(F$41=$C36,IF(F$40="dx",$R36,-$Q36),IF(F$41=$D36,IF(F$40="dx",-$T36,$S36),IF(F$41=$B36,IF(F$40="dx",($T36-$R36),($Q36-$S36)),0))) | G72: =IF(G$41=$C36,IF(G$40="dx",$R36,-$Q36),IF(G$41=$D36,IF(G$40="dx",-$T36,$S36),IF(G$41=$B36,IF(G$40="dx",($T36-$R36),($Q36-$S36)),0))) | H72: =IF(H$41=$C36,IF(H$40="dx",$R36,-$Q36),IF(H$41=$D36,IF(H$40="dx",-$T36,$S36),IF(H$41=$B36,IF(H$40="dx",($T36-$R36),($Q36-$S36)),0))) | I72: =IF(I$41=$C36,IF(I$40="dx",$R36,-$Q36),IF(I$41=$D36,IF(I$40="dx",-$T36,$S36),IF(I$41=$B36,IF(I$40="dx",($T36-$R36),($Q36-$S36)),0))) | ... Q72: =IF(Q$41=$C36,IF(Q$40="dx",$R36,-$Q36),IF(Q$41=$D36,IF(Q$40="dx",-$T36,$S36),IF(Q$41=$B36,IF(Q$40="dx",($T36-$R36),($Q36-$S36)),0))) | R72: =P34 | S72: =P36*10000 | T72: -2.4004451
B73: =IF(B$41=$C37,IF(B$40="dx",$R37,-$Q37),IF(B$41=$D37,IF(B$40="dx",-$T37,$S37),IF(B$41=$B37,IF(B$40="dx",($T37-$R37),($Q37-$S37)),0))) | C73: =IF(C$41=$C37,IF(C$40="dx",$R37,-$Q37),IF(C$41=$D37,IF(C$40="dx",-$T37,$S37),IF(C$41=$B37,IF(C$40="dx",($T37-$R37),($Q37-$S37)),0))) | D73: =IF(D$41=$C37,IF(D$40="dx",$R37,-$Q37),IF(D$41=$D37,IF(D$40="dx",-$T37,$S37),IF(D$41=$B37,IF(D$40="dx",($T37-$R37),($Q37-$S37)),0))) | E73: =IF(E$41=$C37,IF(E$40="dx",$R37,-$Q37),IF(E$41=$D37,IF(E$40="dx",-$T37,$S37),IF(E$41=$B37,IF(E$40="dx",($T37-$R37),($Q37-$S37)),0))) | F73: =IF(F$41=$C37,IF(F$40="dx",$R37,-$Q37),IF(F$41=$D37,IF(F$40="dx",-$T37,$S37),IF(F$41=$B37,IF(F$40="dx",($T37-$R37),($Q37-$S37)),0))) | G73: =IF(G$41=$C37,IF(G$40="dx",$R37,-$Q37),IF(G$41=$D37,IF(G$40="dx",-$T37,$S37),IF(G$41=$B37,IF(G$40="dx",($T37-$R37),($Q37-$S37)),0))) | H73: =IF(H$41=$C37,IF(H$40="dx",$R37,-$Q37),IF(H$41=$D37,IF(H$40="dx",-$T37,$S37),IF(H$41=$B37,IF(H$40="dx",($T37-$R37),($Q37-$S37)),0))) | I73: =IF(I$41=$C37,IF(I$40="dx",$R37,-$Q37),IF(I$41=$D37,IF(I$40="dx",-$T37,$S37),IF(I$41=$B37,IF(I$40="dx",($T37-$R37),($Q37-$S37)),0))) | ... Q73: =IF(Q$41=$C37,IF(Q$40="dx",$R37,-$Q37),IF(Q$41=$D37,IF(Q$40="dx",-$T37,$S37),IF(Q$41=$B37,IF(Q$40="dx",($T37-$R37),($Q37-$S37)),0))) | R73: =P35 | S73: =P37*10000 | T73: -0.68936242
B74: =IF(B$42=$C36,IF(B$41="dx",$R36,-$Q36),IF(B$42=$D36,IF(B$41="dx",-$T36,$S36),IF(B$42=$B36,IF(B$41="dx",($T36-$R36),($Q36-$S36)),0))) | C74: =IF(C$42=$C36,IF(C$41="dx",$R36,-$Q36),IF(C$42=$D36,IF(C$41="dx",-$T36,$S36),IF(C$42=$B36,IF(C$41="dx",($T36-$R36),($Q36-$S36)),0))) | D74: =IF(D$42=$C36,IF(D$41="dx",$R36,-$Q36),IF(D$42=$D36,IF(D$41="dx",-$T36,$S36),IF(D$42=$B36,IF(D$41="dx",($T36-$R36),($Q36-$S36)),0))) | E74: =IF(E$42=$C36,IF(E$41="dx",$R36,-$Q36),IF(E$42=$D36,IF(E$41="dx",-$T36,$S36),IF(E$42=$B36,IF(E$41="dx",($T36-$R36),($Q36-$S36)),0))) | F74: =IF(F$42=$C36,IF(F$41="dx",$R36,-$Q36),IF(F$42=$D36,IF(F$41="dx",-$T36,$S36),IF(F$42=$B36,IF(F$41="dx",($T36-$R36),($Q36-$S36)),0))) | G74: =IF(G$42=$C36,IF(G$41="dx",$R36,-$Q36),IF(G$42=$D36,IF(G$41="dx",-$T36,$S36),IF(G$42=$B36,IF(G$41="dx",($T36-$R36),($Q36-$S36)),0))) | H74: =IF(H$42=$C36,IF(H$41="dx",$R36,-$Q36),IF(H$42=$D36,IF(H$41="dx",-$T36,$S36),IF(H$42=$B36,IF(H$41="dx",($T36-$R36),($Q36-$S36)),0))) | I74: =IF(I$42=$C36,IF(I$41="dx",$R36,-$Q36),IF(I$42=$D36,IF(I$41="dx",-$T36,$S36),IF(I$42=$B36,IF(I$41="dx",($T36-$R36),($Q36-$S36)),0))) | ... Q74: =IF(Q$42=$C36,IF(Q$41="dx",$R36,-$Q36),IF(Q$42=$D36,IF(Q$41="dx",-$T36,$S36),IF(Q$42=$B36,IF(Q$41="dx",($T36-$R36),($Q36-$S36)),0))) | R74: =P36 | T74: -0.65403434
B75: A | S75: L
B76: =B42/$L4 | C76: =C42/$L4 | D76: =D42/$L4 | E76: =E42/$L4 | F76: =F42/$L4 | G76: =G42/$L4 | H76: =H42/$L4 | I76: =I42/$L4 | ... Q76: =Q42/$L4 | S76: =S42/$L4
B77: =B43/$L5 | S77: =S43/$L5
B78: =B44/$L6 | C78: =C44/$L6 | D78: =D44/$L6 | E78: =E44/$L6 | F78: =F44/$L6 | G78: =G44/$L6 | H78: =H44/$L6 | I78: =I44/$L6 | ... Q78: =Q44/$L6 | R78: L | S78: =S44/$L6 | T78: V
B79: =B45/$L7 | C79: =C45/$L7 | D79: =D45/$L7 | E79: =E45/$L7 | F79: =F45/$L7 | G79: =G45/$L7 | H79: =H45/$L7 | I79: =I45/$L7 | ... Q79: =Q45/$L7 | S79: =S45/$L7
A80: [1/m] | B80: =B46/$L8 | C80: =C46/$L8 | D80: =D46/$L8 | E80: =E46/$L8 | F80: =F46/$L8 | G80: =G46/$L8 | H80: =H46/$L8 | I80: =I46/$L8 | ... Q80: =Q46/$L8 | R80: =R43/$M4 | S80: =S46/$L8 | T80: {=MMULT(B80:Q111,U140:U155)+R80:R111} | U80: [-]
B81: =B47/$L9 | C81: =C47/$L9 | D81: =D47/$L9 | E81: =E47/$L9 | F81: =F47/$L9 | G81: =G47/$L9 | H81: =H47/$L9 | I81: =I47/$L9 | ... Q81: =Q47/$L9 | R81: =R44/$M5 | S81: =S47/$L9 | T81: 1.1151991
B82: =B48/$L10 | C82: =C48/$L10 | D82: =D48/$L10 | E82: =E48/$L10 | F82: =F48/$L10 | G82: =G48/$L10 | H82: =H48/$L10 | I82: =I48/$L10 | ... Q82: =Q48/$L10 | R82: =R45/$M6 | S82: =S48/$L10 | T82: 0.41326809
B83: =B49/$L11 | C83: =C49/$L11 | D83: =D49/$L11 | E83: =E49/$L11 | F83: =F49/$L11 | G83: =G49/$L11 | H83: =H49/$L11 | I83: =I49/$L11 | ... Q83: =Q49/$L11 | R83: =R46/$M7 | S83: =S49/$L11 | T83: 1.67688
B84: =B50/$L12 | C84: =C50/$L12 | D84: =D50/$L12 | E84: =E50/$L12 | F84: =F50/$L12 | G84: =G50/$L12 | H84: =H50/$L12 | I84: =I50/$L12 | ... Q84: =Q50/$L12 | R84: =R47/$M8 | S84: =S50/$L12 | T84: -0.39211797
B85: =B51/$L13 | C85: =C51/$L13 | D85: =D51/$L13 | E85: =E51/$L13 | F85: =F51/$L13 | G85: =G51/$L13 | H85: =H51/$L13 | I85: =I51/$L13 | ... Q85: =Q51/$L13 | R85: =R48/$M9 | S85: =S51/$L13 | T85: -0.34537339
B86: =B52/$L14 | C86: =C52/$L14 | D86: =D52/$L14 | E86: =E52/$L14 | F86: =F52/$L14 | G86: =G52/$L14 | H86: =H52/$L14 | I86: =I52/$L14 | ... Q86: =Q52/$L14 | R86: =R49/$M10 | S86: =S52/$L14 | T86: 0.24293922
B87: =B53/$L15 | C87: =C53/$L15 | D87: =D53/$L15 | E87: =E53/$L15 | F87: =F53/$L15 | G87: =G53/$L15 | H87: =H53/$L15 | I87: =I53/$L15 | ... Q87: =Q53/$L15 | R87: =R50/$M11 | S87: =S53/$L15 | T87: -0.32648342
B88: =B54/$L16 | C88: =C54/$L16 | D88: =D54/$L16 | E88: =E54/$L16 | F88: =F54/$L16 | G88: =G54/$L16 | H88: =H54/$L16 | I88: =I54/$L16 | ... Q88: =Q54/$L16 | R88: =R51/$M12 | S88: =S54/$L16 | T88: -1.19864
B89: =B55/$L17 | C89: =C55/$L17 | D89: =D55/$L17 | E89: =E55/$L17 | F89: =F55/$L17 | G89: =G55/$L17 | H89: =H55/$L17 | I89: =I55/$L17 | ... Q89: =Q55/$L17 | R89: =R52/$M13 | S89: =S55/$L17 | T89: 0.86593439
B90: =B56/$L18 | C90: =C56/$L18 | D90: =D56/$L18 | E90: =E56/$L18 | F90: =F56/$L18 | G90: =G56/$L18 | H90: =H56/$L18 | I90: =I56/$L18 | ... Q90: =Q56/$L18 | R90: =R53/$M14 | S90: =S56/$L18 | T90: 0.23398422
B91: =B57/$L19 | C91: =C57/$L19 | D91: =D57/$L19 | E91: =E57/$L19 | F91: =F57/$L19 | G91: =G57/$L19 | H91: =H57/$L19 | I91: =I57/$L19 | ... Q91: =Q57/$L19 | R91: =R54/$M15 | S91: =S57/$L19 | T91: 0.066620103 | U91: AT
B92: =B58/$L20 | C92: =C58/$L20 | D92: =D58/$L20 | E92: =E58/$L20 | F92: =F58/$L20 | G92: =G58/$L20 | H92: =H58/$L20 | I92: =I58/$L20 | ... Q92: =Q58/$L20 | R92: =R55/$M16 | S92: =S58/$L20 | T92: 0.097226098 | U92: {=TRANSPOSE(B76:Q107)} | V92: 0 | W92: 0 | X92: 0 | Y92: 0 | Z92: 521.73886 | AA92: 0 | AB92: 0 | AC92: 0 | AD92: -859.07019 | AE92: -370.46026 | AF92: 173.64592 | AG92: 0 | AH92: 0 | AI92: 0 | AJ92: 0 | AK92: 0 | AL92: 0 | AM92: 0 | AN92: 0 | AO92: -1134.4354 | AP92: 0 | AQ92: 0 | AR92: 0 | AS92: 0 | AT92: 1134.4354 | AU92: 0 | AV92: 0 | AW92: 0 | AX92: 0 | AY92: 0 | AZ92: 0
B93: =B59/$L21 | C93: =C59/$L21 | D93: =D59/$L21 | E93: =E59/$L21 | F93: =F59/$L21 | G93: =G59/$L21 | H93: =H59/$L21 | I93: =I59/$L21 | ... Q93: =Q59/$L21 | R93: =R56/$M17 | S93: =S59/$L21 | T93: -1.127762 | U93: -766.93541 | V93: 0 | W93: 0 | X93: 0 | Y93: 0 | Z93: -695.65181 | AA93: 0 | AB93: 0 | AC93: 0 | AD93: -148.11555 | AE93: -771.3693 | AF93: -766.93614 | AG93: 0 | AH93: 0 | AI93: 0 | AJ93: 0 | AK93: 0 | AL93: 0 | AM93: 0 | AN93: 0 | AO93: 544.82753 | AP93: 0 | AQ93: 0 | AR93: 0 | AS93: 0 | AT93: -544.82753 | AU93: 0 | AV93: 0 | AW93: 0 | AX93: 0 | AY93: 0 | AZ93: 0
B94: =B60/$L22 | C94: =C60/$L22 | D94: =D60/$L22 | E94: =E60/$L22 | F94: =F60/$L22 | G94: =G60/$L22 | H94: =H60/$L22 | I94: =I60/$L22 | ... Q94: =Q60/$L22 | R94: =R57/$M18 | S94: =S60/$L22 | T94: 1.1178339 | U94: 0 | V94: 0 | W94: 0 | X94: 0 | Y94: 0 | Z94: 0 | AA94: 0 | AB94: 0 | AC94: 0 | AD94: 859.07019 | AE94: 0 | AF94: 0 | AG94: 739.63347 | AH94: 430.35881 | AI94: -131.276 | AJ94: 0 | AK94: 0 | AL94: 0 | AM94: 0 | AN94: 0 | AO94: 1264.4976 | AP94: -1264.4976 | AQ94: 0 | AR94: 0 | AS94: 0 | AT94: 0 | AU94: 0 | AV94: 0 | AW94: 0 | AX94: 0 | AY94: 0 | AZ94: 0
B95: =B61/$L23 | C95: =C61/$L23 | D95: =D61/$L23 | E95: =E61/$L23 | F95: =F61/$L23 | G95: =G61/$L23 | H95: =H61/$L23 | I95: =I61/$L23 | ... Q95: =Q61/$L23 | R95: =R58/$M19 | S95: =S61/$L23 | T95: 0.24178 | U95: 0 | V95: 0 | W95: 0 | X95: 0 | Y95: 0 | Z95: 0 | AA95: 0 | AB95: 0 | AC95: 0 | AD95: 148.11555 | AE95: 0 | AF95: 0 | AG95: -299.00076 | AH95: -759.10513 | AI95: -761.4008 | AJ95: 0 | AK95: 0 | AL95: 0 | AM95: 0 | AN95: 0 | AO95: 716.88052 | AP95: -716.88052 | AQ95: 0 | AR95: 0 | AS95: 0 | AT95: 0 | AU95: 0 | AV95: 0 | AW95: 0 | AX95: 0 | AY95: 0 | AZ95: 0
B96: =B62/$O26 | C96: =C62/$O26 | D96: =D62/$O26 | E96: =E62/$O26 | F96: =F62/$O26 | G96: =G62/$O26 | H96: =H62/$O26 | I96: =I62/$O26 | ... Q96: =Q62/$O26 | R96: =R59/$M20 | S96: =S62/$O26 | T96: -1.1756865 | U96: 0 | V96: 0 | W96: 0 | X96: 0 | Y96: 0 | Z96: 0 | AA96: 0 | AB96: 0 | AC96: 0 | AD96: 0 | AE96: 0 | AF96: 0 | AG96: 0 | AH96: 0 | AI96: 131.276 | AJ96: 809.05062 | AK96: 778.90204 | AL96: 497.85054 | AM96: 0 | AN96: 0 | AO96: 0 | AP96: -834.43115 | AQ96: 834.43115 | AR96: 0 | AS96: 0 | AT96: 0 | AU96: 0 | AV96: 0 | AW96: 0 | AX96: 0 | AY96: 0 | AZ96: 515.86133
B97: =B63/$O27 | C97: =C63/$O27 | D97: =D63/$O27 | E97: =E63/$O27 | F97: =F63/$O27 | G97: =G63/$O27 | H97: =H63/$O27 | I97: =I63/$O27 | ... Q97: =Q63/$O27 | R97: =R60/$M21 | S97: =S63/$O27 | T97: 0.19743338 | U97: 0 | V97: 0 | W97: 0 | X97: 0 | Y97: 0 | Z97: 0 | AA97: 0 | AB97: 0 | AC97: 0 | AD97: 0 | AE97: 0 | AF97: 0 | AG97: 0 | AH97: 0 | AI97: 761.4008 | AJ97: -317.84132 | AK97: 152.72589 | AL97: 665.16097 | AM97: 0 | AN97: 0 | AO97: 0 | AP97: 624.54356 | AQ97: -624.54356 | AR97: 0 | AS97: 0 | AT97: 0 | AU97: 0 | AV97: 0 | AW97: 0 | AX97: 0 | AY97: 0 | AZ97: 1313.1016
B98: =B64/$O28 | C98: =C64/$O28 | D98: =D64/$O28 | E98: =E64/$O28 | F98: =F64/$O28 | G98: =G64/$O28 | H98: =H64/$O28 | I98: =I64/$O28 | ... Q98: =Q64/$O28 | R98: =R61/$M22 | S98: =S64/$O28 | T98: 0.64004277 | U98: 0 | V98: 638.97869 | W98: 0 | X98: 0 | Y98: 0 | Z98: 0 | AA98: 0 | AB98: 0 | AC98: 0 | AD98: 0 | AE98: 0 | AF98: 0 | AG98: 0 | AH98: 0 | AI98: 0 | AJ98: -809.05062 | AK98: 0 | AL98: 0 | AM98: 0 | AN98: 777.4857 | AO98: 0 | AP98: 0 | AQ98: -966.83324 | AR98: 966.83324 | AS98: 0 | AT98: 0 | AU98: 0 | AV98: 0 | AW98: 542.13363 | AX98: -1460.9663 | AY98: -48.000577 | AZ98: 450.97191
B99: =B65/$O29 | C99: =C65/$O29 | D99: =D65/$O29 | E99: =E65/$O29 | F99: =F65/$O29 | G99: =G65/$O29 | H99: =H65/$O29 | I99: =I65/$O29 | ... Q99: =Q65/$O29 | R99: =R62/$M23 | S99: =S65/$O29 | T99: -0.78936849 | U99: 0 | V99: 583.41532 | W99: 0 | X99: 0 | Y99: 0 | Z99: 0 | AA99: 0 | AB99: 0 | AC99: 0 | AD99: 0 | AE99: 0 | AF99: 0 | AG99: 0 | AH99: 0 | AI99: 0 | AJ99: 317.84132 | AK99: 0 | AL99: 0 | AM99: 0 | AN99: -362.82666 | AO99: 0 | AP99: 0 | AQ99: -79.830267 | AR99: 79.830267 | AS99: 0 | AT99: 0 | AU99: 0 | AV99: 0 | AW99: 1161.7149 | AX99: -155.37438 | AY99: -1086.1708 | AZ99: -1233.2713
A100: [1/m] | B100: =B66/$O30 | C100: =C66/$O30 | D100: =D66/$O30 | E100: =E66/$O30 | F100: =F66/$O30 | G100: =G66/$O30 | H100: =H66/$O30 | I100: =I66/$O30 | ... Q100: =Q66/$O30 | R100: =R63/$O25 | S100: =S66/$O30 | T100: -1.1539134 | U100: 0 | V100: 0 | W100: -166.4161 | X100: 0 | Y100: 0 | Z100: 0 | AA100: 0 | AB100: 0 | AC100: -11.835278 | AD100: 0 | AE100: 0 | AF100: 0 | AG100: 0 | AH100: 0 | AI100: 0 | AJ100: 0 | AK100: 0 | AL100: 0 | AM100: -377.87944 | AN100: -777.4857 | AO100: 0 | AP100: 0 | AQ100: 0 | AR100: 0 | AS100: 0 | AT100: 0 | AU100: -502.98654 | AV100: 616.21227 | AW100: 7.6243811 | AX100: 542.13363 | AY100: 0 | AZ100: 0
B101: =B67/$O31 | C101: =C67/$O31 | D101: =D67/$O31 | E101: =E67/$O31 | F101: =F67/$O31 | G101: =G67/$O31 | H101: =H67/$O31 | I101: =I67/$O31 | ... Q101: =Q67/$O31 | R101: =R64/$O26 | S101: =S67/$O31 | T101: -1.0086201 | U101: 0 | V101: 0 | W101: 832.08051 | X101: 0 | Y101: 0 | Z101: 0 | AA101: 0 | AB101: 0 | AC101: 757.45776 | AD101: 0 | AE101: 0 | AF101: 0 | AG101: 0 | AH101: 0 | AI101: 0 | AJ101: 0 | AK101: 0 | AL101: 0 | AM101: 647.79333 | AN101: 362.82666 | AO101: 0 | AP101: 0 | AQ101: 0 | AR101: 0 | AS101: 0 | AT101: 0 | AU101: -222.83493 | AV101: -87.498115 | AW101: -841.02274 | AX101: 1161.7149 | AY101: 0 | AZ101: 0
B102: =B68/$O32 | C102: =C68/$O32 | D102: =D68/$O32 | E102: =E68/$O32 | F102: =F68/$O32 | G102: =G68/$O32 | H102: =H68/$O32 | I102: =I68/$O32 | ... Q102: =Q68/$O32 | R102: =R65/$O27 | S102: =S68/$O32 | T102: -0.304477 | U102: -173.64575 | V102: -638.97869 | W102: 166.4161 | X102: 176.47513 | Y102: -648.84325 | Z102: 0 | AA102: 0 | AB102: 176.47477 | AC102: 0 | AD102: 0 | AE102: 0 | AF102: -173.64592 | AG102: 0 | AH102: 0 | AI102: 0 | AJ102: 0 | AK102: -778.90204 | AL102: 0 | AM102: 0 | AN102: 0 | AO102: 0 | AP102: 0 | AQ102: 0 | AR102: -787.29216 | AS102: 787.29216 | AT102: 0 | AU102: 1165.9703 | AV102: -1165.9703 | AW102: 0 | AX102: 918.83266 | AY102: -918.83266 | AZ102: 0
B103: =B69/$O33 | C103: =C69/$O33 | D103: =D69/$O33 | E103: =E69/$O33 | F103: =F69/$O33 | G103: =G69/$O33 | H103: =H69/$O33 | I103: =I69/$O33 | ... Q103: =Q69/$O33 | R103: =R66/$O28 | S103: =S69/$O33 | T103: -0.53237684 | U103: 766.93541 | V103: -583.41532 | W103: -832.08051 | X103: 852.96311 | Y103: 551.27284 | Z103: 0 | AA103: 0 | AB103: 852.9614 | AC103: 0 | AD103: 0 | AE103: 0 | AF103: 766.93614 | AG103: 0 | AH103: 0 | AI103: 0 | AJ103: 0 | AK103: -152.72589 | AL103: 0 | AM103: 0 | AN103: 0 | AO103: 0 | AP103: 0 | AQ103: 0 | AR103: -926.63591 | AS103: 926.63591 | AT103: 0 | AU103: 233.19406 | AV103: -233.19406 | AW103: 0 | AX103: -1006.3405 | AY103: 1006.3405 | AZ103: 0
B104: =B70/$O34 | C104: =C70/$O34 | D104: =D70/$O34 | E104: =E70/$O34 | F104: =F70/$O34 | G104: =G70/$O34 | H104: =H70/$O34 | I104: =I70/$O34 | ... Q104: =Q70/$O34 | R104: =R67/$O29 | S104: =S70/$O34 | T104: -0.52840267 | U104: 0 | V104: 0 | W104: 0 | X104: -176.47513 | Y104: 0 | Z104: -521.73886 | AA104: -841.4861 | AB104: -176.47477 | AC104: 11.835278 | AD104: 0 | AE104: 0 | AF104: 0 | AG104: -739.63347 | AH104: 0 | AI104: 0 | AJ104: 0 | AK104: 0 | AL104: 0 | AM104: 0 | AN104: 0 | AO104: 0 | AP104: 0 | AQ104: 0 | AR104: 0 | AS104: 246.09904 | AT104: -246.09904 | AU104: -662.98373 | AV104: 0 | AW104: 0 | AX104: 0 | AY104: 0 | AZ104: 0
B105: =B71/$O35 | C105: =C71/$O35 | D105: =D71/$O35 | E105: =E71/$O35 | F105: =F71/$O35 | G105: =G71/$O35 | H105: =H71/$O35 | I105: =I71/$O35 | ... Q105: =Q71/$O35 | R105: =R68/$O30 | S105: =S71/$O35 | T105: -0.13887671 | U105: 0 | V105: 0 | W105: 0 | X105: -852.96311 | Y105: 0 | Z105: 695.65181 | AA105: -165.19973 | AB105: -852.9614 | AC105: -757.45776 | AD105: 0 | AE105: 0 | AF105: 0 | AG105: 299.00076 | AH105: 0 | AI105: 0 | AJ105: 0 | AK105: 0 | AL105: 0 | AM105: 0 | AN105: 0 | AO105: 0 | AP105: 0 | AQ105: 0 | AR105: 0 | AS105: -1253.567 | AT105: 1253.567 | AU105: -10.359121 | AV105: 0 | AW105: 0 | AX105: 0 | AY105: 0 | AZ105: 0
B106: =B72/$O36 | C106: =C72/$O36 | D106: =D72/$O36 | E106: =E72/$O36 | F106: =F72/$O36 | G106: =G72/$O36 | H106: =H72/$O36 | I106: =I72/$O36 | ... Q106: =Q72/$O36 | R106: =R69/$O31 | S106: =S72/$O36 | T106: -0.6704639 | U106: 0 | V106: 0 | W106: 0 | X106: 0 | Y106: 648.84325 | Z106: 0 | AA106: 841.4861 | AB106: 0 | AC106: 0 | AD106: 0 | AE106: 370.46026 | AF106: 0 | AG106: 0 | AH106: -430.35881 | AI106: 0 | AJ106: 0 | AK106: 0 | AL106: -497.85054 | AM106: 377.87944 | AN106: 0 | AO106: -130.06218 | AP106: 2098.9287 | AQ106: 132.40209 | AR106: -179.54107 | AS106: -1033.3912 | AT106: -888.33636 | AU106: 0 | AV106: 549.75801 | AW106: -549.75801 | AX106: 0 | AY106: 966.83324 | AZ106: -966.83324
B107: =B73/$O37 | C107: =C73/$O37 | D107: =D73/$O37 | E107: =E73/$O37 | F107: =F73/$O37 | G107: =G73/$O37 | H107: =H73/$O37 | I107: =I73/$O37 | ... Q107: =Q73/$O37 | R107: =R70/$O32 | S107: =S73/$O37 | T107: -0.34074163 | U107: 0 | V107: 0 | W107: 0 | X107: 0 | Y107: -551.27284 | Z107: 0 | AA107: 165.19973 | AB107: 0 | AC107: 0 | AD107: 0 | AE107: 771.3693 | AF107: 0 | AG107: 0 | AH107: 759.10513 | AI107: 0 | AJ107: 0 | AK107: 0 | AL107: -665.16097 | AM107: -647.79333 | AN107: 0 | AO107: -1261.708 | AP107: 92.336963 | AQ107: 704.37382 | AR107: 846.80564 | AS107: 326.93109 | AT107: -708.73947 | AU107: 0 | AV107: 320.69217 | AW107: -320.69217 | AX107: 0 | AY107: 79.830267 | AZ107: -79.830267
...

Sheet IdentyfikacjaBazy
A2: ATA wyjściowy | R2: ST | U2: (ATA)-1 wyjściowy | AM2: ST(-1) | AO2: X | AP2: mx | AQ2: X | AR2: m0 | AS2: mx
A3: =Wstepnewyjsciowy!B115 | B3: {=_xlfn.ANCHORARRAY('Wstepnewyjsciowy'!B110)} | C3: -1321072 | D3: -727167.85 | E3: -1704466.7 | F3: 0 | G3: 0 | H3: 0 | I3: 0 | J3: 0 | K3: 0 | L3: -60305.207 | M3: 266348 | N3: -551395.99 | O3: 1785040.8 | P3: -2190966.5 | Q3: 974149.92 | R3: {=TRANSPOSE(B19:Q21)} | S3: 0 | T3: 0 | U3: dx | V3: 0 | W3: {=MINVERSE(B3:T21)} | X3: 3.0503499e-07 | Y3: 8.0476354e-07 | Z3: 7.1121386e-07 | AA3: 2.9044386e-08 | AB3: 4.5835186e-07 | AC3: 7.5628589e-25 | AD3: 0 | AE3: -5.2969972e-08 | AF3: -2.1385782e-07 | AG3: 1.8340734e-07 | AH3: -1.3557894e-07 | AI3: -1.2827387e-07 | AJ3: -2.2116184e-07 | AK3: 4.9816519e-07 | AL3: 2.3757557e-07 | AM3: 1 | AN3: -6.5960762e-16 | AO3: 0.00058119464 | AP3: 0 | AQ3: {=-MMULT(W3:AL18,_xlfn.ANCHORARRAY('Wstepnewyjsciowy'!V110))} | AR3: ='Wstepnewyjsciowy'!AB131 | AS3: =SQRT(ROUND(W3,10))*$AR$3 | AT3: 0 | AU3: Początek | AV3: Koniec | AW3: 0 | AX3: 0 | AY3: 0 | AZ3: 5 | BA3: 0 | BB3: 6 | BC3: 0 | BD3: 7 | BE3: 0 | BF3: 8 | BG3: 0 | BH3: 9 | BI3: 0 | BJ3: 0 | BK3: kierunek | BL3: 0 | BM3: Nr | BN3: 5 | BO3: 6 | BP3: 7 | BQ3: 8 | BR3: 9 | BS3: 0 | BT3: próba 1 | BU3: kierunek | BV3: 0 | BW3: Nr | BX3: 5 | BY3: 6 | BZ3: 7 | CA3: 8 | CB3: 9 | CC3: 0 | CD3: próba 4 | CE3: kierunek | CF3: 0 | CG3: Nr | CH3: 5 | CI3: 6 | CJ3: 7 | CK3: 8 | CL3: 9 | CM3: 0 | CN3: 0 | CO3: 0 | CP3: 0 | CQ3: 0 | CR3: 0 | CS3: 0 | CT3: 0 | CU3: 0 | CV3: 0 | CW3: 0 | CX3: 0 | CY3: 0 | CZ3: 0 | DA3: 0 | DB3: 0 | DC3: 0 | DD3: 0 | DE3: 0 | DF3: 0 | DG3: 0 | DH3: 0 | DI3: 0 | DJ3: 0 | DK3: 0 | DL3: 0 | DM3: 0 | DN3: 0 | DO3: 0 | DP3: 0 | DQ3: 0 | DR3: 0 | DS3: 0 | DT3: 0 | DU3: 0 | DV3: 0 | DW3: 0 | DX3: 0 | DY3: 0 | DZ3: 0 | EA3: 0 | EB3: 0 | EC3: 0 | ED3: 0 | EE3: 0 | EF3: 0 | EG3: 0 | EH3: 0 | EI3: 0 | EJ3: 0 | EK3: 0 | EL3: 0 | EM3: 0 | EN3: 0 | EO3: 0 | EP3: 0 | EQ3: 0 | ER3: 0 | ES3: 0 | ET3: 0 | EU3: 0 | EV3: 0 | EW3: 0 | EX3: 0 | EY3: 0 | EZ3: 0 | FA3: 0 | FB3: 0 | FC3: 0 | FD3: 0 | FE3: 0 | FF3: 0 | FG3: 0 | FH3: 0 | FI3: 0 | FJ3: 0 | FK3: 0 | FL3: 0 | FM3: 0 | FN3: 0 | FO3: 0 | FP3: 0 | FQ3: 0 | FR3: 0 | FS3: 0 | FT3: 0 | FU3: 0 | FV3: 0 | FW3: 0 | FX3: 0 | FY3: 0 | FZ3: 0 | GA3: 0 | GB3: 0 | GC3: 0 | GD3: 0 | GE3: 0 | GF3: 0 | GG3: 0 | GH3: 0 | GI3: 0 | GJ3: 0 | GK3: 0 | GL3: 0 | GM3: 0 | GN3: 0 | GO3: 0 | GP3: 0 | GQ3: 0 | GR3: 0 | GS3: 0 | GT3: 0 | GU3: 0 | GV3: 0 | GW3: 0 | GX3: 0 | GY3: 0 | GZ3: 0
A4: =Wstepnewyjsciowy!B116 | B4: -1321072 | C4: 2986537.5 | D4: -142881.15 | E4: 556830.31 | F4: 0 | G4: 0 | H4: 0 | I4: 0 | J4: 0 | K4: 0 | L4: 266348 | M4: -1176370.3 | N4: 497031.57 | O4: -1166911.2 | P4: 700573.58 | Q4: -1200086.3 | R4: 0 | S4: 0 | T4: 0 | U4: dy | V4: 0 | W4: 3.0503499e-07 | X4: 6.8049576e-07 | Y4: 2.767557e-07 | Z4: 2.8212662e-07 | AA4: -1.3430043e-08 | AB4: 1.7923364e-07 | AC4: -4.9659963e-25 | AD4: 0 | AE4: 6.7850241e-09 | AF4: 1.2180243e-07 | AG4: 6.1089864e-08 | AH4: 2.2813556e-07 | AI4: 1.378884e-07 | AJ4: 2.3773862e-07 | AK4: 8.2062481e-08 | AL4: 2.8615567e-07 | AM4: 4.2940048e-16 | AN4: 1 | AO4: -8.6393798e-05 | AP4: 0 | AQ4: 0.0010198994 | AR4: dy | AS4: =SQRT(ROUND(X4,10))*$AR$3 | AT4: Nr | AU4: 5 | AV4: 6 | AW4: 0 | AX4: 0 | AY4: xwyjść | AZ4: 0 | BA4: 1 | BB4: 0 | BC4: 0 | BD4: 0 | BE4: 0 | BF4: 0 | BG4: 0 | BH4: 0 | BI4: 0 | BJ4: 0 | BK4: 0 | BL4: 0 | BM4: ∆X | BN4: -9.6491071e-18 | BO4: 6.6699936e-05 | BP4: -0.0031739353 | BQ4: -0.003186979 | BR4: -0.0005373219 | BS4: 0 | BT4: 0 | BU4: 0 | BV4: 0 | BW4: ∆X | BX4: 2.8827663e-19 | BY4: 0.0036623659 | BZ4: -0.0015338263 | CA4: -0.003636419 | CB4: -0.00022742435 | CC4: 0 | CD4: 0 | CE4: 0 | CF4: 0 | CG4: ∆X | CH4: -0.001449009 | CI4: 1.798823e-17 | CJ4: 0.00033720006 | CK4: 0.002819418 | CL4: 0.0052482117 | CM4: 0 | CN4: 0 | CO4: 0 | CP4: 0 | CQ4: 0 | CR4: 0 | CS4: 0 | CT4: 0 | CU4: 0 | CV4: 0 | CW4: 0 | CX4: 0 | CY4: 0 | CZ4: 0 | DA4: 0 | DB4: 0 | DC4: 0 | DD4: 0 | DE4: 0 | DF4: 0 | DG4: 0 | DH4: 0 | DI4: 0 | DJ4: 0 | DK4: 0 | DL4: 0 | DM4: 0 | DN4: 0 | DO4: 0 | DP4: 0 | DQ4: 0 | DR4: 0 | DS4: 0 | DT4: 0 | DU4: 0 | DV4: 0 | DW4: 0 | DX4: 0 | DY4: 0 | DZ4: 0 | EA4: 0 | EB4: 0 | EC4: 0 | ED4: 0 | EE4: 0 | EF4: 0 | EG4: 0 | EH4: 0 | EI4: 0 | EJ4: 0 | EK4: 0 | EL4: 0 | EM4: 0 | EN4: 0 | EO4: 0 | EP4: 0 | EQ4: 0 | ER4: 0 | ES4: 0 | ET4: 0 | EU4: 0 | EV4: 0 | EW4: 0 | EX4: 0 | EY4: 0 | EZ4: 0 | FA4: 0 | FB4: 0 | FC4: 0 | FD4: 0 | FE4: 0 | FF4: 0 | FG4: 0 | FH4: 0 | FI4: 0 | FJ4: 0 | FK4: 0 | FL4: 0 | FM4: 0 | FN4: 0 | FO4: 0 | FP4: 0 | FQ4: 0 | FR4: 0 | FS4: 0 | FT4: 0 | FU4: 0 | FV4: 0 | FW4: 0 | FX4: 0 | FY4: 0 | FZ4: 0 | GA4: 0 | GB4: 0 | GC4: 0 | GD4: 0 | GE4: 0 | GF4: 0 | GG4: 0 | GH4: 0 | GI4: 0 | GJ4: 0 | GK4: 0 | GL4: 0 | GM4: 0 | GN4: 0 | GO4: 0 | GP4: 0 | GQ4: 0 | GR4: 0 | GS4: 0 | GT4: 0 | GU4: 0 | GV4: 0 | GW4: 0 | GX4: 0 | GY4: 0 | GZ4: 0
A5: =Wstepnewyjsciowy!B117 | B5: -727167.85 | C5: -142881.15 | D5: 1530177.5 | E5: 258472.98 | F5: 147487.77 | G5: 8701.1162 | H5: -206153.72 | I5: 280598.12 | J5: 0 | K5: 0 | L5: 0 | M5: 0 | N5: 0 | O5: 0 | P5: -744343.67 | Q5: -404891.06 | R5: 0 | S5: 0 | T5: 0 | U5: dx | V5: 0 | W5: 8.0476354e-07 | X5: 2.767557e-07 | Y5: 1.234531e-06 | Z5: 4.754452e-07 | AA5: 4.2119237e-08 | AB5: 3.4002796e-07 | AC5: -1.6950924e-24 | AD5: 0 | AE5: -3.2546628e-08 | AF5: -1.303087e-07 | AG5: 1.6896215e-07 | AH5: -4.2844472e-08 | AI5: -3.8342344e-08 | AJ5: -6.610749e-08 | AK5: 4.0236917e-07 | AL5: 2.3924857e-07 | AM5: 1 | AN5: -3.9951618e-16 | AO5: 0.0003848451 | AP5: 0 | AQ5: 5.0089691e-05 | AR5: dx | AS5: =SQRT(ROUND(Y5,10))*$AR$3 | AT5: X | AU5: 295 | AV5: 145 | AW5: 0 | AX5: 0 | AY5: xakt | AZ5: -9.6491071e-18 | BA5: 1.2950318e-18 | BB5: 6.6699936e-05 | BC5: -3.1126637e-05 | BD5: -0.0031739353 | BE5: -0.0040487344 | BF5: -0.003186979 | BG5: -0.003940062 | BH5: -0.0005373219 | BI5: 8.2274516e-05 | BJ5: 0 | BK5: 0 | BL5: 0 | BM5: σdx | BN5: 3252.8018 | BO5: 3252.8018 | BP5: 0.0012621875 | BQ5: 0.0024854857 | BR5: 0.0018636707 | BS5: 0 | BT5: 0 | BU5: 0 | BV5: 0 | BW5: σdx | BX5: 0 | BY5: 0.0022333175 | BZ5: 0.0011164415 | CA5: 0.002212198 | CB5: 0.00015249072 | CC5: 0 | CD5: 0 | CE5: 0 | CF5: 0 | CG5: σdx | CH5: 0.00189553 | CI5: 0 | CJ5: 0.0020765919 | CK5: 0.0036529929 | CL5: 0.002747003 | CM5: 0 | CN5: 0 | CO5: 0 | CP5: 0 | CQ5: 0 | CR5: 0 | CS5: 0 | CT5: 0 | CU5: 0 | CV5: 0 | CW5: 0 | CX5: 0 | CY5: 0 | CZ5: 0 | DA5: 0 | DB5: 0 | DC5: 0 | DD5: 0 | DE5: 0 | DF5: 0 | DG5: 0 | DH5: 0 | DI5: 0 | DJ5: 0 | DK5: 0 | DL5: 0 | DM5: 0 | DN5: 0 | DO5: 0 | DP5: 0 | DQ5: 0 | DR5: 0 | DS5: 0 | DT5: 0 | DU5: 0 | DV5: 0 | DW5: 0 | DX5: 0 | DY5: 0 | DZ5: 0 | EA5: 0 | EB5: 0 | EC5: 0 | ED5: 0 | EE5: 0 | EF5: 0 | EG5: 0 | EH5: 0 | EI5: 0 | EJ5: 0 | EK5: 0 | EL5: 0 | EM5: 0 | EN5: 0 | EO5: 0 | EP5: 0 | EQ5: 0 | ER5: 0 | ES5: 0 | ET5: 0 | EU5: 0 | EV5: 0 | EW5: 0 | EX5: 0 | EY5: 0 | EZ5: 0 | FA5: 0 | FB5: 0 | FC5: 0 | FD5: 0 | FE5: 0 | FF5: 0 | FG5: 0 | FH5: 0 | FI5: 0 | FJ5: 0 | FK5: 0 | FL5: 0 | FM5: 0 | FN5: 0 | FO5: 0 | FP5: 0 | FQ5: 0 | FR5: 0 | FS5: 0 | FT5: 0 | FU5: 0 | FV5: 0 | FW5: 0 | FX5: 0 | FY5: 0 | FZ5: 0 | GA5: 0 | GB5: 0 | GC5: 0 | GD5: 0 | GE5: 0 | GF5: 0 | GG5: 0 | GH5: 0 | GI5: 0 | GJ5: 0 | GK5: 0 | GL5: 0 | GM5: 0 | GN5: 0 | GO5: 0 | GP5: 0 | GQ5: 0 | GR5: 0 | GS5: 0 | GT5: 0 | GU5: 0 | GV5: 0 | GW5: 0 | GX5: 0 | GY5: 0 | GZ5: 0
A6: =Wstepnewyjsciowy!B118 | B6: -1704466.7 | C6: 556830.31 | D6: 258472.98 | E6: 4459685.7 | F6: 1204860.3 | G6: -1467478.2 | H6: 280598.12 | I6: -381925.22 | J6: 0 | K6: 0 | L6: 0 | M6: 0 | N6: 0 | O6: 0 | P6: -39464.619 | Q6: -3167112.6 | R6: 0 | S6: 0 | T6: 0 | U6: dy | V6: 0 | W6: 7.1121386e-07 | X6: 2.8212662e-07 | Y6: 4.754452e-07 | Z6: 9.5235436e-07 | AA6: -1.1396677e-07 | AB6: 5.1928925e-07 | AC6: -3.1931846e-25 | AD6: 0 | AE6: -6.8177416e-08 | AF6: -4.3629493e-08 | AG6: 1.4097498e-07 | AH6: 4.0461408e-08 | AI6: 2.2906047e-08 | AJ6: 3.9493185e-08 | AK6: 3.0154083e-07 | AL6: 4.4320726e-07 | AM6: 1.4236539e-15 | AN6: 1 | AO6: 0.00028274334 | AP6: 0 | AQ6: 0.0013991059 | AR6: dy | AS6: =SQRT(ROUND(Z6,10))*$AR$3 | AT6: Y | AU6: 490 | AV6: 560 | AW6: 0 | AX6: 0 | AY6: 0 | AZ6: 0 | BA6: 0 | BB6: 0 | BC6: 0 | BD6: 0 | BE6: 0 | BF6: 0 | BG6: 0 | BH6: 0 | BI6: 0 | BJ6: 0 | BK6: 5 | BL6: 0 | BM6: |ΔX|≤ kα*mΔx | BN6: TAK | BO6: TAK | BP6: NIE | BQ6: NIE | BR6: TAK | BS6: 0 | BT6: 0 | BU6: 5 | BV6: 0 | BW6: |ΔX|≤ kα*mΔx | BX6: TAK | BY6: NIE | BZ6: NIE | CA6: NIE | CB6: NIE | CC6: 0 | CD6: 0 | CE6: 6 | CF6: 0 | CG6: |ΔX|≤ kα*mΔx | CH6: TAK | CI6: TAK | CJ6: TAK | CK6: TAK | CL6: NIE | CM6: 0 | CN6: 0 | CO6: 0 | CP6: 0 | CQ6: 0 | CR6: 0 | CS6: 0 | CT6: 0 | CU6: 0 | CV6: 0 | CW6: 0 | CX6: 0 | CY6: 0 | CZ6: 0 | DA6: 0 | DB6: 0 | DC6: 0 | DD6: 0 | DE6: 0 | DF6: 0 | DG6: 0 | DH6: 0 | DI6: 0 | DJ6: 0 | DK6: 0 | DL6: 0 | DM6: 0 | DN6: 0 | DO6: 0 | DP6: 0 | DQ6: 0 | DR6: 0 | DS6: 0 | DT6: 0 | DU6: 0 | DV6: 0 | DW6: 0 | DX6: 0 | DY6: 0 | DZ6: 0 | EA6: 0 | EB6: 0 | EC6: 0 | ED6: 0 | EE6: 0 | EF6: 0 | EG6: 0 | EH6: 0 | EI6: 0 | EJ6: 0 | EK6: 0 | EL6: 0 | EM6: 0 | EN6: 0 | EO6: 0 | EP6: 0 | EQ6: 0 | ER6: 0 | ES6: 0 | ET6: 0 | EU6: 0 | EV6: 0 | EW6: 0 | EX6: 0 | EY6: 0 | EZ6: 0 | FA6: 0 | FB6: 0 | FC6: 0 | FD6: 0 | FE6: 0 | FF6: 0 | FG6: 0 | FH6: 0 | FI6: 0 | FJ6: 0 | FK6: 0 | FL6: 0 | FM6: 0 | FN6: 0 | FO6: 0 | FP6: 0 | FQ6: 0 | FR6: 0 | FS6: 0 | FT6: 0 | FU6: 0 | FV6: 0 | FW6: 0 | FX6: 0 | FY6: 0 | FZ6: 0 | GA6: 0 | GB6: 0 | GC6: 0 | GD6: 0 | GE6: 0 | GF6: 0 | GG6: 0 | GH6: 0 | GI6: 0 | GJ6: 0 | GK6: 0 | GL6: 0 | GM6: 0 | GN6: 0 | GO6: 0 | GP6: 0 | GQ6: 0 | GR6: 0 | GS6: 0 | GT6: 0 | GU6: 0 | GV6: 0 | GW6: 0 | GX6: 0 | GY6: 0 | GZ6: 0
A7: =Wstepnewyjsciowy!B119 | B7: 0 | C7: 0 | D7: 147487.77 | E7: 1204860.3 | F7: 3197552 | G7: -313305.71 | H7: -1228688.4 | I7: -445656.71 | J7: 0 | K7: 0 | L7: -606699.84 | M7: -118960.75 | N7: 0 | O7: 0 | P7: -1509651.6 | Q7: -326937.09 | R7: 0 | S7: 0 | T7: 0 | U7: dx | V7: 0 | W7: 2.9044386e-08 | X7: -1.3430043e-08 | Y7: 4.2119237e-08 | Z7: -1.1396677e-07 | AA7: 4.2674811e-07 | AB7: 2.2800094e-08 | AC7: 1.2923634e-25 | AD7: 0 | AE7: 3.1575849e-08 | AF7: -5.1664134e-08 | AG7: 9.1816797e-08 | AH7: -1.4390688e-08 | AI7: 4.5111618e-09 | AJ7: 7.7778652e-09 | AK7: 1.1949721e-07 | AL7: -2.4740349e-08 | AM7: 1 | AN7: 0 | AO7: 8.6393798e-05 | AP7: 0 | AQ7: 0.00059326847 | AR7: dx | AS7: =SQRT(ROUND(AA7,10))*$AR$3 | AT7: ∆X | AU7: -150 | AV7: 0 | AW7: 0 | AX7: 0 | AY7: mxwyjść | AZ7: 1626.4009 | BA7: 3485.1447 | BB7: -1626.4009 | BC7: -3485.1447 | BD7: 0 | BE7: 0 | BF7: 0 | BG7: 0 | BH7: 0 | BI7: 0 | BJ7: 0 | BK7: 6 | BL7: 0 | BM7: ∆Y | BN7: -1 | BO7: -3.1126637e-05 | BP7: -0.0040487344 | BQ7: -0.003940062 | BR7: 8.2274516e-05 | BS7: 0 | BT7: 0 | BU7: 9 | BV7: 0 | BW7: ∆Y | BX7: 4.2476171e-18 | BY7: 0.0040667034 | BZ7: 1.1904091e-05 | CA7: 0.0017914082 | CB7: 0.0026213649 | CC7: 0 | CD7: 0 | CE7: 5 | CF7: 0 | CG7: ∆Y | CH7: 0.0006762042 | CI7: 4.5235456e-18 | CJ7: -0.0029481209 | CK7: -0.0021171983 | CL7: 0.0038983374 | CM7: 0 | CN7: 0 | CO7: 0 | CP7: 0 | CQ7: 0 | CR7: 0 | CS7: 0 | CT7: 0 | CU7: 0 | CV7: 0 | CW7: 0 | CX7: 0 | CY7: 0 | CZ7: 0 | DA7: 0 | DB7: 0 | DC7: 0 | DD7: 0 | DE7: 0 | DF7: 0 | DG7: 0 | DH7: 0 | DI7: 0 | DJ7: 0 | DK7: 0 | DL7: 0 | DM7: 0 | DN7: 0 | DO7: 0 | DP7: 0 | DQ7: 0 | DR7: 0 | DS7: 0 | DT7: 0 | DU7: 0 | DV7: 0 | DW7: 0 | DX7: 0 | DY7: 0 | DZ7: 0 | EA7: 0 | EB7: 0 | EC7: 0 | ED7: 0 | EE7: 0 | EF7: 0 | EG7: 0 | EH7: 0 | EI7: 0 | EJ7: 0 | EK7: 0 | EL7: 0 | EM7: 0 | EN7: 0 | EO7: 0 | EP7: 0 | EQ7: 0 | ER7: 0 | ES7: 0 | ET7: 0 | EU7: 0 | EV7: 0 | EW7: 0 | EX7: 0 | EY7: 0 | EZ7: 0 | FA7: 0 | FB7: 0 | FC7: 0 | FD7: 0 | FE7: 0 | FF7: 0 | FG7: 0 | FH7: 0 | FI7: 0 | FJ7: 0 | FK7: 0 | FL7: 0 | FM7: 0 | FN7: 0 | FO7: 0 | FP7: 0 | FQ7: 0 | FR7: 0 | FS7: 0 | FT7: 0 | FU7: 0 | FV7: 0 | FW7: 0 | FX7: 0 | FY7: 0 | FZ7: 0 | GA7: 0 | GB7: 0 | GC7: 0 | GD7: 0 | GE7: 0 | GF7: 0 | GG7: 0 | GH7: 0 | GI7: 0 | GJ7: 0 | GK7: 0 | GL7: 0 | GM7: 0 | GN7: 0 | GO7: 0 | GP7: 0 | GQ7: 0 | GR7: 0 | GS7: 0 | GT7: 0 | GU7: 0 | GV7: 0 | GW7: 0 | GX7: 0 | GY7: 0 | GZ7: 0
A8: =Wstepnewyjsciowy!B120 | B8: 0 | C8: 0 | D8: 8701.1162 | E8: -1467478.2 | F8: -313305.71 | G8: 3742624 | H8: 1453154.5 | I8: -1670577.4 | J8: 0 | K8: 0 | L8: -118960.75 | M8: -23325.638 | N8: 0 | O8: 0 | P8: -1029589.2 | Q8: -581242.71 | R8: 0 | S8: 0 | T8: 0 | U8: dy | V8: 0 | W8: 4.5835186e-07 | X8: 1.7923364e-07 | Y8: 3.4002796e-07 | Z8: 5.1928925e-07 | AA8: 2.2800094e-08 | AB8: 5.9024536e-07 | AC8: 3.1992334e-24 | AD8: 0 | AE8: -3.0826013e-08 | AF8: -5.1702816e-08 | AG8: 1.3311119e-07 | AH8: 2.1377321e-08 | AI8: 2.0357266e-08 | AJ8: 3.5098734e-08 | AK8: 2.5856024e-07 | AL8: 2.7577385e-07 | AM8: 1.0220788e-15 | AN8: 1 | AO8: 0.00021991149 | AP8: 0 | AQ8: 0.0007324952 | AR8: dy | AS8: =SQRT(ROUND(AB8,10))*$AR$3 | AT8: ∆Y | AU8: 70 | AV8: 0 | AW8: 0 | AX8: 0 | AY8: mxakt | AZ8: 0 | BA8: 0 | BB8: 0.00070647147 | BC8: 0.00032975761 | BD8: 0.00063109377 | BE8: 0.00051476698 | BF8: 0.0012427429 | BG8: 0.00071982219 | BH8: 0.00093183535 | BI8: 0.00070106 | BJ8: 0 | BK8: 0 | BL8: 0 | BM8: σdy | BN8: 6970.2895 | BO8: 6970.2895 | BP8: 0.001029534 | BQ8: 0.0014396444 | BR8: 0.00140212 | BS8: 0 | BT8: 0 | BU8: 0 | BV8: 0 | BW8: σdy | BX8: 0 | BY8: 0.0017686397 | BZ8: 0.00169749 | CA8: 0.0021149903 | CB8: 0.0017616749 | CC8: 0 | CD8: 0 | CE8: 0 | CF8: 0 | CG8: σdy | CH8: 0.00088435532 | CI8: 0 | CJ8: 0.0014520821 | CK8: 0.0019215275 | CL8: 0.0019495716 | CM8: 0 | CN8: 0 | CO8: 0 | CP8: 0 | CQ8: 0 | CR8: 0 | CS8: 0 | CT8: 0 | CU8: 0 | CV8: 0 | CW8: 0 | CX8: 0 | CY8: 0 | CZ8: 0 | DA8: 0 | DB8: 0 | DC8: 0 | DD8: 0 | DE8: 0 | DF8: 0 | DG8: 0 | DH8: 0 | DI8: 0 | DJ8: 0 | DK8: 0 | DL8: 0 | DM8: 0 | DN8: 0 | DO8: 0 | DP8: 0 | DQ8: 0 | DR8: 0 | DS8: 0 | DT8: 0 | DU8: 0 | DV8: 0 | DW8: 0 | DX8: 0 | DY8: 0 | DZ8: 0 | EA8: 0 | EB8: 0 | EC8: 0 | ED8: 0 | EE8: 0 | EF8: 0 | EG8: 0 | EH8: 0 | EI8: 0 | EJ8: 0 | EK8: 0 | EL8: 0 | EM8: 0 | EN8: 0 | EO8: 0 | EP8: 0 | EQ8: 0 | ER8: 0 | ES8: 0 | ET8: 0 | EU8: 0 | EV8: 0 | EW8: 0 | EX8: 0 | EY8: 0 | EZ8: 0 | FA8: 0 | FB8: 0 | FC8: 0 | FD8: 0 | FE8: 0 | FF8: 0 | FG8: 0 | FH8: 0 | FI8: 0 | FJ8: 0 | FK8: 0 | FL8: 0 | FM8: 0 | FN8: 0 | FO8: 0 | FP8: 0 | FQ8: 0 | FR8: 0 | FS8: 0 | FT8: 0 | FU8: 0 | FV8: 0 | FW8: 0 | FX8: 0 | FY8: 0 | FZ8: 0 | GA8: 0 | GB8: 0 | GC8: 0 | GD8: 0 | GE8: 0 | GF8: 0 | GG8: 0 | GH8: 0 | GI8: 0 | GJ8: 0 | GK8: 0 | GL8: 0 | GM8: 0 | GN8: 0 | GO8: 0 | GP8: 0 | GQ8: 0 | GR8: 0 | GS8: 0 | GT8: 0 | GU8: 0 | GV8: 0 | GW8: 0 | GX8: 0 | GY8: 0 | GZ8: 0
A9: =Wstepnewyjsciowy!B121 | B9: 0 | C9: 0 | D9: -206153.72 | E9: 280598.12 | F9: -1228688.4 | G9: 1453154.5 | H9: 6377052.1 | I9: 60080.069 | J9: -1392391.9 | K9: -1871079.4 | L9: -2467755.6 | M9: 153229.99 | N9: 0 | O9: 0 | P9: -1082062.5 | Q9: -75983.3 | R9: 1 | S9: 0 | T9: -1905.4767 | U9: dx | V9: 0 | W9: -4.5691407e-23 | X9: 0 | Y9: 2.2845703e-23 | Z9: 1.8276563e-22 | AA9: -2.8557129e-23 | AB9: 2.2845703e-23 | AC9: -4.2737398e-24 | AD9: 0 | AE9: 2.2845703e-23 | AF9: -4.5691407e-23 | AG9: 4.5691407e-23 | AH9: 3.4268555e-23 | AI9: -9.1382814e-23 | AJ9: -2.0561133e-22 | AK9: 2.2845703e-23 | AL9: -1.0423352e-22 | AM9: 1 | AN9: -5.7968386e-17 | AO9: -5.6141612e-20 | AP9: 1626.4009 | AQ9: 1.7352572e-20 | AR9: dx | AS9: =SQRT(ROUND(AC9,10))*$AR$3 | AT9: d^2 | AU9: 27400 | AV9: 0 | AW9: 0 | AX9: 0 | AY9: 0 | AZ9: 0 | BA9: 0 | BB9: 0 | BC9: 0 | BD9: 0 | BE9: 0 | BF9: 0 | BG9: 0 | BH9: 0 | BI9: 0 | BJ9: 0 | BK9: 0 | BL9: 0 | BM9: |ΔY|≤ kα*mΔx | BN9: TAK | BO9: TAK | BP9: NIE | BQ9: NIE | BR9: TAK | BS9: 0 | BT9: 0 | BU9: 0 | BV9: 0 | BW9: |ΔY|≤ kα*mΔx | BX9: TAK | BY9: NIE | BZ9: TAK | CA9: TAK | CB9: NIE | CC9: 0 | CD9: 0 | CE9: 0 | CF9: 0 | CG9: |ΔY|≤ kα*mΔx | CH9: TAK | CI9: TAK | CJ9: NIE | CK9: NIE | CL9: NIE | CM9: 0 | CN9: 0 | CO9: 0 | CP9: 0 | CQ9: 0 | CR9: 0 | CS9: 0 | CT9: 0 | CU9: 0 | CV9: 0 | CW9: 0 | CX9: 0 | CY9: 0 | CZ9: 0 | DA9: 0 | DB9: 0 | DC9: 0 | DD9: 0 | DE9: 0 | DF9: 0 | DG9: 0 | DH9: 0 | DI9: 0 | DJ9: 0 | DK9: 0 | DL9: 0 | DM9: 0 | DN9: 0 | DO9: 0 | DP9: 0 | DQ9: 0 | DR9: 0 | DS9: 0 | DT9: 0 | DU9: 0 | DV9: 0 | DW9: 0 | DX9: 0 | DY9: 0 | DZ9: 0 | EA9: 0 | EB9: 0 | EC9: 0 | ED9: 0 | EE9: 0 | EF9: 0 | EG9: 0 | EH9: 0 | EI9: 0 | EJ9: 0 | EK9: 0 | EL9: 0 | EM9: 0 | EN9: 0 | EO9: 0 | EP9: 0 | EQ9: 0 | ER9: 0 | ES9: 0 | ET9: 0 | EU9: 0 | EV9: 0 | EW9: 0 | EX9: 0 | EY9: 0 | EZ9: 0 | FA9: 0 | FB9: 0 | FC9: 0 | FD9: 0 | FE9: 0 | FF9: 0 | FG9: 0 | FH9: 0 | FI9: 0 | FJ9: 0 | FK9: 0 | FL9: 0 | FM9: 0 | FN9: 0 | FO9: 0 | FP9: 0 | FQ9: 0 | FR9: 0 | FS9: 0 | FT9: 0 | FU9: 0 | FV9: 0 | FW9: 0 | FX9: 0 | FY9: 0 | FZ9: 0 | GA9: 0 | GB9: 0 | GC9: 0 | GD9: 0 | GE9: 0 | GF9: 0 | GG9: 0 | GH9: 0 | GI9: 0 | GJ9: 0 | GK9: 0 | GL9: 0 | GM9: 0 | GN9: 0 | GO9: 0 | GP9: 0 | GQ9: 0 | GR9: 0 | GS9: 0 | GT9: 0 | GU9: 0 | GV9: 0 | GW9: 0 | GX9: 0 | GY9: 0 | GZ9: 0
A10: =Wstepnewyjsciowy!B122 | B10: 0 | C10: 0 | D10: 280598.12 | E10: -381925.22 | F10: -445656.71 | G10: -1670577.4 | H10: 60080.069 | I10: 5042162.5 | J10: 206717.33 | K10: -1289173.1 | L10: 419604.13 | M10: -1351047.3 | N10: 0 | O10: 0 | P10: -521342.94 | Q10: -349439.44 | R10: 0 | S10: 1 | T10: 1105.1765 | U10: dy | V10: 0 | W10: -2.9960929e-23 | X10: 6.741209e-23 | Y10: 0 | Z10: -2.9960929e-23 | AA10: -1.4980464e-23 | AB10: 8.9882786e-23 | AC10: 4.2939767e-24 | AD10: 0 | AE10: -1.4980464e-23 | AF10: -1.4980464e-23 | AG10: -7.4902322e-24 | AH10: 2.9960929e-23 | AI10: 0 | AJ10: 0 | AK10: -1.4980464e-23 | AL10: -1.4980464e-23 | AM10: 1.1128048e-17 | AN10: 1 | AO10: 7.0109116e-21 | AP10: 3485.1447 | AQ10: -1.1657132e-19 | AR10: dy | AS10: =SQRT(ROUND(AD10,10))*$AR$3 | AT10: A | AU10: 1626.4009 | AV10: ρcc | AW10: 0 | AX10: 0 | AY10: k | AZ10: 2 | BA10: 0 | BB10: 0 | BC10: 0 | BD10: 0 | BE10: 0 | BF10: 0 | BG10: 0 | BH10: 0 | BI10: 0 | BJ10: 0 | BK10: 0 | BL10: 0 | BM10: warunek | BN10: dobrze | BO10: dobrze | BP10: źle | BQ10: źle | BR10: dobrze | BS10: 0 | BT10: 0 | BU10: 0 | BV10: 0 | BW10: warunek | BX10: dobrze | BY10: źle | BZ10: źle | CA10: źle | CB10: źle | CC10: 0 | CD10: 0 | CE10: 0 | CF10: 0 | CG10: warunek | CH10: dobrze | CI10: dobrze | CJ10: źle | CK10: źle | CL10: źle | CM10: 0 | CN10: 0 | CO10: 0 | CP10: 0 | CQ10: 0 | CR10: 0 | CS10: 0 | CT10: 0 | CU10: 0 | CV10: 0 | CW10: 0 | CX10: 0 | CY10: 0 | CZ10: 0 | DA10: 0 | DB10: 0 | DC10: 0 | DD10: 0 | DE10: 0 | DF10: 0 | DG10: 0 | DH10: 0 | DI10: 0 | DJ10: 0 | DK10: 0 | DL10: 0 | DM10: 0 | DN10: 0 | DO10: 0 | DP10: 0 | DQ10: 0 | DR10: 0 | DS10: 0 | DT10: 0 | DU10: 0 | DV10: 0 | DW10: 0 | DX10: 0 | DY10: 0 | DZ10: 0 | EA10: 0 | EB10: 0 | EC10: 0 | ED10: 0 | EE10: 0 | EF10: 0 | EG10: 0 | EH10: 0 | EI10: 0 | EJ10: 0 | EK10: 0 | EL10: 0 | EM10: 0 | EN10: 0 | EO10: 0 | EP10: 0 | EQ10: 0 | ER10: 0 | ES10: 0 | ET10: 0 | EU10: 0 | EV10: 0 | EW10: 0 | EX10: 0 | EY10: 0 | EZ10: 0 | FA10: 0 | FB10: 0 | FC10: 0 | FD10: 0 | FE10: 0 | FF10: 0 | FG10: 0 | FH10: 0 | FI10: 0 | FJ10: 0 | FK10: 0 | FL10: 0 | FM10: 0 | FN10: 0 | FO10: 0 | FP10: 0 | FQ10: 0 | FR10: 0 | FS10: 0 | FT10: 0 | FU10: 0 | FV10: 0 | FW10: 0 | FX10: 0 | FY10: 0 | FZ10: 0 | GA10: 0 | GB10: 0 | GC10: 0 | GD10: 0 | GE10: 0 | GF10: 0 | GG10: 0 | GH10: 0 | GI10: 0 | GJ10: 0 | GK10: 0 | GL10: 0 | GM10: 0 | GN10: 0 | GO10: 0 | GP10: 0 | GQ10: 0 | GR10: 0 | GS10: 0 | GT10: 0 | GU10: 0 | GV10: 0 | GW10: 0 | GX10: 0 | GY10: 0 | GZ10: 0
A11: =Wstepnewyjsciowy!B123 | B11: 0 | C11: 0 | D11: 0 | E11: 0 | F11: 0 | G11: 0 | H11: -1392391.9 | I11: 206717.33 | J11: 1701793.4 | K11: 7240.326 | L11: -834516.91 | M11: -668089.35 | N11: 333331.82 | O11: 14175.265 | P11: 191783.62 | Q11: 439956.42 | R11: 0 | S11: 0 | T11: 0 | U11: dx | V11: 0 | W11: -5.2969972e-08 | X11: 6.7850241e-09 | Y11: -3.2546628e-08 | Z11: -6.8177416e-08 | AA11: 3.1575849e-08 | AB11: -3.0826013e-08 | AC11: 8.7343438e-24 | AD11: 0 | AE11: 6.6033256e-07 | AF11: 1.8384598e-08 | AG11: 7.53799e-08 | AH11: 7.2457265e-08 | AI11: 2.311642e-08 | AJ11: 3.9855897e-08 | AK11: -1.1109107e-08 | AL11: -4.2524288e-08 | AM11: 1 | AN11: 1.2601777e-16 | AO11: -0.00010995574 | AP11: -1626.4009 | AQ11: -1.5341974e-05 | AR11: dx | AS11: =SQRT(ROUND(AE11,10))*$AR$3 | AT11: B | AU11: 3485.1447 | AV11: 636619.77 | AW11: 0 | AX11: 0 | AY11: 0 | AZ11: 0 | BA11: 0 | BB11: 0 | BC11: 0 | BD11: 0 | BE11: 0 | BF11: 0 | BG11: 0 | BH11: 0 | BI11: 0 | BJ11: 0 | BK11: 0 | BL11: 0 | BM11: 0 | BN11: 0 | BO11: 0 | BP11: 0 | BQ11: 0 | BR11: 0 | BS11: 0 | BT11: 0 | BU11: 0 | BV11: 0 | BW11: 0 | BX11: 0 | BY11: 0 | BZ11: 0 | CA11: 0 | CB11: 0 | CC11: 0 | CD11: 0 | CE11: 0 | CF11: 0 | CG11: 0 | CH11: 0 | CI11: 0 | CJ11: 0 | CK11: 0 | CL11: 0 | CM11: 0 | CN11: 0 | CO11: 0 | CP11: 0 | CQ11: 0 | CR11: 0 | CS11: 0 | CT11: 0 | CU11: 0 | CV11: 0 | CW11: 0 | CX11: 0 | CY11: 0 | CZ11: 0 | DA11: 0 | DB11: 0 | DC11: 0 | DD11: 0 | DE11: 0 | DF11: 0 | DG11: 0 | DH11: 0 | DI11: 0 | DJ11: 0 | DK11: 0 | DL11: 0 | DM11: 0 | DN11: 0 | DO11: 0 | DP11: 0 | DQ11: 0 | DR11: 0 | DS11: 0 | DT11: 0 | DU11: 0 | DV11: 0 | DW11: 0 | DX11: 0 | DY11: 0 | DZ11: 0 | EA11: 0 | EB11: 0 | EC11: 0 | ED11: 0 | EE11: 0 | EF11: 0 | EG11: 0 | EH11: 0 | EI11: 0 | EJ11: 0 | EK11: 0 | EL11: 0 | EM11: 0 | EN11: 0 | EO11: 0 | EP11: 0 | EQ11: 0 | ER11: 0 | ES11: 0 | ET11: 0 | EU11: 0 | EV11: 0 | EW11: 0 | EX11: 0 | EY11: 0 | EZ11: 0 | FA11: 0 | FB11: 0 | FC11: 0 | FD11: 0 | FE11: 0 | FF11: 0 | FG11: 0 | FH11: 0 | FI11: 0 | FJ11: 0 | FK11: 0 | FL11: 0 | FM11: 0 | FN11: 0 | FO11: 0 | FP11: 0 | FQ11: 0 | FR11: 0 | FS11: 0 | FT11: 0 | FU11: 0 | FV11: 0 | FW11: 0 | FX11: 0 | FY11: 0 | FZ11: 0 | GA11: 0 | GB11: 0 | GC11: 0 | GD11: 0 | GE11: 0 | GF11: 0 | GG11: 0 | GH11: 0 | GI11: 0 | GJ11: 0 | GK11: 0 | GL11: 0 | GM11: 0 | GN11: 0 | GO11: 0 | GP11: 0 | GQ11: 0 | GR11: 0 | GS11: 0 | GT11: 0 | GU11: 0 | GV11: 0 | GW11: 0 | GX11: 0 | GY11: 0 | GZ11: 0
A12: =Wstepnewyjsciowy!B124 | B12: 0 | C12: 0 | D12: 0 | E12: 0 | F12: 0 | G12: 0 | H12: -1871079.4 | I12: -1289173.1 | J12: 7240.326 | K12: 3931596.8 | L12: 1048095.1 | M12: -1893001.6 | N12: 156700.7 | O12: -571436.67 | P12: 659043.25 | Q12: -177985.49 | R12: 0 | S12: 0 | T12: 0 | U12: dy | V12: 0 | W12: -2.1385782e-07 | X12: 1.2180243e-07 | Y12: -1.303087e-07 | Z12: -4.3629493e-08 | AA12: -5.1664134e-08 | AB12: -5.1702816e-08 | AC12: -1.2669869e-25 | AD12: 0 | AE12: 1.8384598e-08 | AF12: 4.3250519e-07 | AG12: -7.9505397e-08 | AH12: 2.1745467e-07 | AI12: 1.1628424e-07 | AJ12: 2.0049007e-07 | AK12: -1.4671616e-07 | AL12: 7.056791e-08 | AM12: -5.2724016e-16 | AN12: 1 | AO12: -0.00023561945 | AP12: -3485.1447 | AQ12: 0.0010149922 | AR12: dy | AS12: =SQRT(ROUND(AF12,10))*$AR$3 | AT12: 0 | AU12: 0 | AV12: 0 | AW12: 0 | AX12: 0 | AY12: 0 | AZ12: 0 | BA12: 0 | BB12: 0 | BC12: 0 | BD12: 0 | BE12: 0 | BF12: 0 | BG12: 0 | BH12: 0 | BI12: 0 | BJ12: 0 | BK12: 0 | BL12: 0 | BM12: 0 | BN12: 0 | BO12: 0 | BP12: 0 | BQ12: 0 | BR12: 0 | BS12: 0 | BT12: próba 2 | BU12: kierunek | BV12: 0 | BW12: Nr | BX12: 5 | BY12: 6 | BZ12: 7 | CA12: 8 | CB12: 9 | CC12: 0 | CD12: próba 5 | CE12: kierunek | CF12: 0 | CG12: Nr | CH12: 5 | CI12: 6 | CJ12: 7 | CK12: 8 | CL12: 9 | CM12: 0 | CN12: 0 | CO12: 0 | CP12: 0 | CQ12: 0 | CR12: 0 | CS12: 0 | CT12: 0 | CU12: 0 | CV12: 0 | CW12: 0 | CX12: 0 | CY12: 0 | CZ12: 0 | DA12: 0 | DB12: 0 | DC12: 0 | DD12: 0 | DE12: 0 | DF12: 0 | DG12: 0 | DH12: 0 | DI12: 0 | DJ12: 0 | DK12: 0 | DL12: 0 | DM12: 0 | DN12: 0 | DO12: 0 | DP12: 0 | DQ12: 0 | DR12: 0 | DS12: 0 | DT12: 0 | DU12: 0 | DV12: 0 | DW12: 0 | DX12: 0 | DY12: 0 | DZ12: 0 | EA12: 0 | EB12: 0 | EC12: 0 | ED12: 0 | EE12: 0 | EF12: 0 | EG12: 0 | EH12: 0 | EI12: 0 | EJ12: 0 | EK12: 0 | EL12: 0 | EM12: 0 | EN12: 0 | EO12: 0 | EP12: 0 | EQ12: 0 | ER12: 0 | ES12: 0 | ET12: 0 | EU12: 0 | EV12: 0 | EW12: 0 | EX12: 0 | EY12: 0 | EZ12: 0 | FA12: 0 | FB12: 0 | FC12: 0 | FD12: 0 | FE12: 0 | FF12: 0 | FG12: 0 | FH12: 0 | FI12: 0 | FJ12: 0 | FK12: 0 | FL12: 0 | FM12: 0 | FN12: 0 | FO12: 0 | FP12: 0 | FQ12: 0 | FR12: 0 | FS12: 0 | FT12: 0 | FU12: 0 | FV12: 0 | FW12: 0 | FX12: 0 | FY12: 0 | FZ12: 0 | GA12: 0 | GB12: 0 | GC12: 0 | GD12: 0 | GE12: 0 | GF12: 0 | GG12: 0 | GH12: 0 | GI12: 0 | GJ12: 0 | GK12: 0 | GL12: 0 | GM12: 0 | GN12: 0 | GO12: 0 | GP12: 0 | GQ12: 0 | GR12: 0 | GS12: 0 | GT12: 0 | GU12: 0 | GV12: 0 | GW12: 0 | GX12: 0 | GY12: 0 | GZ12: 0
A13: =Wstepnewyjsciowy!B125 | B13: -60305.207 | C13: 266348 | D13: 0 | E13: 0 | F13: -606699.84 | G13: -118960.75 | H13: -2467755.6 | I13: 419604.13 | J13: -834516.91 | K13: 1048095.1 | L13: 7233417.7 | M13: 183839.17 | N13: -641554.04 | O13: -1300053.6 | P13: -2622586.1 | Q13: -498872.06 | R13: 0 | S13: 0 | T13: 0 | U13: dx | V13: 0 | W13: 1.8340734e-07 | X13: 6.1089864e-08 | Y13: 1.6896215e-07 | Z13: 1.4097498e-07 | AA13: 9.1816797e-08 | AB13: 1.3311119e-07 | AC13: 3.577432e-24 | AD13: 0 | AE13: 7.53799e-08 | AF13: -7.9505397e-08 | AG13: 2.5189016e-07 | AH13: 9.3777795e-09 | AI13: 3.7897138e-08 | AJ13: 6.5339893e-08 | AK13: 1.7323402e-07 | AL13: 9.5428646e-08 | AM13: 1 | AN13: -1.0772049e-18 | AO13: 0.00016493361 | AP13: 0 | AQ13: -0.00034235774 | AR13: dx | AS13: =SQRT(ROUND(AG13,10))*$AR$3 | AT13: 0 | AU13: 0 | AV13: 0 | AW13: 0 | AX13: 0 | AY13: 0 | AZ13: 0 | BA13: 0 | BB13: 0 | BC13: 0 | BD13: 0 | BE13: 0 | BF13: 0 | BG13: 0 | BH13: 0 | BI13: 0 | BJ13: 0 | BK13: 0 | BL13: 0 | BM13: 0 | BN13: 0 | BO13: 0 | BP13: 0 | BQ13: 0 | BR13: 0 | BS13: 0 | BT13: 0 | BU13: 0 | BV13: 0 | BW13: ∆X | BX13: -0.0020921327 | BY13: -3.3761315e-05 | BZ13: -0.0012199672 | CA13: 4.9575253e-18 | CB13: 0.0026986542 | CC13: 0 | CD13: 0 | CE13: 0 | CF13: 0 | CG13: ∆X | CH13: -0.00044865593 | CI13: 0.002069889 | CJ13: -0.00026675071 | CK13: -5.9927707e-18 | CL13: 0.0029024454 | CM13: 0 | CN13: Baza | CO13: 5 | CP13: 6 | CQ13: 7 | CR13: 0 | CS13: 0 | CT13: 0 | CU13: 0 | CV13: 0 | CW13: 0 | CX13: 0 | CY13: 0 | CZ13: 0 | DA13: 0 | DB13: 0 | DC13: 0 | DD13: 0 | DE13: 0 | DF13: 0 | DG13: 0 | DH13: 0 | DI13: 0 | DJ13: 0 | DK13: 0 | DL13: 0 | DM13: 0 | DN13: 0 | DO13: 0 | DP13: 0 | DQ13: 0 | DR13: 0 | DS13: 0 | DT13: 0 | DU13: 0 | DV13: 0 | DW13: 0 | DX13: 0 | DY13: 0 | DZ13: 0 | EA13: 0 | EB13: 0 | EC13: 0 | ED13: 0 | EE13: 0 | EF13: 0 | EG13: 0 | EH13: 0 | EI13: 0 | EJ13: 0 | EK13: 0 | EL13: 0 | EM13: 0 | EN13: 0 | EO13: 0 | EP13: 0 | EQ13: 0 | ER13: 0 | ES13: 0 | ET13: 0 | EU13: 0 | EV13: 0 | EW13: 0 | EX13: 0 | EY13: 0 | EZ13: 0 | FA13: 0 | FB13: 0 | FC13: 0 | FD13: 0 | FE13: 0 | FF13: 0 | FG13: 0 | FH13: 0 | FI13: 0 | FJ13: 0 | FK13: 0 | FL13: 0 | FM13: 0 | FN13: 0 | FO13: 0 | FP13: 0 | FQ13: 0 | FR13: 0 | FS13: 0 | FT13: 0 | FU13: 0 | FV13: 0 | FW13: 0 | FX13: 0 | FY13: 0 | FZ13: 0 | GA13: 0 | GB13: 0 | GC13: 0 | GD13: 0 | GE13: 0 | GF13: 0 | GG13: 0 | GH13: 0 | GI13: 0 | GJ13: 0 | GK13: 0 | GL13: 0 | GM13: 0 | GN13: 0 | GO13: 0 | GP13: 0 | GQ13: 0 | GR13: 0 | GS13: 0 | GT13: 0 | GU13: 0 | GV13: 0 | GW13: 0 | GX13: 0 | GY13: 0 | GZ13: 0
A14: =Wstepnewyjsciowy!B126 | B14: 266348 | C14: -1176370.3 | D14: 0 | E14: 0 | F14: -118960.75 | G14: -23325.638 | H14: 153229.99 | I14: -1351047.3 | J14: -668089.35 | K14: -1893001.6 | L14: 183839.17 | M14: 7842926.8 | N14: -227611.34 | O14: -2619099 | P14: 411244.28 | Q14: -780082.94 | R14: 0 | S14: 0 | T14: 0 | U14: dy | V14: 0 | W14: -1.3557894e-07 | X14: 2.2813556e-07 | Y14: -4.2844472e-08 | Z14: 4.0461408e-08 | AA14: -1.4390688e-08 | AB14: 2.1377321e-08 | AC14: 2.7540752e-24 | AD14: 0 | AE14: 7.2457265e-08 | AF14: 2.1745467e-07 | AG14: 9.3777795e-09 | AH14: 3.448261e-07 | AI14: 1.6764025e-07 | AJ14: 2.8903491e-07 | AK14: -7.068108e-08 | AL14: 1.5205443e-07 | AM14: -8.3929667e-17 | AN14: 1 | AO14: -0.00018064158 | AP14: 0 | AQ14: 0.000629695 | AR14: dy | AS14: =SQRT(ROUND(AH14,10))*$AR$3 | AT14: 0 | AU14: 0 | AV14: 0 | AW14: 0 | AX14: 0 | AY14: 0 | AZ14: 0 | BA14: 0 | BB14: 0 | BC14: 0 | BD14: 0 | BE14: 0 | BF14: 0 | BG14: 0 | BH14: 0 | BI14: 0 | BJ14: 0 | BK14: 0 | BL14: 0 | BM14: 0 | BN14: 0 | BO14: 0 | BP14: 0 | BQ14: 0 | BR14: 0 | BS14: 0 | BT14: 0 | BU14: 0 | BV14: 0 | BW14: σdx | BX14: 0.00173506 | BY14: 2.6871516e-05 | BZ14: 0.0015395479 | CA14: 0 | CB14: 0.0019745131 | CC14: 0 | CD14: 0 | CE14: 0 | CF14: 0 | CG14: σdx | CH14: 0.0022507 | CI14: 0.0033712728 | CJ14: 0.00028984814 | CK14: 0 | CL14: 0.0018208658 | CM14: 0 | CN14: 0 | CO14: 0 | CP14: 0 | CQ14: 0 | CR14: 0 | CS14: 0 | CT14: 0 | CU14: 0 | CV14: 0 | CW14: 0 | CX14: 0 | CY14: 0 | CZ14: 0 | DA14: 0 | DB14: 0 | DC14: 0 | DD14: 0 | DE14: 0 | DF14: 0 | DG14: 0 | DH14: 0 | DI14: 0 | DJ14: 0 | DK14: 0 | DL14: 0 | DM14: 0 | DN14: 0 | DO14: 0 | DP14: 0 | DQ14: 0 | DR14: 0 | DS14: 0 | DT14: 0 | DU14: 0 | DV14: 0 | DW14: 0 | DX14: 0 | DY14: 0 | DZ14: 0 | EA14: 0 | EB14: 0 | EC14: 0 | ED14: 0 | EE14: 0 | EF14: 0 | EG14: 0 | EH14: 0 | EI14: 0 | EJ14: 0 | EK14: 0 | EL14: 0 | EM14: 0 | EN14: 0 | EO14: 0 | EP14: 0 | EQ14: 0 | ER14: 0 | ES14: 0 | ET14: 0 | EU14: 0 | EV14: 0 | EW14: 0 | EX14: 0 | EY14: 0 | EZ14: 0 | FA14: 0 | FB14: 0 | FC14: 0 | FD14: 0 | FE14: 0 | FF14: 0 | FG14: 0 | FH14: 0 | FI14: 0 | FJ14: 0 | FK14: 0 | FL14: 0 | FM14: 0 | FN14: 0 | FO14: 0 | FP14: 0 | FQ14: 0 | FR14: 0 | FS14: 0 | FT14: 0 | FU14: 0 | FV14: 0 | FW14: 0 | FX14: 0 | FY14: 0 | FZ14: 0 | GA14: 0 | GB14: 0 | GC14: 0 | GD14: 0 | GE14: 0 | GF14: 0 | GG14: 0 | GH14: 0 | GI14: 0 | GJ14: 0 | GK14: 0 | GL14: 0 | GM14: 0 | GN14: 0 | GO14: 0 | GP14: 0 | GQ14: 0 | GR14: 0 | GS14: 0 | GT14: 0 | GU14: 0 | GV14: 0 | GW14: 0 | GX14: 0 | GY14: 0 | GZ14: 0
A15: =Wstepnewyjsciowy!B127 | B15: -551395.99 | C15: 497031.57 | D15: 0 | E15: 0 | F15: 0 | G15: 0 | H15: 0 | I15: 0 | J15: 333331.82 | K15: 156700.7 | L15: -641554.04 | M15: -227611.34 | N15: 1603418.2 | O15: -541984.55 | P15: -743800 | Q15: 115863.62 | R15: 0 | S15: 0 | T15: 1905.4767 | U15: dx | V15: 0 | W15: -1.2827387e-07 | X15: 1.378884e-07 | Y15: -3.8342344e-08 | Z15: 2.2906047e-08 | AA15: 4.5111618e-09 | AB15: 2.0357266e-08 | AC15: -3.9483791e-24 | AD15: 0 | AE15: 2.311642e-08 | AF15: 1.1628424e-07 | AG15: 3.7897138e-08 | AH15: 1.6764025e-07 | AI15: 1.6554606e-07 | AJ15: 2.8542424e-07 | AK15: -3.3501923e-08 | AL15: 1.1510355e-07 | AM15: 1 | AN15: 1.4595713e-16 | AO15: 0.00039269908 | AP15: 0 | AQ15: -0.00018942142 | AR15: dx | AS15: =SQRT(ROUND(AI15,10))*$AR$3 | AT15: 0 | AU15: 0 | AV15: 0 | AW15: 0 | AX15: 0 | AY15: 0 | AZ15: 0 | BA15: 0 | BB15: 0 | BC15: 0 | BD15: 0 | BE15: 0 | BF15: 0 | BG15: 0 | BH15: 0 | BI15: 0 | BJ15: 0 | BK15: 0 | BL15: 0 | BM15: 0 | BN15: 0 | BO15: 0 | BP15: 0 | BQ15: 0 | BR15: 0 | BS15: 0 | BT15: 0 | BU15: 8 | BV15: 0 | BW15: |ΔX|≤ kα*mΔx | BX15: NIE | BY15: NIE | BZ15: TAK | CA15: TAK | CB15: NIE | CC15: 0 | CD15: 0 | CE15: 8 | CF15: 0 | CG15: |ΔX|≤ kα*mΔx | CH15: TAK | CI15: TAK | CJ15: TAK | CK15: TAK | CL15: NIE | CM15: 0 | CN15: 0 | CO15: 0 | CP15: 0 | CQ15: 0 | CR15: 0 | CS15: 0 | CT15: 0 | CU15: 0 | CV15: 0 | CW15: 0 | CX15: 0 | CY15: 0 | CZ15: 0 | DA15: 0 | DB15: 0 | DC15: 0 | DD15: 0 | DE15: 0 | DF15: 0 | DG15: 0 | DH15: 0 | DI15: 0 | DJ15: 0 | DK15: 0 | DL15: 0 | DM15: 0 | DN15: 0 | DO15: 0 | DP15: 0 | DQ15: 0 | DR15: 0 | DS15: 0 | DT15: 0 | DU15: 0 | DV15: 0 | DW15: 0 | DX15: 0 | DY15: 0 | DZ15: 0 | EA15: 0 | EB15: 0 | EC15: 0 | ED15: 0 | EE15: 0 | EF15: 0 | EG15: 0 | EH15: 0 | EI15: 0 | EJ15: 0 | EK15: 0 | EL15: 0 | EM15: 0 | EN15: 0 | EO15: 0 | EP15: 0 | EQ15: 0 | ER15: 0 | ES15: 0 | ET15: 0 | EU15: 0 | EV15: 0 | EW15: 0 | EX15: 0 | EY15: 0 | EZ15: 0 | FA15: 0 | FB15: 0 | FC15: 0 | FD15: 0 | FE15: 0 | FF15: 0 | FG15: 0 | FH15: 0 | FI15: 0 | FJ15: 0 | FK15: 0 | FL15: 0 | FM15: 0 | FN15: 0 | FO15: 0 | FP15: 0 | FQ15: 0 | FR15: 0 | FS15: 0 | FT15: 0 | FU15: 0 | FV15: 0 | FW15: 0 | FX15: 0 | FY15: 0 | FZ15: 0 | GA15: 0 | GB15: 0 | GC15: 0 | GD15: 0 | GE15: 0 | GF15: 0 | GG15: 0 | GH15: 0 | GI15: 0 | GJ15: 0 | GK15: 0 | GL15: 0 | GM15: 0 | GN15: 0 | GO15: 0 | GP15: 0 | GQ15: 0 | GR15: 0 | GS15: 0 | GT15: 0 | GU15: 0 | GV15: 0 | GW15: 0 | GX15: 0 | GY15: 0 | GZ15: 0
A16: =Wstepnewyjsciowy!B128 | B16: 1785040.8 | C16: -1166911.2 | D16: 0 | E16: 0 | F16: 0 | G16: 0 | H16: 0 | I16: 0 | J16: 14175.265 | K16: -571436.67 | L16: -1300053.6 | M16: -2619099 | N16: -541984.55 | O16: 5683020.4 | P16: 42822.055 | Q16: -1325573.5 | R16: 0 | S16: 0 | T16: -1105.1765 | U16: dy | V16: 0 | W16: -2.2116184e-07 | X16: 2.3773862e-07 | Y16: -6.610749e-08 | Z16: 3.9493185e-08 | AA16: 7.7778652e-09 | AB16: 3.5098734e-08 | AC16: -1.9069057e-24 | AD16: 0 | AE16: 3.9855897e-08 | AF16: 2.0049007e-07 | AG16: 6.5339893e-08 | AH16: 2.8903491e-07 | AI16: 2.8542424e-07 | AJ16: 4.9211076e-07 | AK16: -5.7761937e-08 | AL16: 1.984544e-07 | AM16: 4.973061e-17 | AN16: 1 | AO16: -0.00022776547 | AP16: 0 | AQ16: -0.00032658866 | AR16: dy | AS16: =SQRT(ROUND(AJ16,10))*$AR$3 | AT16: 0 | AU16: 0 | AV16: 0 | AW16: 0 | AX16: 0 | AY16: 0 | AZ16: 0 | BA16: 0 | BB16: 0 | BC16: 0 | BD16: 0 | BE16: 0 | BF16: 0 | BG16: 0 | BH16: 0 | BI16: 0 | BJ16: 0 | BK16: 0 | BL16: 0 | BM16: 0 | BN16: 0 | BO16: 0 | BP16: 0 | BQ16: 0 | BR16: 0 | BS16: 0 | BT16: 0 | BU16: 6 | BV16: 0 | BW16: ∆Y | BX16: 0.0015311518 | BY16: 0.0021607242 | BZ16: -0.0010920779 | CA16: 3.2936619e-18 | CB16: 0.0045878867 | CC16: 0 | CD16: 0 | CE16: 7 | CF16: 0 | CG16: ∆Y | CH16: 0.00057793529 | CI16: 0.0021935937 | CJ16: -0.0012892951 | CK16: 1.0808677e-17 | CL16: 0.0035097659 | CM16: 0 | CN16: 0 | CO16: 0 | CP16: 0 | CQ16: 0 | CR16: 0 | CS16: 0 | CT16: 0 | CU16: 0 | CV16: 0 | CW16: 0 | CX16: 0 | CY16: 0 | CZ16: 0 | DA16: 0 | DB16: 0 | DC16: 0 | DD16: 0 | DE16: 0 | DF16: 0 | DG16: 0 | DH16: 0 | DI16: 0 | DJ16: 0 | DK16: 0 | DL16: 0 | DM16: 0 | DN16: 0 | DO16: 0 | DP16: 0 | DQ16: 0 | DR16: 0 | DS16: 0 | DT16: 0 | DU16: 0 | DV16: 0 | DW16: 0 | DX16: 0 | DY16: 0 | DZ16: 0 | EA16: 0 | EB16: 0 | EC16: 0 | ED16: 0 | EE16: 0 | EF16: 0 | EG16: 0 | EH16: 0 | EI16: 0 | EJ16: 0 | EK16: 0 | EL16: 0 | EM16: 0 | EN16: 0 | EO16: 0 | EP16: 0 | EQ16: 0 | ER16: 0 | ES16: 0 | ET16: 0 | EU16: 0 | EV16: 0 | EW16: 0 | EX16: 0 | EY16: 0 | EZ16: 0 | FA16: 0 | FB16: 0 | FC16: 0 | FD16: 0 | FE16: 0 | FF16: 0 | FG16: 0 | FH16: 0 | FI16: 0 | FJ16: 0 | FK16: 0 | FL16: 0 | FM16: 0 | FN16: 0 | FO16: 0 | FP16: 0 | FQ16: 0 | FR16: 0 | FS16: 0 | FT16: 0 | FU16: 0 | FV16: 0 | FW16: 0 | FX16: 0 | FY16: 0 | FZ16: 0 | GA16: 0 | GB16: 0 | GC16: 0 | GD16: 0 | GE16: 0 | GF16: 0 | GG16: 0 | GH16: 0 | GI16: 0 | GJ16: 0 | GK16: 0 | GL16: 0 | GM16: 0 | GN16: 0 | GO16: 0 | GP16: 0 | GQ16: 0 | GR16: 0 | GS16: 0 | GT16: 0 | GU16: 0 | GV16: 0 | GW16: 0 | GX16: 0 | GY16: 0 | GZ16: 0
A17: =Wstepnewyjsciowy!B129 | B17: -2190966.5 | C17: 700573.58 | D17: -744343.67 | E17: -39464.619 | F17: -1509651.6 | G17: -1029589.2 | H17: -1082062.5 | I17: -521342.94 | J17: 191783.62 | K17: 659043.25 | L17: -2622586.1 | M17: 411244.28 | N17: -743800 | O17: 42822.055 | P17: 8701626.8 | Q17: -223286.45 | R17: 0 | S17: 0 | T17: 0 | U17: dx | V17: 0 | W17: 4.9816519e-07 | X17: 8.2062481e-08 | Y17: 4.0236917e-07 | Z17: 3.0154083e-07 | AA17: 1.1949721e-07 | AB17: 2.5856024e-07 | AC17: 4.8556681e-25 | AD17: 0 | AE17: -1.1109107e-08 | AF17: -1.4671616e-07 | AG17: 1.7323402e-07 | AH17: -7.068108e-08 | AI17: -3.3501923e-08 | AJ17: -5.7761937e-08 | AK17: 3.8838352e-07 | AL17: 1.2458864e-07 | AM17: 1 | AN17: -3.586757e-16 | AO17: 0.0003424336 | AP17: 0 | AQ17: -5.8500553e-05 | AR17: dx | AS17: =SQRT(ROUND(AK17,10))*$AR$3 | AT17: 0 | AU17: 0 | AV17: 0 | AW17: 0 | AX17: 0 | AY17: 0 | AZ17: 0 | BA17: 0 | BB17: 0 | BC17: 0 | BD17: 0 | BE17: 0 | BF17: 0 | BG17: 0 | BH17: 0 | BI17: 0 | BJ17: 0 | BK17: 0 | BL17: 0 | BM17: 0 | BN17: 0 | BO17: 0 | BP17: 0 | BQ17: 0 | BR17: 0 | BS17: 0 | BT17: 0 | BU17: 0 | BV17: 0 | BW17: σdy | BX17: 0.002492791 | BY17: 0.0019350274 | BZ17: 0.0014547954 | CA17: 0 | CB17: 0.0024083364 | CC17: 0 | CD17: 0 | CE17: 0 | CF17: 0 | CG17: σdy | CH17: 0.0027911408 | CI17: 0.0019473217 | CJ17: 0.0013999765 | CK17: 0 | CL17: 0.0029593889 | CM17: 0 | CN17: 0 | CO17: 0 | CP17: 0 | CQ17: 0 | CR17: 0 | CS17: 0 | CT17: 0 | CU17: 0 | CV17: 0 | CW17: 0 | CX17: 0 | CY17: 0 | CZ17: 0 | DA17: 0 | DB17: 0 | DC17: 0 | DD17: 0 | DE17: 0 | DF17: 0 | DG17: 0 | DH17: 0 | DI17: 0 | DJ17: 0 | DK17: 0 | DL17: 0 | DM17: 0 | DN17: 0 | DO17: 0 | DP17: 0 | DQ17: 0 | DR17: 0 | DS17: 0 | DT17: 0 | DU17: 0 | DV17: 0 | DW17: 0 | DX17: 0 | DY17: 0 | DZ17: 0 | EA17: 0 | EB17: 0 | EC17: 0 | ED17: 0 | EE17: 0 | EF17: 0 | EG17: 0 | EH17: 0 | EI17: 0 | EJ17: 0 | EK17: 0 | EL17: 0 | EM17: 0 | EN17: 0 | EO17: 0 | EP17: 0 | EQ17: 0 | ER17: 0 | ES17: 0 | ET17: 0 | EU17: 0 | EV17: 0 | EW17: 0 | EX17: 0 | EY17: 0 | EZ17: 0 | FA17: 0 | FB17: 0 | FC17: 0 | FD17: 0 | FE17: 0 | FF17: 0 | FG17: 0 | FH17: 0 | FI17: 0 | FJ17: 0 | FK17: 0 | FL17: 0 | FM17: 0 | FN17: 0 | FO17: 0 | FP17: 0 | FQ17: 0 | FR17: 0 | FS17: 0 | FT17: 0 | FU17: 0 | FV17: 0 | FW17: 0 | FX17: 0 | FY17: 0 | FZ17: 0 | GA17: 0 | GB17: 0 | GC17: 0 | GD17: 0 | GE17: 0 | GF17: 0 | GG17: 0 | GH17: 0 | GI17: 0 | GJ17: 0 | GK17: 0 | GL17: 0 | GM17: 0 | GN17: 0 | GO17: 0 | GP17: 0 | GQ17: 0 | GR17: 0 | GS17: 0 | GT17: 0 | GU17: 0 | GV17: 0 | GW17: 0 | GX17: 0 | GY17: 0 | GZ17: 0
A18: =Wstepnewyjsciowy!B130 | B18: 974149.92 | C18: -1200086.3 | D18: -404891.06 | E18: -3167112.6 | F18: -326937.09 | G18: -581242.71 | H18: -75983.3 | I18: -349439.44 | J18: 439956.42 | K18: -177985.49 | L18: -498872.06 | M18: -780082.94 | N18: 115863.62 | O18: -1325573.5 | P18: -223286.45 | Q18: 7581523 | R18: 0 | S18: 0 | T18: 0 | U18: dy | V18: 0 | W18: 2.3757557e-07 | X18: 2.8615567e-07 | Y18: 2.3924857e-07 | Z18: 4.4320726e-07 | AA18: -2.4740349e-08 | AB18: 2.7577385e-07 | AC18: -3.4180089e-24 | AD18: 0 | AE18: -4.2524288e-08 | AF18: 7.056791e-08 | AG18: 9.5428646e-08 | AH18: 1.5205443e-07 | AI18: 1.1510355e-07 | AJ18: 1.984544e-07 | AK18: 1.2458864e-07 | AL18: 4.2732527e-07 | AM18: 7.7571281e-16 | AN18: 1 | AO18: 2.8274334e-05 | AP18: 0 | AQ18: 0.0010518508 | AR18: dy | AS18: =SQRT(ROUND(AL18,10))*$AR$3 | AT18: 0 | AU18: 0 | AV18: 0 | AW18: 0 | AX18: 0 | AY18: 0 | AZ18: 0 | BA18: 0 | BB18: 0 | BC18: 0 | BD18: 0 | BE18: 0 | BF18: 0 | BG18: 0 | BH18: 0 | BI18: 0 | BJ18: 0 | BK18: 0 | BL18: 0 | BM18: 0 | BN18: 0 | BO18: 0 | BP18: 0 | BQ18: 0 | BR18: 0 | BS18: 0 | BT18: 0 | BU18: 0 | BV18: 0 | BW18: |ΔY|≤ kα*mΔx | BX18: TAK | BY18: NIE | BZ18: TAK | CA18: TAK | CB18: NIE | CC18: 0 | CD18: 0 | CE18: 0 | CF18: 0 | CG18: |ΔY|≤ kα*mΔx | CH18: TAK | CI18: NIE | CJ18: TAK | CK18: TAK | CL18: NIE | CM18: 0 | CN18: 0 | CO18: 0 | CP18: 0 | CQ18: 0 | CR18: 0 | CS18: 0 | CT18: 0 | CU18: 0 | CV18: 0 | CW18: 0 | CX18: 0 | CY18: 0 | CZ18: 0 | DA18: 0 | DB18: 0 | DC18: 0 | DD18: 0 | DE18: 0 | DF18: 0 | DG18: 0 | DH18: 0 | DI18: 0 | DJ18: 0 | DK18: 0 | DL18: 0 | DM18: 0 | DN18: 0 | DO18: 0 | DP18: 0 | DQ18: 0 | DR18: 0 | DS18: 0 | DT18: 0 | DU18: 0 | DV18: 0 | DW18: 0 | DX18: 0 | DY18: 0 | DZ18: 0 | EA18: 0 | EB18: 0 | EC18: 0 | ED18: 0 | EE18: 0 | EF18: 0 | EG18: 0 | EH18: 0 | EI18: 0 | EJ18: 0 | EK18: 0 | EL18: 0 | EM18: 0 | EN18: 0 | EO18: 0 | EP18: 0 | EQ18: 0 | ER18: 0 | ES18: 0 | ET18: 0 | EU18: 0 | EV18: 0 | EW18: 0 | EX18: 0 | EY18: 0 | EZ18: 0 | FA18: 0 | FB18: 0 | FC18: 0 | FD18: 0 | FE18: 0 | FF18: 0 | FG18: 0 | FH18: 0 | FI18: 0 | FJ18: 0 | FK18: 0 | FL18: 0 | FM18: 0 | FN18: 0 | FO18: 0 | FP18: 0 | FQ18: 0 | FR18: 0 | FS18: 0 | FT18: 0 | FU18: 0 | FV18: 0 | FW18: 0 | FX18: 0 | FY18: 0 | FZ18: 0 | GA18: 0 | GB18: 0 | GC18: 0 | GD18: 0 | GE18: 0 | GF18: 0 | GG18: 0 | GH18: 0 | GI18: 0 | GJ18: 0 | GK18: 0 | GL18: 0 | GM18: 0 | GN18: 0 | GO18: 0 | GP18: 0 | GQ18: 0 | GR18: 0 | GS18: 0 | GT18: 0 | GU18: 0 | GV18: 0 | GW18: 0 | GX18: 0 | GY18: 0 | GZ18: 0
A19: S | B19: =IF(B$22=$B$49,IF(B$23="dx",1,0),0) | C19: =IF(C$22=$B$49,IF(C$23="dx",1,0),0) | D19: =IF(D$22=$B$49,IF(D$23="dx",1,0),0) | E19: =IF(E$22=$B$49,IF(E$23="dx",1,0),0) | F19: =IF(F$22=$B$49,IF(F$23="dx",1,0),0) | G19: =IF(G$22=$B$49,IF(G$23="dx",1,0),0) | H19: =IF(H$22=$B$49,IF(H$23="dx",1,0),0) | I19: =IF(I$22=$B$49,IF(I$23="dx",1,0),0) | ... Q19: =IF(Q$22=$B$49,IF(Q$23="dx",1,0),0) | R19: 0 | S19: 0 | T19: 0 | U19: 1.0003958 | V19: S(-1) | W19: 1 | X19: 1.4210855e-16 | Y19: 1 | Z19: 8.5265128e-16 | AA19: 1 | AB19: 6.3948846e-16 | AC19: 1 | AD19: 0 | AE19: 1 | AF19: -2.8421709e-16 | AG19: 1 | AH19: 7.1054274e-17 | AI19: 1 | AJ19: 2.1316282e-16 | AK19: 1 | AL19: 4.9737992e-16 | AM19: 1.3969839e-09 | AN19: 8.3673513e-10 | AO19: 3.9025626e-13
A20: =IF(A$22=$B$49,IF(A$23="dy",1,0),0) | B20: =IF(B$22=$B$49,IF(B$23="dy",1,0),0) | C20: =IF(C$22=$B$49,IF(C$23="dy",1,0),0) | D20: =IF(D$22=$B$49,IF(D$23="dy",1,0),0) | E20: =IF(E$22=$B$49,IF(E$23="dy",1,0),0) | F20: =IF(F$22=$B$49,IF(F$23="dy",1,0),0) | G20: =IF(G$22=$B$49,IF(G$23="dy",1,0),0) | H20: =IF(H$22=$B$49,IF(H$23="dy",1,0),0) | ... Q20: =IF(Q$22=$B$49,IF(Q$23="dy",1,0),0) | R20: 0 | S20: 0 | T20: 0 | U20: 1.1664946e-15 | V20: 1 | W20: 4.0112083e-16 | X20: 1 | Y20: 4.2316636e-16 | Z20: 1 | AA20: 1.4018348e-16 | AB20: 1 | AC20: -8.7366628e-33 | AD20: 1 | AE20: 2.0871177e-17 | AF20: 1 | AG20: 9.8292641e-17 | AH20: 1 | AI20: 3.1477145e-16 | AJ20: 1 | AK20: 1.9507306e-16 | AL20: 1 | AM20: 1.1641532e-09 | AN20: 1.7462298e-09 | AO20: -3.035555e-14
A21: =IF(A22=$B$49,IF(A23="dx",$H$49,$I$49),IF($B$50=A22,IF(A23="dx",-$H$49,-$I$49),0)) | B21: =IF(B22=$B$49,IF(B23="dx",$H$49,$I$49),IF($B$50=B22,IF(B23="dx",-$H$49,-$I$49),0)) | C21: =IF(C22=$B$49,IF(C23="dx",$H$49,$I$49),IF($B$50=C22,IF(C23="dx",-$H$49,-$I$49),0)) | D21: =IF(D22=$B$49,IF(D23="dx",$H$49,$I$49),IF($B$50=D22,IF(D23="dx",-$H$49,-$I$49),0)) | E21: =IF(E22=$B$49,IF(E23="dx",$H$49,$I$49),IF($B$50=E22,IF(E23="dx",-$H$49,-$I$49),0)) | F21: =IF(F22=$B$49,IF(F23="dx",$H$49,$I$49),IF($B$50=F22,IF(F23="dx",-$H$49,-$I$49),0)) | G21: =IF(G22=$B$49,IF(G23="dx",$H$49,$I$49),IF($B$50=G22,IF(G23="dx",-$H$49,-$I$49),0)) | H21: =IF(H22=$B$49,IF(H23="dx",$H$49,$I$49),IF($B$50=H22,IF(H23="dx",-$H$49,-$I$49),0)) | ... Q21: =IF(Q22=$B$49,IF(Q23="dx",$H$49,$I$49),IF($B$50=Q22,IF(Q23="dx",-$H$49,-$I$49),0)) | R21: 0 | S21: 0 | T21: 0 | U21: 0.00058142469 | V21: -8.6396665e-05 | W21: 0.00058119464 | X21: -8.6393798e-05 | Y21: 0.0003848451 | Z21: 0.00028274334 | AA21: 8.6393798e-05 | AB21: 0.00021991149 | AC21: -1.0899589e-20 | AD21: 0 | AE21: -0.00010995574 | AF21: -0.00023561945 | AG21: 0.00016493361 | AH21: -0.00018064158 | AI21: 0.00039269908 | AJ21: -0.00022776547 | AK21: 0.0003424336 | AL21: 2.8274334e-05 | AM21: 5.723667e-13 | AN21: -3.1967046e-13 | AO21: 2.1824207e-16
A22: 1 | B22: 1 | C22: 1 | D22: 3 | E22: 3 | F22: 4 | G22: 4 | H22: 5 | I22: 5 | J22: 6 | K22: 6 | L22: 7 | M22: 7 | N22: 8 | O22: 8 | P22: 9 | Q22: 9
A23: dx | B23: dx | C23: dy | D23: dx | E23: dy | F23: dx | G23: dy | H23: dx | I23: dy | J23: dx | K23: dy | L23: dx | M23: dy | N23: dx | O23: dy | P23: dx | Q23: dy
A25: ATA aktualny | R25: ST | U25: (ATA)-1 wyjściowy | AM25: ST(-1) | AO25: X | AP25: mx | AQ25: X | AR25: m0 | AS25: mx
A26: =Wstepneaktualny!B115 | B26: {=_xlfn.ANCHORARRAY('Wstepneaktualny'!B110)} | C26: -1452438.9 | D26: -2172492.4 | E26: -940496.29 | F26: 0 | G26: 0 | H26: 0 | I26: 0 | J26: 0 | K26: 0 | L26: -60305.753 | M26: 266350.41 | N26: -551394.9 | O26: 1785039.4 | P26: -997453.87 | Q26: 341545.46 | R26: {=TRANSPOSE(B42:Q44)} | S26: 0 | T26: 0 | U26: {=MINVERSE(A26:S44)} | V26: 2.6551199e-07 | W26: {=MINVERSE(B26:T44)} | X26: 3.0064997e-07 | Y26: 6.7088644e-07 | Z26: 4.9658943e-07 | AA26: 1.2676423e-08 | AB26: 4.097723e-07 | AC26: 0 | AD26: 0 | AE26: -4.6481555e-08 | AF26: -1.4248016e-07 | AG26: 1.4675437e-07 | AH26: -7.1980387e-08 | AI26: -7.7016247e-08 | AJ26: -1.3278663e-07 | AK26: 3.8049614e-07 | AL26: 2.4796676e-07 | AM26: 1 | AN26: -1.1698031e-15 | AO26: 0.00058119464 | AP26: =SQRT(ROUND(U26,10))*$AO$43 | AQ26: {=-MMULT(W26:AL41,_xlfn.ANCHORARRAY('Wstepneaktualny'!V110))} | AR26: ='Wstepneaktualny'!AB131 | AS26: =SQRT(ROUND(W26,10))*$AR$26
A27: =Wstepneaktualny!B116 | B27: -1452438.9 | C27: 2870935.3 | D27: 561691.44 | E27: 368638.03 | F27: 0 | G27: 0 | H27: 0 | I27: 0 | J27: 0 | K27: 0 | L27: 266350.41 | M27: -1176381 | N27: 497030.12 | O27: -1166909.3 | P27: 127366.98 | Q27: -896283.1 | R27: 0 | S27: 0 | T27: 0 | U27: 2.6551199e-07 | V27: 6.6523237e-07 | W27: 3.0064997e-07 | X27: 6.9198013e-07 | Y27: 1.6440885e-07 | Z27: 2.2906754e-07 | AA27: -1.9882289e-08 | AB27: 1.895575e-07 | AC27: 0 | AD27: 0 | AE27: 6.9646894e-09 | AF27: 1.273361e-07 | AG27: 5.9566595e-08 | AH27: 2.346938e-07 | AI27: 1.4220969e-07 | AJ27: 2.4518911e-07 | AK27: 7.7075745e-08 | AL27: 2.9109858e-07 | AM27: 2.4702836e-16 | AN27: 1 | AO27: -8.6393798e-05 | AP27: =SQRT(ROUND(V27,10))*AO43 | AQ27: 0.0056701107 | AS27: =SQRT(ROUND(X27,10))*AR26
A28: =Wstepneaktualny!B117 | B28: -2172492.4 | C28: 561691.44 | D28: 4685409.6 | E28: 1492344.1 | F28: 1037902.8 | G28: -889687.47 | H28: 0 | I28: 0 | J28: 0 | K28: 0 | L28: 0 | M28: 0 | N28: -547057.67 | O28: 221150.97 | P28: -3003762.3 | Q28: -1385499.1 | R28: 0 | S28: 0 | T28: 0 | U28: 2.2855211e-06 | V28: 1.2494084e-07 | W28: 6.7088644e-07 | X28: 1.6440885e-07 | Y28: 7.8561752e-07 | Z28: 2.4956128e-07 | AA28: -1.0080786e-08 | AB28: 3.6018676e-07 | AC28: 0 | AD28: 0 | AE28: -3.6424523e-08 | AF28: -1.1381465e-07 | AG28: 1.4882207e-07 | AH28: -4.304718e-08 | AI28: -2.7327167e-08 | AJ28: -4.7115805e-08 | AK28: 3.4698772e-07 | AL28: 2.3065135e-07 | AM28: 1 | AN28: -8.7143664e-16 | AO28: 0.00054192473 | AP28: =SQRT(ROUND(W28,10))*AO43 | AQ28: -0.002989333 | AS28: =SQRT(ROUND(Y28,10))*AR26
A29: =Wstepneaktualny!B118 | B29: -940496.29 | C29: 368638.03 | D29: 1492344.1 | E29: 2295146.8 | F29: 498233.78 | G29: -1027454.3 | H29: 0 | I29: 0 | J29: 0 | K29: 0 | L29: 0 | M29: 0 | N29: 221150.97 | O29: -89401.457 | P29: -1271232.6 | Q29: -1546929.1 | R29: 0 | S29: 0 | T29: 0 | U29: 9.0324359e-07 | V29: 2.209351e-07 | W29: 4.9658943e-07 | X29: 2.2906754e-07 | Y29: 2.4956128e-07 | Z29: 1.1133599e-06 | AA29: -4.3061833e-08 | AB29: 5.1523618e-07 | AC29: 0 | AD29: 0 | AE29: -5.7524173e-08 | AF29: -1.4466105e-08 | AG29: 1.3845174e-07 | AH29: 6.995759e-08 | AI29: 5.4883488e-08 | AJ29: 9.4626703e-08 | AK29: 2.5445002e-07 | AL29: 4.3604736e-07 | AM29: 1.8330341e-16 | AN29: 1 | AO29: 0.00014137167 | AP29: =SQRT(ROUND(X29,10))*AO43 | AQ29: 0.0036007983 | AS29: =SQRT(ROUND(Z29,10))*AR26
A30: =Wstepneaktualny!B119 | B30: 0 | C30: 0 | D30: 1037902.8 | E30: 498233.78 | F30: 3185003.4 | G30: -71985.691 | H30: -1228679.7 | I30: -445660.11 | J30: 0 | K30: 0 | L30: -606688.38 | M30: -118958.51 | N30: 0 | O30: 0 | P30: -2387538.1 | Q30: 138370.52 | R30: 0 | S30: 0 | T30: 0 | U30: 2.3422245e-07 | V30: -2.0843825e-08 | W30: 1.2676423e-08 | X30: -1.9882289e-08 | Y30: -1.0080786e-08 | Z30: -4.3061833e-08 | AA30: 4.3273014e-07 | AB30: -2.1286316e-09 | AC30: 0 | AD30: 0 | AE30: 3.4986003e-08 | AF30: -5.4884616e-08 | AG30: 9.1132802e-08 | AH30: -1.8449967e-08 | AI30: 2.4793068e-09 | AJ30: 4.2746668e-09 | AK30: 1.2033015e-07 | AL30: -4.4050076e-08 | AM30: 1 | AN30: -6.9768898e-17 | AO30: 8.6393798e-05 | AP30: =SQRT(ROUND(Y30,10))*AO43 | AQ30: 0.0078724888 | AS30: =SQRT(ROUND(AA30,10))*AR26
A31: =Wstepneaktualny!B120 | B31: 0 | C31: 0 | D31: -889687.47 | E31: -1027454.3 | F31: -71985.691 | G31: 3650863.6 | H31: 1453151.1 | I31: -1670576.1 | J31: 0 | K31: 0 | L31: -118958.51 | M31: -23325.197 | N31: 0 | O31: 0 | P31: -372519.43 | Q31: -929508.04 | R31: 0 | S31: 0 | T31: 0 | U31: 1.0898361e-06 | V31: 1.6984762e-07 | W31: 4.097723e-07 | X31: 1.895575e-07 | Y31: 3.6018676e-07 | Z31: 5.1523618e-07 | AA31: -2.1286316e-09 | AB31: 6.1431091e-07 | AC31: 0 | AD31: 0 | AE31: -3.4882066e-08 | AF31: -2.453699e-08 | AG31: 1.2524251e-07 | AH31: 4.9240926e-08 | AI31: 4.1895989e-08 | AJ31: 7.2234464e-08 | AK31: 2.2670225e-07 | AL31: 3.1477414e-07 | AM31: -5.1174575e-17 | AN31: 1 | AO31: 0.00021991149 | AP31: =SQRT(ROUND(Z31,10))*AO43 | AQ31: -0.0031758414 | AS31: =SQRT(ROUND(AB31,10))*AR26
A32: =Wstepneaktualny!B121 | B32: 0 | C32: 0 | D32: 0 | E32: 0 | F32: -1228679.7 | G32: 1453151.1 | H32: 6170884.8 | I32: 340680.38 | J32: -1392389.5 | K32: -1871080.5 | L32: -2467753 | M32: 153232.31 | N32: 0 | O32: 0 | P32: -1082062.5 | Q32: -75983.3 | R32: 1 | S32: 0 | T32: -1905.4767 | U32: -4.3144567e-22 | V32: -5.992301e-24 | W32: 4.7938408e-23 | X32: -3.5953806e-23 | Y32: -9.5876816e-23 | Z32: 1.1984602e-22 | AA32: 1.7976903e-23 | AB32: 2.3969204e-23 | AC32: 0 | AD32: 0 | AE32: 4.7938408e-23 | AF32: -4.7938408e-23 | AG32: -1.1984602e-23 | AH32: -5.992301e-23 | AI32: -4.7938408e-23 | AJ32: -3.5953806e-23 | AK32: -9.5876816e-23 | AL32: 1.0037104e-22 | AM32: 1 | AN32: -2.1253294e-16 | AO32: 5.9946501e-21 | AP32: =SQRT(ROUND(AA32,10))*AO43 | AQ32: 7.7202976e-18 | AS32: =SQRT(ROUND(AC32,10))*AR26
A33: =Wstepneaktualny!B122 | B33: 0 | C33: 0 | D33: 0 | E33: 0 | F33: -445660.11 | G33: -1670576.1 | H33: 340680.38 | I33: 4660233.3 | J33: 206716.22 | K33: -1289172.6 | L33: 419606.45 | M33: -1351045.2 | N33: 0 | O33: 0 | P33: -521342.94 | Q33: -349439.44 | R33: 0 | S33: 1 | T33: 1105.1765 | U33: -6.0867502e-23 | V33: 4.5650626e-23 | W33: 3.0433751e-23 | X33: 1.1412657e-22 | Y33: 3.0433751e-23 | Z33: -5.3259064e-23 | AA33: -2.2825313e-23 | AB33: 0 | AC33: 0 | AD33: 0 | AE33: -2.2825313e-23 | AF33: 4.5650626e-23 | AG33: 0 | AH33: 3.0433751e-23 | AI33: 3.0433751e-23 | AJ33: 6.0867502e-23 | AK33: -3.0433751e-23 | AL33: 1.1032235e-22 | AM33: -1.1206471e-17 | AN33: 1 | AO33: 3.1235731e-21 | AP33: =SQRT(ROUND(AB33,10))*AO43 | AQ33: 1.9874327e-18 | AS33: =SQRT(ROUND(AD33,10))*AR26
A34: =Wstepneaktualny!B123 | B34: 0 | C34: 0 | D34: 0 | E34: 0 | F34: 0 | G34: 0 | H34: -1392389.5 | I34: 206716.22 | J34: 1701791.3 | K34: 7241.3595 | L34: -834516.79 | M34: -668089.96 | N34: 333331.82 | O34: 14175.221 | P34: 191783.19 | Q34: 439957.16 | R34: 0 | S34: 0 | T34: 0 | U34: 2.2617669e-07 | V34: -7.425593e-08 | W34: -4.6481555e-08 | X34: 6.9646894e-09 | Y34: -3.6424523e-08 | Z34: -5.7524173e-08 | AA34: 3.4986003e-08 | AB34: -3.4882066e-08 | AC34: 0 | AD34: 0 | AE34: 6.6145568e-07 | AF34: 1.4209578e-08 | AG34: 7.6566223e-08 | AH34: 6.838971e-08 | AI34: 1.994867e-08 | AJ34: 3.4394258e-08 | AK34: -5.9005309e-09 | AL34: -5.0417638e-08 | AM34: 1 | AN34: 2.9870639e-16 | AO34: -0.00010995574 | AP34: =SQRT(ROUND(AC34,10))*AO43 | AQ34: -0.00012223155 | AS34: =SQRT(ROUND(AE34,10))*AR26
A35: =Wstepneaktualny!B124 | B35: 0 | C35: 0 | D35: 0 | E35: 0 | F35: 0 | G35: 0 | H35: -1871080.5 | I35: -1289172.6 | J35: 7241.3595 | K35: 3931591.7 | L35: 1048094.5 | M35: -1892998.5 | N35: 156700.66 | O35: -571433.89 | P35: 659043.98 | Q35: -177986.75 | R35: 0 | S35: 0 | T35: 0 | U35: -1.0554912e-07 | V35: 3.4652767e-08 | W35: -1.4248016e-07 | X35: 1.273361e-07 | Y35: -1.1381465e-07 | Z35: -1.4466105e-08 | AA35: -5.4884616e-08 | AB35: -2.453699e-08 | AC35: 0 | AD35: 0 | AE35: 1.4209578e-08 | AF35: 4.15057e-07 | AG35: -6.8243182e-08 | AH35: 2.032755e-07 | AI35: 1.0449508e-07 | AJ35: 1.8016393e-07 | AK35: -1.1302306e-07 | AL35: 8.173397e-08 | AM35: 3.2420771e-16 | AN35: 1 | AO35: -0.00023561945 | AP35: =SQRT(ROUND(AD35,10))*AO43 | AQ35: -0.00043597981 | AS35: =SQRT(ROUND(AF35,10))*AR26
A36: =Wstepneaktualny!B125 | B36: -60305.753 | C36: 266350.41 | D36: 0 | E36: 0 | F36: -606688.38 | G36: -118958.51 | H36: -2467753 | I36: 419606.45 | J36: -834516.79 | K36: 1048094.5 | L36: 7233404.8 | M36: 183833.7 | N36: -641554.3 | O36: -1300054.8 | P36: -2622586.5 | Q36: -498871.69 | R36: 0 | S36: 0 | T36: 0 | U36: 6.5295201e-07 | V36: 4.535651e-08 | W36: 1.4675437e-07 | X36: 5.9566595e-08 | Y36: 1.4882207e-07 | Z36: 1.3845174e-07 | AA36: 9.1132802e-08 | AB36: 1.2524251e-07 | AC36: 0 | AD36: 0 | AE36: 7.6566223e-08 | AF36: -6.8243182e-08 | AG36: 2.4568746e-07 | AH36: 1.9069115e-08 | AI36: 4.560969e-08 | AJ36: 7.8637397e-08 | AK36: 1.5356142e-07 | AL36: 9.5909967e-08 | AM36: 1 | AN36: -2.8868985e-16 | AO36: 0.00016493361 | AP36: =SQRT(ROUND(AE36,10))*AO43 | AQ36: -0.002890538 | AS36: =SQRT(ROUND(AG36,10))*AR26
A37: =Wstepneaktualny!B126 | B37: 266350.41 | C37: -1176381 | D37: 0 | E37: 0 | F37: -118958.51 | G37: -23325.197 | H37: 153232.31 | I37: -1351045.2 | J37: -668089.96 | K37: -1892998.5 | L37: 183833.7 | M37: 7842938.2 | N37: -227612.6 | O37: -2619105.1 | P37: 411244.64 | Q37: -780083.25 | R37: 0 | S37: 0 | T37: 0 | U37: -2.221245e-07 | V37: 1.901641e-07 | W37: -7.1980387e-08 | X37: 2.346938e-07 | Y37: -4.304718e-08 | Z37: 6.995759e-08 | AA37: -1.8449967e-08 | AB37: 4.9240926e-08 | AC37: 0 | AD37: 0 | AE37: 6.838971e-08 | AF37: 2.032755e-07 | AG37: 1.9069115e-08 | AH37: 3.3365797e-07 | AI37: 1.5807315e-07 | AJ37: 2.7253992e-07 | AK37: -4.2131765e-08 | AL37: 1.6477983e-07 | AM37: 4.4130297e-16 | AN37: 1 | AO37: -0.00018064158 | AP37: =SQRT(ROUND(AF37,10))*AO43 | AQ37: -0.0043591218 | AS37: =SQRT(ROUND(AH37,10))*AR26
A38: =Wstepneaktualny!B127 | B38: -551394.9 | C38: 497030.12 | D38: -547057.67 | E38: 221150.97 | F38: 0 | G38: 0 | H38: 0 | I38: 0 | J38: 333331.82 | K38: 156700.66 | L38: -641554.3 | M38: -227612.6 | N38: 2150471.8 | O38: -763133.41 | P38: -743796.72 | Q38: 115864.26 | R38: 0 | S38: 0 | T38: 1905.4767 | U38: 1.5155306e-06 | V38: 5.0802395e-08 | W38: -7.7016247e-08 | X38: 1.4220969e-07 | Y38: -2.7327167e-08 | Z38: 5.4883488e-08 | AA38: 2.4793068e-09 | AB38: 4.1895989e-08 | AC38: 0 | AD38: 0 | AE38: 1.994867e-08 | AF38: 1.0449508e-07 | AG38: 4.560969e-08 | AH38: 1.5807315e-07 | AI38: 1.5739517e-07 | AJ38: 2.7137099e-07 | AK38: -1.064311e-08 | AL38: 1.2431571e-07 | AM38: 1 | AN38: 1.5566305e-16 | AO38: 0.00039269908 | AP38: =SQRT(ROUND(AG38,10))*AO43 | AQ38: -0.0025122237 | AS38: =SQRT(ROUND(AI38,10))*AR26
A39: =Wstepneaktualny!B128 | B39: 1785039.4 | C39: -1166909.3 | D39: 221150.97 | E39: -89401.457 | F39: 0 | G39: 0 | H39: 0 | I39: 0 | J39: 14175.221 | K39: -571433.89 | L39: -1300054.8 | M39: -2619105.1 | N39: -763133.41 | O39: 5772423.1 | P39: 42822.699 | Q39: -1325573.4 | R39: 0 | S39: 0 | T39: -1105.1765 | U39: -5.2532236e-07 | V39: 2.1925189e-07 | W39: -1.3278663e-07 | X39: 2.4518911e-07 | Y39: -4.7115805e-08 | Z39: 9.4626703e-08 | AA39: 4.2746668e-09 | AB39: 7.2234464e-08 | AC39: 0 | AD39: 0 | AE39: 3.4394258e-08 | AF39: 1.8016393e-07 | AG39: 7.8637397e-08 | AH39: 2.7253992e-07 | AI39: 2.7137099e-07 | AJ39: 4.6788101e-07 | AK39: -1.835019e-08 | AL39: 2.1433742e-07 | AM39: 5.2690942e-16 | AN39: 1 | AO39: -0.00022776547 | AP39: =SQRT(ROUND(AH39,10))*AO43 | AQ39: -0.0043314201 | AS39: =SQRT(ROUND(AJ39,10))*AR26
A40: =Wstepneaktualny!B129 | B40: -997453.87 | C40: 127366.98 | D40: -3003762.3 | E40: -1271232.6 | F40: -2387538.1 | G40: -372519.43 | H40: -1082062.5 | I40: -521342.94 | J40: 191783.19 | K40: 659043.98 | L40: -2622586.5 | M40: 411244.64 | N40: -743796.72 | O40: 42822.699 | P40: 10645417 | Q40: 924616.66 | R40: 0 | S40: 0 | T40: 0 | U40: 1.3336757e-06 | V40: 6.2108242e-08 | W40: 3.8049614e-07 | X40: 7.7075745e-08 | Y40: 3.4698772e-07 | Z40: 2.5445002e-07 | AA40: 1.2033015e-07 | AB40: 2.2670225e-07 | AC40: 0 | AD40: 0 | AE40: -5.9005309e-09 | AF40: -1.1302306e-07 | AG40: 1.5356142e-07 | AH40: -4.2131765e-08 | AI40: -1.064311e-08 | AJ40: -1.835019e-08 | AK40: 3.2753579e-07 | AL40: 1.1786064e-07 | AM40: 1 | AN40: -5.30374e-16 | AO40: 0.0003424336 | AP40: =SQRT(ROUND(AI40,10))*AO43 | AQ40: 5.1064712e-05 | AS40: =SQRT(ROUND(AK40,10))*AR26
A41: =Wstepneaktualny!B130 | B41: 341545.46 | C41: -896283.1 | D41: -1385499.1 | E41: -1546929.1 | F41: 138370.52 | G41: -929508.04 | H41: -75983.3 | I41: -349439.44 | J41: 439957.16 | K41: -177986.75 | L41: -498871.69 | M41: -780083.25 | N41: 115864.26 | O41: -1325573.4 | P41: 924616.66 | Q41: 6005803.1 | R41: 0 | S41: 0 | T41: 0 | U41: 4.6393145e-07 | V41: 2.6945895e-07 | W41: 2.4796676e-07 | X41: 2.9109858e-07 | Y41: 2.3065135e-07 | Z41: 4.3604736e-07 | AA41: -4.4050076e-08 | AB41: 3.1477414e-07 | AC41: 0 | AD41: 0 | AE41: -5.0417638e-08 | AF41: 8.173397e-08 | AG41: 9.5909967e-08 | AH41: 1.6477983e-07 | AI41: 1.2431571e-07 | AJ41: 2.1433742e-07 | AK41: 1.1786064e-07 | AL41: 4.7335135e-07 | AM41: 4.4251234e-16 | AN41: 1 | AO41: 2.8274334e-05 | AP41: =SQRT(ROUND(AJ41,10))*AO43 | AQ41: 0.0001308569 | AS41: =SQRT(ROUND(AL41,10))*AR26
A42: S | B42: =IF(B$45=$B$49,IF(B$46="dx",1,0),0) | C42: =IF(C$45=$B$49,IF(C$46="dx",1,0),0) | D42: =IF(D$45=$B$49,IF(D$46="dx",1,0),0) | E42: =IF(E$45=$B$49,IF(E$46="dx",1,0),0) | F42: =IF(F$45=$B$49,IF(F$46="dx",1,0),0) | G42: =IF(G$45=$B$49,IF(G$46="dx",1,0),0) | H42: =IF(H$45=$B$49,IF(H$46="dx",1,0),0) | I42: =IF(I$45=$B$49,IF(I$46="dx",1,0),0) | ... Q42: =IF(Q$45=$B$49,IF(Q$46="dx",1,0),0) | R42: 0 | S42: 0 | T42: 0 | U42: 1 | V42: S(-1) | W42: 1 | X42: -3.3387142e-17 | Y42: 1 | Z42: -9.3483997e-16 | AA42: 1 | AB42: -4.6741998e-16 | AC42: 1 | AD42: 0 | AE42: 1 | AF42: 4.006457e-16 | AG42: 1 | AH42: 4.006457e-16 | AI42: 1 | AJ42: 4.6741998e-16 | AK42: 1 | AL42: -2.0032285e-16 | AM42: -3.085006e-09 | AN42: 3.4924597e-10 | AO42: -6.8885155e-13
A43: =IF(A$45=$B$49,IF(A$46="dy",1,0),0) | B43: =IF(B$45=$B$49,IF(B$46="dy",1,0),0) | C43: =IF(C$45=$B$49,IF(C$46="dy",1,0),0) | D43: =IF(D$45=$B$49,IF(D$46="dy",1,0),0) | E43: =IF(E$45=$B$49,IF(E$46="dy",1,0),0) | F43: =IF(F$45=$B$49,IF(F$46="dy",1,0),0) | G43: =IF(G$45=$B$49,IF(G$46="dy",1,0),0) | H43: =IF(H$45=$B$49,IF(H$46="dy",1,0),0) | ... Q43: =IF(Q$45=$B$49,IF(Q$46="dy",1,0),0) | R43: 0 | S43: 0 | T43: 0 | U43: 1.738479e-15 | V43: 1 | W43: -7.3717265e-16 | X43: 1 | Y43: -3.6925104e-16 | Z43: 1 | AA43: 3.155828e-17 | AB43: 1 | AC43: 0 | AD43: 1 | AE43: 3.8615315e-16 | AF43: 1 | AG43: 1.2158729e-16 | AH43: 1 | AI43: 5.0389615e-16 | AJ43: 1 | AK43: -2.5588483e-16 | AL43: 1 | AM43: 1.4551915e-09 | AN43: 9.3132257e-10 | AO43: -4.4381277e-13
A44: =IF(A45=$B$49,IF(A46="dx",$H$49,$I$49),IF($B$50=A45,IF(A46="dx",-$H$49,-$I$49),0)) | B44: =IF(B45=$B$49,IF(B46="dx",$H$49,$I$49),IF($B$50=B45,IF(B46="dx",-$H$49,-$I$49),0)) | C44: =IF(C45=$B$49,IF(C46="dx",$H$49,$I$49),IF($B$50=C45,IF(C46="dx",-$H$49,-$I$49),0)) | D44: =IF(D45=$B$49,IF(D46="dx",$H$49,$I$49),IF($B$50=D45,IF(D46="dx",-$H$49,-$I$49),0)) | E44: =IF(E45=$B$49,IF(E46="dx",$H$49,$I$49),IF($B$50=E45,IF(E46="dx",-$H$49,-$I$49),0)) | F44: =IF(F45=$B$49,IF(F46="dx",$H$49,$I$49),IF($B$50=F45,IF(F46="dx",-$H$49,-$I$49),0)) | G44: =IF(G45=$B$49,IF(G46="dx",$H$49,$I$49),IF($B$50=G45,IF(G46="dx",-$H$49,-$I$49),0)) | H44: =IF(H45=$B$49,IF(H46="dx",$H$49,$I$49),IF($B$50=H45,IF(H46="dx",-$H$49,-$I$49),0)) | ... Q44: =IF(Q45=$B$49,IF(Q46="dx",$H$49,$I$49),IF($B$50=Q45,IF(Q46="dx",-$H$49,-$I$49),0)) | R44: 0 | S44: 0 | T44: 0 | U44: 0.00058119464 | V44: -8.6393798e-05 | W44: 0.00058119464 | X44: -8.6393798e-05 | Y44: 0.00054192473 | Z44: 0.00014137167 | AA44: 8.6393798e-05 | AB44: 0.00021991149 | AC44: 0 | AD44: 0 | AE44: -0.00010995574 | AF44: -0.00023561945 | AG44: 0.00016493361 | AH44: -0.00018064158 | AI44: 0.00039269908 | AJ44: -0.00022776547 | AK44: 0.0003424336 | AL44: 2.8274334e-05 | AM44: -6.8254272e-13 | AN44: -6.9991487e-13 | AO44: -1.5676303e-16
A45: 1 | B45: 1 | C45: 1 | D45: 3 | E45: 3 | F45: 4 | G45: 4 | H45: 5 | I45: 5 | J45: 6 | K45: 6 | L45: 7 | M45: 7 | N45: 8 | O45: 8 | P45: 9 | Q45: 9
A46: dx | B46: dx | C46: dy | D46: dx | E46: dy | F46: dx | G46: dy | H46: dx | I46: dy | J46: dx | K46: dy | L46: dx | M46: dy | N46: dx | O46: dy | P46: dx | Q46: dy
B48: Nr | C48: X | D48: Y | E48: ∆X | F48: ∆Y | G48: d^2 | H48: A | I48: B
A49: Początek | B49: 5 | C49: =VLOOKUP(B49,'Wstepnewyjsciowy'!P5:R13,2,FALSE) | D49: =VLOOKUP(B49,'Wstepnewyjsciowy'!P5:R13,3,FALSE) | E49: =C50-C49 | F49: =D50-D49 | G49: =E49^2+F49^2 | H49: =F49/G49*(200/PI()*10000) | I49: =-E49/G49*200/PI()*10000
A50: Koniec | B50: 8 | C50: =VLOOKUP(B50,'Wstepnewyjsciowy'!P5:R13,2,FALSE) | D50: =VLOOKUP(B50,'Wstepnewyjsciowy'!P5:R13,3,FALSE) | H50: ρcc | I50: =200/PI()*10000
B53: xwyjść | C53: xakt | E53: mxwyjść | F53: mxakt | H53: k
A54: 5 | B54: =AQ9 | C54: =AQ32 | E54: =AS9 | F54: =AS32 | H54: 2.5
B55: =AQ10 | C55: =AQ33 | E55: =AS10 | F55: =AS33
A56: 6 | B56: =AQ11 | C56: =AQ34 | E56: =AS11 | F56: =AS34
B57: =AQ12 | C57: =AQ35 | E57: =AS12 | F57: =AS35
A58: 7 | B58: =AQ13 | C58: =AQ36 | E58: =AS13 | F58: =AS36
B59: =AQ14 | C59: =AQ37 | E59: =AS14 | F59: =AS37
A60: 8 | B60: =AQ15 | C60: =AQ38 | E60: =AS15 | F60: =AS38
B61: =AQ16 | C61: =AQ39 | E61: =AS16 | F61: =AS39
A62: 9 | B62: =AQ17 | C62: =AQ40 | E62: =AS17 | F62: =AS40
B63: =AQ18 | C63: =AQ41 | E63: =AS18 | F63: =AS41
A65: kierunek | D65: 5 | E65: 6
A66: kierunek | D66: 5 | E66: 9
A67: Nr | B67: ∆X | C67: σdx | D67: |ΔX|≤ kα*mΔx | E67: ∆Y | F67: σdy | G67: |ΔY|≤ kα*mΔx | H67: warunek
A68: Nr | B68: ∆X | C68: σdx | D68: Warunek |ΔX| | E68: ∆Y | F68: σdy | G68: Warunek |ΔY| | H68: warunek
A69: 5 | B69: 5.9841995e-19 | C69: 0 | D69: SPEŁNIA | E69: 4.6627096e-18 | F69: 0 | G69: SPEŁNIA | H69: SPEŁNIONY
A70: 6 | B70: 0.0036436083 | C70: 0.0027691632 | D70: NIESPEŁNIA | E70: 0.0040520989 | F70: 0.0021929492 | G70: NIESPEŁNIA | H70: NIESPEŁNIONY
A71: 7 | B71: -0.0015394506 | C71: 0.0013843438 | D71: NIESPEŁNIA | E71: -5.4594479e-06 | F71: 0.0021046917 | G71: SPEŁNIA | H71: NIESPEŁNIONY
A72: 8 | B72: -0.0035840665 | C72: 0.0027450774 | D72: NIESPEŁNIA | E72: 0.0017532476 | F72: 0.0026223743 | G72: SPEŁNIA | H72: NIESPEŁNIONY
A73: 9 | B73: -0.00022719891 | C73: 0.00018898997 | D73: NIESPEŁNIA | E73: 0.0026187664 | F73: 0.0021834541 | G73: NIESPEŁNIA | H73: NIESPEŁNIONY
A74: próba 1 | J74: próba 2 | S74: próba 3
A75: kierunek | D75: 6 | E75: 9 | J75: kierunek | M75: 8 | N75: 6 | S75: kierunek | V75: 6 | W75: 9
A77: Nr | B77: ∆X | C77: σdx | D77: Warunek |ΔX| | E77: ∆Y | F77: σdy | G77: Warunek |ΔY| | H77: warunek | J77: Nr | K77: ∆X | L77: σdx | M77: |ΔX|≤ kα*mΔx | N77: ∆Y | O77: σdy | P77: |ΔY|≤ kα*mΔx | Q77: warunek | S77: Nr | T77: ∆X | U77: σdx | V77: |ΔX|≤ kα*mΔx | W77: ∆Y | X77: σdy | Y77: |ΔY|≤ kα*mΔx | Z77: warunek
A78: 5 | B78: -0.0027936703 | C78: 0.00225786 | D78: NIESPEŁNIA | E78: -0.0022308031 | F78: 0.002110172 | G78: NIESPEŁNIA | H78: NIESPEŁNIONY | J78: 5 | K78: -0.0020921327 | L78: 0.00173506 | M78: NIE | N78: 0.0015311518 | O78: 0.002492791 | P78: TAK | Q78: źle | S78: 5 | T78: -0.0028077344 | U78: 0.00182095 | V78: NIE | W78: -0.0022353501 | X78: 0.0017019922 | Y78: NIE | Z78: źle
A79: 6 | B79: -2.2914144e-18 | C79: 0 | D79: SPEŁNIA | E79: 1.1510718e-18 | F79: 0 | G79: SPEŁNIA | H79: SPEŁNIONY | J79: 6 | K79: -3.3761315e-05 | L79: 2.6871516e-05 | M79: NIE | N79: 0.0021607242 | O79: 0.0019350274 | P79: NIE | Q79: źle | S79: 6 | T79: 7.7321419e-18 | U79: 0 | V79: TAK | W79: 7.5807621e-18 | X79: 0 | Y79: TAK | Z79: dobrze
A80: 7 | B80: -0.0030582139 | C80: 0.0017886176 | D80: NIESPEŁNIA | E80: -0.0036325893 | F80: 0.0018894849 | G80: NIESPEŁNIA | H80: NIESPEŁNIONY | J80: 7 | K80: -0.0012199672 | L80: 0.0015395479 | M80: TAK | N80: -0.0010920779 | O80: 0.0014547954 | P80: TAK | Q80: dobrze | S80: 7 | T80: -0.0030596133 | U80: 0.0014424564 | V80: NIE | W80: -0.0036274835 | X80: 0.001523878 | Y80: NIE | Z80: źle
A81: 8 | B81: -0.0033422438 | C81: 0.0029814071 | D81: NIESPEŁNIA | E81: -0.0022381414 | F81: 0.0023935889 | G81: SPEŁNIA | H81: NIESPEŁNIONY | J81: 8 | K81: 4.9575253e-18 | L81: 0 | M81: TAK | N81: 3.2936619e-18 | O81: 0 | P81: TAK | Q81: dobrze | S81: 8 | T81: -0.0033918979 | U81: 0.0024029882 | V81: NIE | W81: -0.0022142501 | X81: 0.0019304222 | Y81: NIE | Z81: źle
